city_id,city,country,latitude,longitude,year,population,source,coastal_intent,lake_intent
eridu|iraq,Eridu,Iraq,30.8158379,45.99607031,-3700,6000,modelski_ancient,0,0
eridu|iraq,Eridu,Iraq,30.8158379,45.99607031,-3500,10000,modelski_ancient,0,0
larak|iraq,Larak,Iraq,32.31273751,45.66099799,-3500,10000,modelski_ancient,0,0
uruk|iraq,Uruk,Iraq,31.322222,45.636111,-3500,14000,modelski_ancient,0,0
anshan|iran,Anshan,Iran,30.01201958,52.40857658,-3300,10000,modelski_ancient,0,0
eridu|iraq,Eridu,Iraq,30.8158379,45.99607031,-3300,10000,modelski_ancient,0,0
larak|iraq,Larak,Iraq,32.31273751,45.66099799,-3300,10000,modelski_ancient,0,0
uruk|iraq,Uruk,Iraq,31.322222,45.636111,-3300,40000,modelski_ancient,0,0
anshan|iran,Anshan,Iran,30.01201958,52.40857658,-3000,10000,modelski_ancient,0,0
eridu|iraq,Eridu,Iraq,30.8158379,45.99607031,-3000,10000,modelski_ancient,0,0
larak|iraq,Larak,Iraq,32.31273751,45.66099799,-3000,10000,modelski_ancient,0,0
uruk|iraq,Uruk,Iraq,31.322222,45.636111,-3000,40000,modelski_ancient,0,0
nagar|syria,Nagar,Syria,36.66739231,41.05865393,-3000,20000,modelski_ancient,0,0
anshan|iran,Anshan,Iran,30.01201958,52.40857658,-2800,10000,modelski_ancient,0,0
larak|iraq,Larak,Iraq,32.31273751,45.66099799,-2800,40000,modelski_ancient,0,0
uruk|iraq,Uruk,Iraq,31.322222,45.636111,-2800,80000,modelski_ancient,0,0
mari|syria,Mari,Syria,34.54962872,40.88925833,-2800,10000,modelski_ancient,0,0
nagar|syria,Nagar,Syria,36.66739231,41.05865393,-2800,20000,modelski_ancient,0,0
urkesh|syria,Urkesh,Syria,37.056944,40.997222,-2800,10000,modelski_ancient,0,0
memphis|egypt,Memphis,Egypt,29.844722,31.250833,-2500,30000,modelski_ancient,0,0
anshan|iran,Anshan,Iran,30.01201958,52.40857658,-2500,10000,modelski_ancient,0,0
shahr-e sukhteh|iran,Shahr-e Sukhteh,Iran,30.595278,61.326389,-2500,20000,modelski_ancient,0,0
adab|iraq,Adab,Iraq,31.94700807,45.96842134,-2500,20000,modelski_ancient,0,0
kish|iraq,Kish,Iraq,32.55217989,44.5856425,-2500,20000,modelski_ancient,0,0
lagash|iraq,Lagash,Iraq,31.41480316,46.40981591,-2500,60000,modelski_ancient,0,0
larak|iraq,Larak,Iraq,32.31273751,45.66099799,-2500,10000,modelski_ancient,0,0
nippur|iraq,Nippur,Iraq,32.12693858,45.23078534,-2500,20000,modelski_ancient,0,0
shuruppak|iraq,Shuruppak,Iraq,31.77736278,45.50976115,-2500,30000,modelski_ancient,0,0
uruk|iraq,Uruk,Iraq,31.322222,45.636111,-2500,40000,modelski_ancient,0,0
harappa|pakistan,Harappa,Pakistan,30.62983646,72.86614561,-2500,15000,modelski_ancient,0,0
mohenjodaro|pakistan,Mohenjodaro,Pakistan,27.32533494,68.13293014,-2500,20000,modelski_ancient,0,0
umma|sumer,Umma,Sumer,31.6211048,45.93344587,-2500,40000,modelski_ancient,0,0
ebla|syria,Ebla,Syria,35.79839754,36.79872812,-2500,30000,modelski_ancient,0,0
mari|syria,Mari,Syria,34.54962872,40.88925833,-2500,50000,modelski_ancient,0,0
nagar|syria,Nagar,Syria,36.66739231,41.05865393,-2500,15000,modelski_ancient,0,0
urkesh|syria,Urkesh,Syria,37.056944,40.997222,-2500,30000,modelski_ancient,0,0
memphis|egypt,Memphis,Egypt,29.844722,31.250833,-2400,30000,modelski_ancient,0,0
anshan|iran,Anshan,Iran,30.01201958,52.40857658,-2400,10000,modelski_ancient,0,0
shahr-e sukhteh|iran,Shahr-e Sukhteh,Iran,30.595278,61.326389,-2400,20000,modelski_ancient,0,0
adab|iraq,Adab,Iraq,31.94700807,45.96842134,-2400,10000,modelski_ancient,0,0
akshak|iraq,Akshak,Iraq,33.94720142,44.24471719,-2400,20000,modelski_ancient,0,0
girsu|iraq,Girsu,Iraq,31.56002579,46.1754283,-2400,40000,modelski_ancient,0,0
lagash|iraq,Lagash,Iraq,31.41480316,46.40981591,-2400,30000,modelski_ancient,0,0
larak|iraq,Larak,Iraq,32.31273751,45.66099799,-2400,10000,modelski_ancient,0,0
nippur|iraq,Nippur,Iraq,32.12693858,45.23078534,-2400,20000,modelski_ancient,0,0
shuruppak|iraq,Shuruppak,Iraq,31.77736278,45.50976115,-2400,10000,modelski_ancient,0,0
uruk|iraq,Uruk,Iraq,31.322222,45.636111,-2400,30000,modelski_ancient,0,0
harappa|pakistan,Harappa,Pakistan,30.62983646,72.86614561,-2400,20000,modelski_ancient,0,0
mohenjodaro|pakistan,Mohenjodaro,Pakistan,27.32533494,68.13293014,-2400,40000,modelski_ancient,0,0
umma|sumer,Umma,Sumer,31.6211048,45.93344587,-2400,40000,modelski_ancient,0,0
ebla|syria,Ebla,Syria,35.79839754,36.79872812,-2400,30000,modelski_ancient,0,0
mari|syria,Mari,Syria,34.54962872,40.88925833,-2400,50000,modelski_ancient,0,0
nagar|syria,Nagar,Syria,36.66739231,41.05865393,-2400,10000,modelski_ancient,0,0
urkesh|syria,Urkesh,Syria,37.056944,40.997222,-2400,30000,modelski_ancient,0,0
namazga-tepe|turkmenistan,Namazga-Tepe,Turkmenistan,37.372778,59.556944,-2400,10000,modelski_ancient,0,0
memphis|egypt,Memphis,Egypt,29.844722,31.250833,-2300,30000,modelski_ancient,0,0
dholavira|india,Dholavira,India,23.886111,70.216667,-2300,15000,modelski_ancient,0,0
rakhigarhi|india,Rakhigarhi,India,29.288611,76.113056,-2300,10000,modelski_ancient,0,0
anshan|iran,Anshan,Iran,30.01201958,52.40857658,-2300,10000,modelski_ancient,0,0
shahr-e sukhteh|iran,Shahr-e Sukhteh,Iran,30.595278,61.326389,-2300,10000,modelski_ancient,0,0
adab|iraq,Adab,Iraq,31.94700807,45.96842134,-2300,10000,modelski_ancient,0,0
girsu|iraq,Girsu,Iraq,31.56002579,46.1754283,-2300,80000,modelski_ancient,0,0
larak|iraq,Larak,Iraq,32.31273751,45.66099799,-2300,10000,modelski_ancient,0,0
nippur|iraq,Nippur,Iraq,32.12693858,45.23078534,-2300,30000,modelski_ancient,0,0
uruk|iraq,Uruk,Iraq,31.322222,45.636111,-2300,30000,modelski_ancient,0,0
harappa|pakistan,Harappa,Pakistan,30.62983646,72.86614561,-2300,20000,modelski_ancient,0,0
mohenjodaro|pakistan,Mohenjodaro,Pakistan,27.32533494,68.13293014,-2300,40000,modelski_ancient,0,0
umma|sumer,Umma,Sumer,31.6211048,45.93344587,-2300,40000,modelski_ancient,0,0
ebla|syria,Ebla,Syria,35.79839754,36.79872812,-2300,30000,modelski_ancient,0,0
mari|syria,Mari,Syria,34.54962872,40.88925833,-2300,50000,modelski_ancient,0,0
nagar|syria,Nagar,Syria,36.66739231,41.05865393,-2300,20000,modelski_ancient,0,0
urkesh|syria,Urkesh,Syria,37.056944,40.997222,-2300,20000,modelski_ancient,0,0
namazga-tepe|turkmenistan,Namazga-Tepe,Turkmenistan,37.372778,59.556944,-2300,10000,modelski_ancient,0,0
nippur|iraq,Nippur,Iraq,32.12693858,45.23078534,-2250,30000,chandler,0,0
ebla|syria,Ebla,Syria,35.79839754,36.79872812,-2250,30000,chandler,0,0
memphis|egypt,Memphis,Egypt,29.844722,31.250833,-2200,30000,modelski_ancient,0,0
dholavira|india,Dholavira,India,23.886111,70.216667,-2200,15000,modelski_ancient,0,0
rakhigarhi|india,Rakhigarhi,India,29.288611,76.113056,-2200,10000,modelski_ancient,0,0
anshan|iran,Anshan,Iran,30.01201958,52.40857658,-2200,10000,modelski_ancient,0,0
adab|iraq,Adab,Iraq,31.94700807,45.96842134,-2200,30000,modelski_ancient,0,0
akkad|iraq,Akkad,Iraq,32.77156192,44.32045916,-2200,30000,modelski_ancient,0,0
girsu|iraq,Girsu,Iraq,31.56002579,46.1754283,-2200,50000,modelski_ancient,0,0
nippur|iraq,Nippur,Iraq,32.12693858,45.23078534,-2200,30000,modelski_ancient,0,0
ur|iraq,Ur,Iraq,30.962659,46.10321,-2200,40000,modelski_ancient,0,0
harappa|pakistan,Harappa,Pakistan,30.62983646,72.86614561,-2200,20000,modelski_ancient,0,0
mohenjodaro|pakistan,Mohenjodaro,Pakistan,27.32533494,68.13293014,-2200,40000,modelski_ancient,0,0
umma|sumer,Umma,Sumer,31.6211048,45.93344587,-2200,10000,modelski_ancient,0,0
nagar|syria,Nagar,Syria,36.66739231,41.05865393,-2200,15000,modelski_ancient,0,0
namazga-tepe|turkmenistan,Namazga-Tepe,Turkmenistan,37.372778,59.556944,-2200,10000,modelski_ancient,0,0
dholavira|india,Dholavira,India,23.886111,70.216667,-2100,10000,modelski_ancient,0,0
rakhigarhi|india,Rakhigarhi,India,29.288611,76.113056,-2100,10000,modelski_ancient,0,0
anshan|iran,Anshan,Iran,30.01201958,52.40857658,-2100,10000,modelski_ancient,0,0
adab|iraq,Adab,Iraq,31.94700807,45.96842134,-2100,10000,modelski_ancient,0,0
girsu|iraq,Girsu,Iraq,31.56002579,46.1754283,-2100,80000,modelski_ancient,0,0
nippur|iraq,Nippur,Iraq,32.12693858,45.23078534,-2100,30000,modelski_ancient,0,0
ur|iraq,Ur,Iraq,30.962659,46.10321,-2100,100000,modelski_ancient,0,0
uruk|iraq,Uruk,Iraq,31.322222,45.636111,-2100,30000,modelski_ancient,0,0
harappa|pakistan,Harappa,Pakistan,30.62983646,72.86614561,-2100,15000,modelski_ancient,0,0
mohenjodaro|pakistan,Mohenjodaro,Pakistan,27.32533494,68.13293014,-2100,20000,modelski_ancient,0,0
umma|sumer,Umma,Sumer,31.6211048,45.93344587,-2100,20000,modelski_ancient,0,0
mari|syria,Mari,Syria,34.54962872,40.88925833,-2100,30000,modelski_ancient,0,0
nagar|syria,Nagar,Syria,36.66739231,41.05865393,-2100,10000,modelski_ancient,0,0
namazga-tepe|turkmenistan,Namazga-Tepe,Turkmenistan,37.372778,59.556944,-2100,10000,modelski_ancient,0,0
mundigak|afghanistan,Mundigak,Afghanistan,31.90671754,65.49785591,-2000,10000,modelski_ancient,0,0
memphis|egypt,Memphis,Egypt,29.844722,31.250833,-2000,60000,chandler,0,0
dholavira|india,Dholavira,India,23.886111,70.216667,-2000,10000,modelski_ancient,0,0
rakhigarhi|india,Rakhigarhi,India,29.288611,76.113056,-2000,10000,modelski_ancient,0,0
anshan|iran,Anshan,Iran,30.01201958,52.40857658,-2000,10000,modelski_ancient,0,0
susa|iran,Susa,Iran,32.19085,48.246028,-2000,25000,modelski_ancient,0,0
adab|iraq,Adab,Iraq,31.94700807,45.96842134,-2000,10000,modelski_ancient,0,0
girsu|iraq,Girsu,Iraq,31.56002579,46.1754283,-2000,40000,modelski_ancient,0,0
isin|iraq,Isin,Iraq,31.88487801,45.2692575,-2000,40000,modelski_ancient,0,0
larsa|iraq,Larsa,Iraq,31.28397535,45.85304653,-2000,40000,modelski_ancient,0,0
nippur|iraq,Nippur,Iraq,32.12693858,45.23078534,-2000,30000,modelski_ancient,0,0
ur|iraq,Ur,Iraq,30.962659,46.10321,-2000,20000,modelski_ancient,0,0
uruk|iraq,Uruk,Iraq,31.322222,45.636111,-2000,30000,modelski_ancient,0,0
harappa|pakistan,Harappa,Pakistan,30.62983646,72.86614561,-2000,10000,modelski_ancient,0,0
mohenjodaro|pakistan,Mohenjodaro,Pakistan,27.32533494,68.13293014,-2000,10000,modelski_ancient,0,0
umma|sumer,Umma,Sumer,31.6211048,45.93344587,-2000,25000,modelski_ancient,0,0
mari|syria,Mari,Syria,34.54962872,40.88925833,-2000,30000,modelski_ancient,0,0
namazga-tepe|turkmenistan,Namazga-Tepe,Turkmenistan,37.372778,59.556944,-2000,10000,modelski_ancient,0,0
mundigak|afghanistan,Mundigak,Afghanistan,31.90671754,65.49785591,-1900,10000,modelski_ancient,0,0
elephantine|egypt,Elephantine,Egypt,24.083333,32.883333,-1900,16000,modelski_ancient,0,0
adab|iraq,Adab,Iraq,31.94700807,45.96842134,-1900,10000,modelski_ancient,0,0
assur|iraq,Assur,Iraq,35.456667,43.2625,-1900,10000,modelski_ancient,0,0
dilmun|iraq,Dilmun,Iraq,26.12163972,50.49894117,-1900,10000,modelski_ancient,1,0
isin|iraq,Isin,Iraq,31.88487801,45.2692575,-1900,40000,modelski_ancient,0,0
larsa|iraq,Larsa,Iraq,31.28397535,45.85304653,-1900,40000,modelski_ancient,0,0
nippur|iraq,Nippur,Iraq,32.12693858,45.23078534,-1900,20000,modelski_ancient,0,0
ur|iraq,Ur,Iraq,30.962659,46.10321,-1900,10000,modelski_ancient,0,0
uruk|iraq,Uruk,Iraq,31.322222,45.636111,-1900,30000,modelski_ancient,0,0
ebla|syria,Ebla,Syria,35.79839754,36.79872812,-1900,10000,modelski_ancient,0,0
mari|syria,Mari,Syria,34.54962872,40.88925833,-1900,30000,modelski_ancient,0,0
nagar|syria,Nagar,Syria,36.66739231,41.05865393,-1900,10000,modelski_ancient,0,0
mundigak|afghanistan,Mundigak,Afghanistan,31.90671754,65.49785591,-1800,10000,modelski_ancient,0,0
avaris|egypt,Avaris,Egypt,30.78629566,31.82221773,-1800,20000,modelski_ancient,0,0
elephantine|egypt,Elephantine,Egypt,24.083333,32.883333,-1800,16000,modelski_ancient,0,0
memphis|egypt,Memphis,Egypt,29.844722,31.250833,-1800,30000,modelski_ancient,0,0
thebes|egypt,Thebes,Egypt,25.720556,32.610278,-1800,10000,modelski_ancient,0,0
anshan|iran,Anshan,Iran,30.01201958,52.40857658,-1800,10000,modelski_ancient,0,0
susa|iran,Susa,Iran,32.19085,48.246028,-1800,10000,modelski_ancient,0,0
adab|iraq,Adab,Iraq,31.94700807,45.96842134,-1800,10000,modelski_ancient,0,0
assur|iraq,Assur,Iraq,35.456667,43.2625,-1800,15000,modelski_ancient,0,0
isin|iraq,Isin,Iraq,31.88487801,45.2692575,-1800,20000,modelski_ancient,0,0
larsa|iraq,Larsa,Iraq,31.28397535,45.85304653,-1800,40000,modelski_ancient,0,0
nippur|iraq,Nippur,Iraq,32.12693858,45.23078534,-1800,20000,modelski_ancient,0,0
hazor|israel,Hazor,Israel,33.01745538,35.5685014,-1800,16000,modelski_ancient,0,0
mohenjodaro|pakistan,Mohenjodaro,Pakistan,27.32533494,68.13293014,-1800,20000,chandler,0,0
umma|sumer,Umma,Sumer,31.6211048,45.93344587,-1800,40000,modelski_ancient,0,0
ebla|syria,Ebla,Syria,35.79839754,36.79872812,-1800,10000,modelski_ancient,0,0
mari|syria,Mari,Syria,34.54962872,40.88925833,-1800,60000,modelski_ancient,0,0
qatna|syria,Qatna,Syria,34.835,36.865833,-1800,20000,modelski_ancient,0,0
shehna|syria,Shehna,Syria,36.957222,41.505278,-1800,10000,modelski_ancient,0,0
erlitou|china,Erlitou,China,34.701758,112.697078,-1700,40000,modelski_ancient,0,0
avaris|egypt,Avaris,Egypt,30.78629566,31.82221773,-1700,20000,modelski_ancient,0,0
elephantine|egypt,Elephantine,Egypt,24.083333,32.883333,-1700,16000,modelski_ancient,0,0
thebes|egypt,Thebes,Egypt,25.720556,32.610278,-1700,10000,modelski_ancient,0,0
knossos|greece,Knossos,Greece,35.2979516,25.16329744,-1700,15000,modelski_ancient,1,0
susa|iran,Susa,Iran,32.19085,48.246028,-1700,10000,modelski_ancient,0,0
assur|iraq,Assur,Iraq,35.456667,43.2625,-1700,10000,modelski_ancient,0,0
babylon|iraq,Babylon,Iraq,32.536389,44.420833,-1700,60000,modelski_ancient,0,0
ebla|syria,Ebla,Syria,35.79839754,36.79872812,-1700,10000,modelski_ancient,0,0
qatna|syria,Qatna,Syria,34.835,36.865833,-1700,20000,modelski_ancient,0,0
bo|china,Bo ,China,34.733333,112.783333,-1600,24000,modelski_ancient,0,0
avaris|egypt,Avaris,Egypt,30.78629566,31.82221773,-1600,50000,modelski_ancient,0,0
thebes|egypt,Thebes,Egypt,25.720556,32.610278,-1600,10000,modelski_ancient,0,0
knossos|greece,Knossos,Greece,35.2979516,25.16329744,-1600,15000,modelski_ancient,1,0
susa|iran,Susa,Iran,32.19085,48.246028,-1600,10000,modelski_ancient,0,0
assur|iraq,Assur,Iraq,35.456667,43.2625,-1600,10000,modelski_ancient,0,0
babylon|iraq,Babylon,Iraq,32.536389,44.420833,-1600,60000,modelski_ancient,0,0
hazor|israel,Hazor,Israel,33.01745538,35.5685014,-1600,20000,modelski_ancient,0,0
qatna|syria,Qatna,Syria,34.835,36.865833,-1600,20000,modelski_ancient,0,0
hattusa|turkey,Hattusa,Turkey,40.021111,34.609722,-1600,30000,modelski_ancient,0,0
carchemish|turkey/syria,Carchemish,Turkey/Syria,36.829722,38.015,-1600,20000,modelski_ancient,0,0
thebes|egypt,Thebes,Egypt,25.720556,32.610278,-1500,60000,modelski_ancient,0,0
akrotiri|greece,Akrotiri,Greece,36.351389,25.403611,-1500,20000,modelski_ancient,0,0
knossos|greece,Knossos,Greece,35.2979516,25.16329744,-1500,50000,modelski_ancient,1,0
susa|iran,Susa,Iran,32.19085,48.246028,-1500,10000,modelski_ancient,0,0
assur|iraq,Assur,Iraq,35.456667,43.2625,-1500,10000,modelski_ancient,0,0
carchemish|turkey/syria,Carchemish,Turkey/Syria,36.829722,38.015,-1500,10000,modelski_ancient,0,0
ao|china,Ao,China,34.766667,113.65,-1400,32000,modelski_ancient,0,0
kition|cyprus,Kition,Cyprus,34.916667,33.633333,-1400,30000,modelski_ancient,0,0
heliopolis|egypt,Heliopolis,Egypt,30.129528,31.288889,-1400,30000,modelski_ancient,0,0
thebes|egypt,Thebes,Egypt,25.720556,32.610278,-1400,80000,modelski_ancient,0,0
susa|iran,Susa,Iran,32.19085,48.246028,-1400,10000,modelski_ancient,0,0
assur|iraq,Assur,Iraq,35.456667,43.2625,-1400,10000,modelski_ancient,0,0
nippur|iraq,Nippur,Iraq,32.12693858,45.23078534,-1400,20000,modelski_ancient,0,0
uruk|iraq,Uruk,Iraq,31.322222,45.636111,-1400,30000,modelski_ancient,0,0
ugarit|syria,Ugarit,Syria,35.60228865,35.78656277,-1400,10000,modelski_ancient,1,0
carchemish|turkey/syria,Carchemish,Turkey/Syria,36.829722,38.015,-1400,10000,modelski_ancient,0,0
jarkutan|uzbekistan,Jarkutan,Uzbekistan,39.750833,68.775833,-1400,20000,modelski_ancient,0,0
ao|china,Ao,China,34.766667,113.65,-1360,32000,chandler,0,0
amarna|egypt,Amarna,Egypt,27.64528963,30.89624244,-1360,30000,chandler,0,0
heliopolis|egypt,Heliopolis,Egypt,30.129528,31.288889,-1360,30000,chandler,0,0
memphis|egypt,Memphis,Egypt,29.844722,31.250833,-1360,32000,chandler,0,0
thebes|egypt,Thebes,Egypt,25.720556,32.610278,-1360,80000,chandler,0,0
knossos|greece,Knossos,Greece,35.2979516,25.16329744,-1360,30000,chandler,1,0
mycenae|greece,Mycenae,Greece,37.73038721,22.75788116,-1360,30000,chandler,1,0
dur-kurigalzu|iraq,Dur-Kurigalzu,Iraq,33.35355825,44.20235367,-1360,40000,chandler,0,0
uruk|iraq,Uruk,Iraq,31.322222,45.636111,-1360,25000,chandler,0,0
hazor|israel,Hazor,Israel,33.01745538,35.5685014,-1360,24000,chandler,0,0
ugarit|syria,Ugarit,Syria,35.60228865,35.78656277,-1360,24000,chandler,1,0
hattusa|turkey,Hattusa,Turkey,40.021111,34.609722,-1360,45000,chandler,0,0
yin|china,Yin,China,36.139444,114.303056,-1300,120000,modelski_ancient,0,0
kition|cyprus,Kition,Cyprus,34.916667,33.633333,-1300,30000,modelski_ancient,0,0
heliopolis|egypt,Heliopolis,Egypt,30.129528,31.288889,-1300,30000,modelski_ancient,0,0
hermopolis|egypt,Hermopolis,Egypt,27.781389,30.803889,-1300,30000,modelski_ancient,0,0
thebes|egypt,Thebes,Egypt,25.720556,32.610278,-1300,80000,modelski_ancient,0,0
susa|iran,Susa,Iran,32.19085,48.246028,-1300,10000,modelski_ancient,0,0
assur|iraq,Assur,Iraq,35.456667,43.2625,-1300,15000,modelski_ancient,0,0
nippur|iraq,Nippur,Iraq,32.12693858,45.23078534,-1300,30000,modelski_ancient,0,0
uruk|iraq,Uruk,Iraq,31.322222,45.636111,-1300,30000,modelski_ancient,0,0
ugarit|syria,Ugarit,Syria,35.60228865,35.78656277,-1300,10000,modelski_ancient,1,0
hattusa|turkey,Hattusa,Turkey,40.021111,34.609722,-1300,60000,modelski_ancient,0,0
sapinuwa|turkey,Sapinuwa,Turkey,40.266667,35.25,-1300,75000,modelski_ancient,0,0
troy|turkey,Troy,Turkey,39.9575,26.238889,-1300,10000,modelski_ancient,1,0
carchemish|turkey/syria,Carchemish,Turkey/Syria,36.829722,38.015,-1300,10000,modelski_ancient,0,0
jarkutan|uzbekistan,Jarkutan,Uzbekistan,39.750833,68.775833,-1300,20000,modelski_ancient,0,0
sanxingdui|china,Sanxingdui,China,30.993,104.2,-1200,35000,modelski_ancient,0,0
yin|china,Yin,China,36.139444,114.303056,-1200,120000,modelski_ancient,0,0
heliopolis|egypt,Heliopolis,Egypt,30.129528,31.288889,-1200,30000,modelski_ancient,0,0
hermopolis|egypt,Hermopolis,Egypt,27.781389,30.803889,-1200,30000,modelski_ancient,0,0
memphis|egypt,Memphis,Egypt,29.844722,31.250833,-1200,75000,modelski_ancient,0,0
pi-ramesses|egypt,Pi-Ramesses,Egypt,30.798889,31.835833,-1200,160000,modelski_ancient,0,0
thebes|egypt,Thebes,Egypt,25.720556,32.610278,-1200,150000,modelski_ancient,0,0
argos|greece,Argos,Greece,37.63333,22.73333,-1200,24000,chandler,1,0
mycenae|greece,Mycenae,Greece,37.73038721,22.75788116,-1200,30000,modelski_ancient,1,0
susa|iran,Susa,Iran,32.19085,48.246028,-1200,20000,modelski_ancient,0,0
assur|iraq,Assur,Iraq,35.456667,43.2625,-1200,20000,modelski_ancient,0,0
babylon|iraq,Babylon,Iraq,32.536389,44.420833,-1200,75000,modelski_ancient,0,0
dur-kurigalzu|iraq,Dur-Kurigalzu,Iraq,33.35355825,44.20235367,-1200,40000,chandler,0,0
isin|iraq,Isin,Iraq,31.88487801,45.2692575,-1200,40000,modelski_ancient,0,0
nippur|iraq,Nippur,Iraq,32.12693858,45.23078534,-1200,20000,modelski_ancient,0,0
ugarit|syria,Ugarit,Syria,35.60228865,35.78656277,-1200,10000,modelski_ancient,1,0
hattusa|turkey,Hattusa,Turkey,40.021111,34.609722,-1200,60000,modelski_ancient,0,0
sapinuwa|turkey,Sapinuwa,Turkey,40.266667,35.25,-1200,60000,modelski_ancient,0,0
heliopolis|egypt,Heliopolis,Egypt,30.129528,31.288889,-1100,20000,modelski_ancient,0,0
memphis|egypt,Memphis,Egypt,29.844722,31.250833,-1100,100000,modelski_ancient,0,0
pi-ramesses|egypt,Pi-Ramesses,Egypt,30.798889,31.835833,-1100,120000,modelski_ancient,0,0
thebes|egypt,Thebes,Egypt,25.720556,32.610278,-1100,100000,modelski_ancient,0,0
assur|iraq,Assur,Iraq,35.456667,43.2625,-1100,12000,modelski_ancient,0,0
babylon|iraq,Babylon,Iraq,32.536389,44.420833,-1100,75000,modelski_ancient,0,0
pyongyang|dem. people's republic of korea,Pyongyang,Dem. People's Republic of Korea,39.03385,125.75432,-1000,25000,chandler,0,0
heliopolis|egypt,Heliopolis,Egypt,30.129528,31.288889,-1000,20000,modelski_ancient,0,0
memphis|egypt,Memphis,Egypt,29.844722,31.250833,-1000,100000,modelski_ancient,0,0
thebes|egypt,Thebes,Egypt,25.720556,32.610278,-1000,120000,modelski_ancient,0,0
susa|iran,Susa,Iran,32.19085,48.246028,-1000,25000,chandler,0,0
assur|iraq,Assur,Iraq,35.456667,43.2625,-1000,12000,modelski_ancient,0,0
babylon|iraq,Babylon,Iraq,32.536389,44.420833,-1000,100000,modelski_ancient,0,0
memphis|egypt,Memphis,Egypt,29.844722,31.250833,-900,100000,modelski_ancient,0,0
thebes|egypt,Thebes,Egypt,25.720556,32.610278,-900,100000,modelski_ancient,0,0
tikal|guatemala,Tikal,Guatemala,17.222094,-89.623614,-900,100000,modelski_ancient,0,0
babylon|iraq,Babylon,Iraq,32.536389,44.420833,-900,100000,modelski_ancient,0,0
caracol|mexico,Caracol,Mexico,20.6792,-88.5707,-900,100000,modelski_ancient,0,0
teotihuacan|mexico,Teotihuacan,Mexico,19.69291001,-98.84606,-900,100000,modelski_ancient,0,0
pyongyang|dem. people's republic of korea,Pyongyang,Dem. People's Republic of Korea,39.03385,125.75432,-800,25000,chandler,0,0
memphis|egypt,Memphis,Egypt,29.844722,31.250833,-800,100000,modelski_ancient,0,0
thebes|egypt,Thebes,Egypt,25.720556,32.610278,-800,100000,modelski_ancient,0,0
tikal|guatemala,Tikal,Guatemala,17.222094,-89.623614,-800,100000,modelski_ancient,0,0
susa|iran,Susa,Iran,32.19085,48.246028,-800,27000,chandler,0,0
babylon|iraq,Babylon,Iraq,32.536389,44.420833,-800,100000,modelski_ancient,0,0
nimrud|iraq,Nimrud,Iraq,36.09813154,43.32875612,-800,50000,chandler,0,0
jerusalem|israel,Jerusalem,Israel,31.76904,35.21633,-800,36000,chandler,0,0
caracol|mexico,Caracol,Mexico,20.6792,-88.5707,-800,100000,modelski_ancient,0,0
teotihuacan|mexico,Teotihuacan,Mexico,19.69291001,-98.84606,-800,150000,modelski_ancient,0,0
samarkand|uzbekistan,Samarkand,Uzbekistan,39.6576,66.947561,-712,45000,chandler,0,0
linzi|china,Linzi,China,36.8167,118.3,-700,100000,modelski_ancient,0,0
memphis|egypt,Memphis,Egypt,29.844722,31.250833,-700,100000,modelski_ancient,0,0
thebes|egypt,Thebes,Egypt,25.720556,32.610278,-700,100000,modelski_ancient,0,0
babylon|iraq,Babylon,Iraq,32.536389,44.420833,-700,100000,modelski_ancient,0,0
nineveh|iraq,Nineveh,Iraq,36.359444,43.152778,-700,100000,modelski_ancient,0,0
caracol|mexico,Caracol,Mexico,20.6792,-88.5707,-700,140000,modelski_ancient,0,0
teotihuacan|mexico,Teotihuacan,Mexico,19.69291001,-98.84606,-700,100000,modelski_ancient,0,0
pyongyang|dem. people's republic of korea,Pyongyang,Dem. People's Republic of Korea,39.03385,125.75432,-650,30000,chandler,0,0
susa|iran,Susa,Iran,32.19085,48.246028,-650,30000,chandler,0,0
babylon|iraq,Babylon,Iraq,32.536389,44.420833,-650,60000,chandler,0,0
nimrud|iraq,Nimrud,Iraq,36.09813154,43.32875612,-650,40000,chandler,0,0
nineveh|iraq,Nineveh,Iraq,36.359444,43.152778,-650,120000,chandler,0,0
jerusalem|israel,Jerusalem,Israel,31.76904,35.21633,-650,45000,chandler,0,0
miletus|turkey,Miletus,Turkey,37.530278,27.278333,-650,50000,chandler,1,0
mareb|yemen,Mareb,Yemen,15.40427477,45.355823,-650,45000,chandler,0,0
linzi|china,Linzi,China,36.8167,118.3,-600,100000,modelski_ancient,0,0
luoyang|china,Luoyang,China,34.669722,112.442222,-600,200000,modelski_ancient,0,0
tikal|guatemala,Tikal,Guatemala,17.222094,-89.623614,-600,100000,modelski_ancient,0,0
babylon|iraq,Babylon,Iraq,32.536389,44.420833,-600,200000,modelski_ancient,0,0
caracol|mexico,Caracol,Mexico,20.6792,-88.5707,-600,100000,modelski_ancient,0,0
teotihuacan|mexico,Teotihuacan,Mexico,19.69291001,-98.84606,-600,100000,modelski_ancient,0,0
carthage|tunisia,Carthage,Tunisia,36.8581,10.3308,-600,100000,modelski_ancient,0,1
tiahuanaco|bolivia,Tiahuanaco,Bolivia,-16.55228,-68.67953,-500,100000,modelski_ancient,0,1
anyi|china,Anyi,China,28.8389,115.599,-500,100000,modelski_ancient,0,0
linzi|china,Linzi,China,36.8167,118.3,-500,200000,modelski_ancient,0,0
luoyang|china,Luoyang,China,34.669722,112.442222,-500,200000,modelski_ancient,0,0
qufu|china,Qufu,China,35.6,117.033333,-500,100000,modelski_ancient,0,0
shangqi|china,Shangqi,China,31.22222,121.45806,-500,100000,modelski_ancient,0,0
memphis|egypt,Memphis,Egypt,29.844722,31.250833,-500,100000,modelski_ancient,0,0
syracuse|greece,Syracuse,Greece,37.06082237,15.29420264,-500,100000,modelski_ancient,0,0
rajagriha|india,Rajagriha,India,25.03,85.42,-500,100000,modelski_ancient,0,0
ecbatana|iran,Ecbatana,Iran,34.8053317919,48.51738769,-500,100000,modelski_ancient,0,0
babylon|iraq,Babylon,Iraq,32.536389,44.420833,-500,200000,modelski_ancient,0,0
rome|italy,Rome,Italy,41.89474,12.4839,-500,100000,modelski_ancient,0,0
caracol|mexico,Caracol,Mexico,20.6792,-88.5707,-500,100000,modelski_ancient,0,0
carthage|tunisia,Carthage,Tunisia,36.8581,10.3308,-500,100000,modelski_ancient,0,1
changsha|china,Changsha,China,28.196111,112.972222,-430,40000,chandler,0,0
luoyang|china,Luoyang,China,34.669722,112.442222,-430,100000,chandler,0,0
suzhou|china,Suzhou,China,31.3,120.6,-430,60000,chandler,0,0
memphis|egypt,Memphis,Egypt,29.844722,31.250833,-430,100000,chandler,0,0
argos|greece,Argos,Greece,37.63333,22.73333,-430,40000,chandler,1,0
athens|greece,Athens,Greece,37.97945,23.71622,-430,155000,chandler,1,0
kerkira|greece,Kerkira,Greece,39.583333,19.866667,-430,35000,chandler,1,0
syracuse|greece,Syracuse,Greece,37.06082237,15.29420264,-430,125000,chandler,0,0
patna|india,Patna,India,25.610533,85.14145,-430,100000,chandler,0,0
varanasi|india,Varanasi,India,25.317645,82.973914,-430,54000,chandler,0,0
ecbatana|iran,Ecbatana,Iran,34.8053317919,48.51738769,-430,90000,chandler,0,0
perspolis|iran,Perspolis,Iran,29.93448748,52.89096558,-430,50000,chandler,0,0
susa|iran,Susa,Iran,32.19085,48.246028,-430,70000,chandler,0,0
babylon|iraq,Babylon,Iraq,32.536389,44.420833,-430,200000,chandler,0,0
jerusalem|israel,Jerusalem,Israel,31.76904,35.21633,-430,49000,chandler,0,0
crotone|italy,Crotone,Italy,39.08144536,17.12880422,-430,35000,chandler,1,0
rome|italy,Rome,Italy,41.89474,12.4839,-430,35000,chandler,0,0
taranto|italy,Taranto,Italy,40.47054509,17.24555378,-430,40000,chandler,1,0
sidon|lebanon,Sidon,Lebanon,33.55993,35.37564,-430,36000,chandler,1,0
tyre|lebanon,Tyre,Lebanon,33.27333,35.19389,-430,35000,chandler,0,0
cyrene|libya,Cyrene,Libya,32.81901498,21.85583296,-430,35000,chandler,1,1
damascus|syria,Damascus,Syria,33.5102,36.29128,-430,30000,chandler,0,0
carthage|tunisia,Carthage,Tunisia,36.8581,10.3308,-430,50000,chandler,0,1
sardis|turkey,Sardis,Turkey,38.48226723,28.04759086,-430,35000,chandler,0,0
anyi|china,Anyi,China,28.8389,115.599,-400,100000,modelski_ancient,0,0
kaifeng|china,Kaifeng,China,34.7986,114.30742,-400,200000,modelski_ancient,0,0
linzi|china,Linzi,China,36.8167,118.3,-400,200000,modelski_ancient,0,0
luoyang|china,Luoyang,China,34.669722,112.442222,-400,200000,modelski_ancient,0,0
qufu|china,Qufu,China,35.6,117.033333,-400,100000,modelski_ancient,0,0
shangqi|china,Shangqi,China,31.22222,121.45806,-400,130000,modelski_ancient,0,0
suzhou|china,Suzhou,China,31.3,120.6,-400,100000,modelski_ancient,0,0
yiyang|china,Yiyang,China,28.583333,112.333333,-400,100000,modelski_ancient,0,0
memphis|egypt,Memphis,Egypt,29.844722,31.250833,-400,100000,modelski_ancient,0,0
athens|greece,Athens,Greece,37.97945,23.71622,-400,100000,modelski_ancient,1,0
syracuse|greece,Syracuse,Greece,37.06082237,15.29420264,-400,120000,modelski_ancient,0,0
pataliputra|india,Pataliputra,India,25.611,85.144,-400,100000,modelski_ancient,0,0
vaishali|india,Vaishali,India,25.6833,85.081782,-400,100000,modelski_ancient,0,0
ecbatana|iran,Ecbatana,Iran,34.8053317919,48.51738769,-400,100000,modelski_ancient,0,0
babylon|iraq,Babylon,Iraq,32.536389,44.420833,-400,200000,modelski_ancient,0,0
rome|italy,Rome,Italy,41.89474,12.4839,-400,150000,modelski_ancient,0,0
carthage|tunisia,Carthage,Tunisia,36.8581,10.3308,-400,200000,modelski_ancient,0,1
samarkand|uzbekistan,Samarkand,Uzbekistan,39.6576,66.947561,-400,100000,modelski_ancient,0,0
anyi|china,Anyi,China,28.8389,115.599,-300,100000,modelski_ancient,0,0
linzi|china,Linzi,China,36.8167,118.3,-300,350000,modelski_ancient,0,0
luoyang|china,Luoyang,China,34.669722,112.442222,-300,250000,modelski_ancient,0,0
qufu|china,Qufu,China,35.6,117.033333,-300,180000,modelski_ancient,0,0
shangqi|china,Shangqi,China,31.22222,121.45806,-300,100000,modelski_ancient,0,0
suzhou|china,Suzhou,China,31.3,120.6,-300,100000,modelski_ancient,0,0
xianyang|china,Xianyang,China,34.35,108.716667,-300,100000,modelski_ancient,0,0
yiyang|china,Yiyang,China,28.583333,112.333333,-300,200000,modelski_ancient,0,0
alexandria|egypt,Alexandria,Egypt,31.200092,29.918739,-300,300000,modelski_ancient,1,0
memphis|egypt,Memphis,Egypt,29.844722,31.250833,-300,100000,modelski_ancient,0,0
syracuse|greece,Syracuse,Greece,37.06082237,15.29420264,-300,200000,modelski_ancient,0,0
pataliputra|india,Pataliputra,India,25.611,85.144,-300,400000,modelski_ancient,0,0
vaishali|india,Vaishali,India,25.6833,85.081782,-300,200000,modelski_ancient,0,0
babylon|iraq,Babylon,Iraq,32.536389,44.420833,-300,100000,modelski_ancient,0,0
seleucia|iraq,Seleucia,Iraq,33.094444,44.522222,-300,100000,modelski_ancient,0,0
jerusalem|israel,Jerusalem,Israel,31.76904,35.21633,-300,100000,modelski_ancient,0,0
capua|italy,Capua,Italy,41.09971,14.22013,-300,100000,modelski_ancient,0,0
rome|italy,Rome,Italy,41.89474,12.4839,-300,250000,modelski_ancient,0,0
tollan|mexico,Tollan,Mexico,20.06369902,-99.3409691,-300,100000,modelski_ancient,0,0
taxilla|pakistan,Taxilla,Pakistan,33.75743141,72.82952293,-300,100000,modelski_ancient,0,0
carthage|tunisia,Carthage,Tunisia,36.8581,10.3308,-300,500000,modelski_ancient,0,1
samarkand|uzbekistan,Samarkand,Uzbekistan,39.6576,66.947561,-300,100000,modelski_ancient,0,0
balkh|afghanistan,Balkh,Afghanistan,36.75635,66.8972,-200,75000,chandler,0,0
changsha|china,Changsha,China,28.196111,112.972222,-200,38000,chandler,0,0
linzi|china,Linzi,China,36.8167,118.3,-200,100000,modelski_ancient,0,0
luoyang|china,Luoyang,China,34.669722,112.442222,-200,200000,modelski_ancient,0,0
xian|china,Xian,China,34.341485,108.940404,-200,100000,modelski_ancient,0,0
xianyang|china,Xianyang,China,34.35,108.716667,-200,100000,modelski_ancient,0,0
alexandria|egypt,Alexandria,Egypt,31.200092,29.918739,-200,600000,modelski_ancient,1,0
rhodes|greece,Rhodes,Greece,36.4333,28.2167,-200,42000,chandler,0,0
syracuse|greece,Syracuse,Greece,37.06082237,15.29420264,-200,100000,chandler,0,0
paithan|india,Paithan,India,19.47506,75.38558,-200,60000,chandler,0,0
pataliputra|india,Pataliputra,India,25.611,85.144,-200,350000,modelski_ancient,0,0
patna|india,Patna,India,25.610533,85.14145,-200,350000,chandler,0,0
ujjain|india,Ujjain,India,23.18239,75.77643,-200,100000,modelski_ancient,0,0
vaishali|india,Vaishali,India,25.6833,85.081782,-200,100000,modelski_ancient,0,0
seleucia|iraq,Seleucia,Iraq,33.094444,44.522222,-200,200000,modelski_ancient,0,0
jerusalem|israel,Jerusalem,Israel,31.76904,35.21633,-200,100000,modelski_ancient,0,0
olbia|italy,Olbia,Italy,40.9167,9.5,-200,30000,chandler,1,0
rome|italy,Rome,Italy,41.89474,12.4839,-200,210000,modelski_ancient,0,0
cyrene|libya,Cyrene,Libya,32.81901498,21.85583296,-200,30000,chandler,1,1
izapa|mexico,Izapa,Mexico,14.92339814,-92.17999,-200,35000,chandler,0,0
tres zapotes|mexico,Tres Zapotes,Mexico,18.466667,-95.433333,-200,30000,chandler,0,0
taxilla|pakistan,Taxilla,Pakistan,33.75743141,72.82952293,-200,150000,modelski_ancient,0,0
antioch|syria/turkey,Antioch,Syria/Turkey,36.20655,36.15722,-200,120000,chandler,0,0
carthage|tunisia,Carthage,Tunisia,36.8581,10.3308,-200,200000,modelski_ancient,0,1
antioch|turkey,Antioch,Turkey,36.20655,36.15722,-200,100000,modelski_ancient,0,0
ephesus|turkey,Ephesus,Turkey,37.94049284,27.34104109,-200,100000,modelski_ancient,1,0
pergamum|turkey,Pergamum,Turkey,39.13225127,27.1836318,-200,200000,modelski_ancient,0,0
chengdu|china,Chengdu,China,30.66667,104.06667,-100,70000,chandler,0,0
duhuang|china,Duhuang,China,40.15,94.666667,-100,32000,chandler,0,0
linzi|china,Linzi,China,36.8167,118.3,-100,100000,modelski_ancient,0,0
luoyang|china,Luoyang,China,34.669722,112.442222,-100,200000,modelski_ancient,0,0
qufu|china,Qufu,China,35.6,117.033333,-100,100000,modelski_ancient,0,0
xian|china,Xian,China,34.341485,108.940404,-100,400000,modelski_ancient,0,0
alexandria|egypt,Alexandria,Egypt,31.200092,29.918739,-100,1000000,modelski_ancient,1,0
lyon|france,Lyon,France,45.74846,4.84671,-100,50000,chandler,0,0
nimes|france,Nimes,France,43.83333,4.35,-100,44000,chandler,0,0
athens|greece,Athens,Greece,37.97945,23.71622,-100,75000,chandler,1,0
corinth|greece,Corinth,Greece,37.938636,22.932228,-100,50000,chandler,1,0
gortyn|greece,Gortyn,Greece,35.06262738,24.94680958,-100,30000,chandler,1,0
thessaloniki|greece,Thessaloniki,Greece,40.63935,22.944606,-100,35000,chandler,1,0
pataliputra|india,Pataliputra,India,25.611,85.144,-100,200000,modelski_ancient,0,0
vaishali|india,Vaishali,India,25.6833,85.081782,-100,100000,modelski_ancient,0,0
seleucia|iraq,Seleucia,Iraq,33.094444,44.522222,-100,300000,modelski_ancient,0,0
jerusalem|israel,Jerusalem,Israel,31.76904,35.21633,-100,100000,modelski_ancient,0,0
capua|italy,Capua,Italy,41.09971,14.22013,-100,36000,chandler,0,0
milan|italy,Milan,Italy,45.465453,9.198786,-100,30000,chandler,0,0
rome|italy,Rome,Italy,41.89474,12.4839,-100,400000,modelski_ancient,0,0
teotihuacan|mexico,Teotihuacan,Mexico,19.69291001,-98.84606,-100,45000,chandler,0,0
taxilla|pakistan,Taxilla,Pakistan,33.75743141,72.82952293,-100,150000,modelski_ancient,0,0
cadiz|spain,Cadiz,Spain,36.52978,-6.29465,-100,62000,chandler,0,0
anuradhapura|sri lanka,Anuradhapura,Sri Lanka,8.31223,80.41306,-100,100000,modelski_ancient,0,0
antioch|syria/turkey,Antioch,Syria/Turkey,36.20655,36.15722,-100,150000,chandler,0,0
carthage|tunisia,Carthage,Tunisia,36.8581,10.3308,-100,100000,chandler,0,1
ankara|turkey,Ankara,Turkey,39.91987,32.85427,-100,34000,chandler,0,0
antioch|turkey,Antioch,Turkey,36.20655,36.15722,-100,125000,modelski_ancient,0,0
apamea|turkey,Apamea,Turkey,35.41853326,36.40475674,-100,100000,modelski_ancient,0,0
ephesus|turkey,Ephesus,Turkey,37.94049284,27.34104109,-100,100000,modelski_ancient,1,0
istanbul|turkey,Istanbul,Turkey,41.005275,28.976944,-100,36000,chandler,0,0
pergamum|turkey,Pergamum,Turkey,39.13225127,27.1836318,-100,100000,modelski_ancient,0,0
smyrna|turkey,Smyrna,Turkey,38.41273,27.13838,-100,90000,chandler,1,0
london|united kingdom,London,United Kingdom,51.511214,-0.119825,-100,30000,chandler,0,0
zafar|yemen,Zafar,Yemen,14.21175142,44.40341925,-100,60000,chandler,0,0
chengdu|china,Chengdu,China,30.66667,104.06667,1,250000,modelski_ancient,0,0
linzi|china,Linzi,China,36.8167,118.3,1,100000,modelski_ancient,0,0
luoyang|china,Luoyang,China,34.669722,112.442222,1,260000,modelski_ancient,0,0
qufu|china,Qufu,China,35.6,117.033333,1,170000,modelski_ancient,0,0
xian|china,Xian,China,34.341485,108.940404,1,420000,modelski_ancient,0,0
alexandria|egypt,Alexandria,Egypt,31.200092,29.918739,1,400000,modelski_ancient,1,0
pataliputra|india,Pataliputra,India,25.611,85.144,1,100000,modelski_ancient,0,0
vaishali|india,Vaishali,India,25.6833,85.081782,1,100000,modelski_ancient,0,0
seleucia|iraq,Seleucia,Iraq,33.094444,44.522222,1,400000,modelski_ancient,0,0
jerusalem|israel,Jerusalem,Israel,31.76904,35.21633,1,100000,modelski_ancient,0,0
rome|italy,Rome,Italy,41.89474,12.4839,1,800000,modelski_ancient,0,0
peshawar|pakistan,Peshawar,Pakistan,34.008,71.57849,1,100000,modelski_ancient,0,0
taxilla|pakistan,Taxilla,Pakistan,33.75743141,72.82952293,1,100000,modelski_ancient,0,0
anuradhapura|sri lanka,Anuradhapura,Sri Lanka,8.31223,80.41306,1,100000,modelski_ancient,0,0
antioch|turkey,Antioch,Turkey,36.20655,36.15722,1,270000,modelski_ancient,0,0
apamea|turkey,Apamea,Turkey,35.41853326,36.40475674,1,130000,modelski_ancient,0,0
ephesus|turkey,Ephesus,Turkey,37.94049284,27.34104109,1,200000,modelski_ancient,1,0
pergamum|turkey,Pergamum,Turkey,39.13225127,27.1836318,1,160000,modelski_ancient,0,0
merv|turkmenistan,Merv,Turkmenistan,37.6628,62.1925,1,100000,modelski_ancient,0,0
luoyang|china,Luoyang,China,34.669722,112.442222,100,420000,modelski_ancient,0,0
xian|china,Xian,China,34.341485,108.940404,100,100000,modelski_ancient,0,0
alexandria|egypt,Alexandria,Egypt,31.200092,29.918739,100,500000,modelski_ancient,1,0
madurai|india,Madurai,India,9.91735,78.11962,100,50000,chandler,0,0
pataliputra|india,Pataliputra,India,25.611,85.144,100,100000,modelski_ancient,0,0
vaishali|india,Vaishali,India,25.6833,85.081782,100,100000,modelski_ancient,0,0
seleucia|iraq,Seleucia,Iraq,33.094444,44.522222,100,400000,modelski_ancient,0,0
capua|italy,Capua,Italy,41.09971,14.22013,100,170000,modelski_ancient,0,0
rome|italy,Rome,Italy,41.89474,12.4839,100,1000000,modelski_ancient,0,0
peshawar|pakistan,Peshawar,Pakistan,34.008,71.57849,100,100000,modelski_ancient,0,0
taxilla|pakistan,Taxilla,Pakistan,33.75743141,72.82952293,100,150000,modelski_ancient,0,0
cadiz|spain,Cadiz,Spain,36.52978,-6.29465,100,65000,chandler,0,0
anuradhapura|sri lanka,Anuradhapura,Sri Lanka,8.31223,80.41306,100,200000,modelski_ancient,0,0
carthage|tunisia,Carthage,Tunisia,36.8581,10.3308,100,250000,modelski_ancient,0,1
antioch|turkey,Antioch,Turkey,36.20655,36.15722,100,330000,modelski_ancient,0,0
apamea|turkey,Apamea,Turkey,35.41853326,36.40475674,100,100000,modelski_ancient,0,0
ephesus|turkey,Ephesus,Turkey,37.94049284,27.34104109,100,200000,modelski_ancient,1,0
pergamum|turkey,Pergamum,Turkey,39.13225127,27.1836318,100,140000,modelski_ancient,0,0
smyrna|turkey,Smyrna,Turkey,38.41273,27.13838,100,125000,modelski_ancient,1,0
merv|turkmenistan,Merv,Turkmenistan,37.6628,62.1925,100,100000,modelski_ancient,0,0
linzi|china,Linzi,China,36.8167,118.3,200,100000,modelski_ancient,0,0
luoyang|china,Luoyang,China,34.669722,112.442222,200,100000,modelski_ancient,0,0
alexandria|egypt,Alexandria,Egypt,31.200092,29.918739,200,600000,modelski_ancient,1,0
pataliputra|india,Pataliputra,India,25.611,85.144,200,100000,modelski_ancient,0,0
vaishali|india,Vaishali,India,25.6833,85.081782,200,100000,modelski_ancient,0,0
capua|italy,Capua,Italy,41.09971,14.22013,200,240000,modelski_ancient,0,0
rome|italy,Rome,Italy,41.89474,12.4839,200,1200000,modelski_ancient,0,0
peshawar|pakistan,Peshawar,Pakistan,34.008,71.57849,200,100000,modelski_ancient,0,0
taxilla|pakistan,Taxilla,Pakistan,33.75743141,72.82952293,200,100000,modelski_ancient,0,0
anuradhapura|sri lanka,Anuradhapura,Sri Lanka,8.31223,80.41306,200,200000,modelski_ancient,0,0
carthage|tunisia,Carthage,Tunisia,36.8581,10.3308,200,300000,modelski_ancient,0,1
antioch|turkey,Antioch,Turkey,36.20655,36.15722,200,400000,modelski_ancient,0,0
apamea|turkey,Apamea,Turkey,35.41853326,36.40475674,200,120000,modelski_ancient,0,0
ephesus|turkey,Ephesus,Turkey,37.94049284,27.34104109,200,200000,modelski_ancient,1,0
pergamum|turkey,Pergamum,Turkey,39.13225127,27.1836318,200,170000,modelski_ancient,0,0
smyrna|turkey,Smyrna,Turkey,38.41273,27.13838,200,100000,modelski_ancient,1,0
trabzon|turkey,Trabzon,Turkey,41.00145,39.717806,260,66000,chandler,1,1
luoyang|china,Luoyang,China,34.669722,112.442222,300,250000,modelski_ancient,0,0
nanjing|china,Nanjing,China,32.05,118.766667,300,100000,modelski_ancient,0,0
alexandria|egypt,Alexandria,Egypt,31.200092,29.918739,300,500000,modelski_ancient,1,0
trier|germany,Trier,Germany,49.75565,6.63935,300,100000,modelski_ancient,0,0
ujjain|india,Ujjain,India,23.18239,75.77643,300,100000,modelski_ancient,0,0
vaishali|india,Vaishali,India,25.6833,85.081782,300,200000,modelski_ancient,0,0
capua|italy,Capua,Italy,41.09971,14.22013,300,170000,modelski_ancient,0,0
milan|italy,Milan,Italy,45.465453,9.198786,300,100000,modelski_ancient,0,0
rome|italy,Rome,Italy,41.89474,12.4839,300,1000000,modelski_ancient,0,0
taxilla|pakistan,Taxilla,Pakistan,33.75743141,72.82952293,300,100000,modelski_ancient,0,0
merida|spain,Merida,Spain,38.91611,-6.34366,300,100000,modelski_ancient,0,0
anuradhapura|sri lanka,Anuradhapura,Sri Lanka,8.31223,80.41306,300,100000,modelski_ancient,0,0
carthage|tunisia,Carthage,Tunisia,36.8581,10.3308,300,300000,modelski_ancient,0,1
antioch|turkey,Antioch,Turkey,36.20655,36.15722,300,330000,modelski_ancient,0,0
ephesus|turkey,Ephesus,Turkey,37.94049284,27.34104109,300,125000,modelski_ancient,1,0
merv|turkmenistan,Merv,Turkmenistan,37.6628,62.1925,300,100000,modelski_ancient,0,0
liaotung|china,Liaotung,China,40.5,121.5,361,40000,chandler,0,0
nanjing|china,Nanjing,China,32.05,118.766667,361,150000,chandler,0,0
xian|china,Xian,China,34.341485,108.940404,361,80000,chandler,0,0
pyongyang|dem. people's republic of korea,Pyongyang,Dem. People's Republic of Korea,39.03385,125.75432,361,50000,chandler,0,0
alexandria|egypt,Alexandria,Egypt,31.200092,29.918739,361,125000,chandler,1,0
arles|france,Arles,France,43.6767,4.6278,361,40000,chandler,0,0
vienne|france,Vienne,France,45.51667,4.86667,361,45000,chandler,0,0
trier|germany,Trier,Germany,49.75565,6.63935,361,60000,chandler,0,0
thessaloniki|greece,Thessaloniki,Greece,40.63935,22.944606,361,42000,chandler,1,0
patna|india,Patna,India,25.610533,85.14145,361,150000,chandler,0,0
ujjain|india,Ujjain,India,23.18239,75.77643,361,80000,chandler,0,0
nishapur|iran,Nishapur,Iran,36.213333,58.795833,361,50000,chandler,0,0
ctesiphon|iraq,Ctesiphon,Iraq,33.09378746,44.58006701,361,250000,chandler,0,0
jerusalem|israel,Jerusalem,Israel,31.76904,35.21633,361,50000,chandler,0,0
milan|italy,Milan,Italy,45.465453,9.198786,361,40000,chandler,0,0
rome|italy,Rome,Italy,41.89474,12.4839,361,150000,chandler,0,0
leptis|libya,Leptis,Libya,32.63777029,14.29232884,361,50000,chandler,1,1
teotihuacan|mexico,Teotihuacan,Mexico,19.69291001,-98.84606,361,90000,chandler,0,0
damascus|syria,Damascus,Syria,33.5102,36.29128,361,40000,chandler,0,0
antioch|syria/turkey,Antioch,Syria/Turkey,36.20655,36.15722,361,150000,chandler,0,0
carthage|tunisia,Carthage,Tunisia,36.8581,10.3308,361,66000,chandler,0,1
datong|china,Datong,China,40.083333,113.3,400,100000,modelski_ancient,0,0
luoyang|china,Luoyang,China,34.669722,112.442222,400,200000,modelski_ancient,0,0
nanjing|china,Nanjing,China,32.05,118.766667,400,300000,modelski_ancient,0,0
xian|china,Xian,China,34.341485,108.940404,400,100000,modelski_ancient,0,0
alexandria|egypt,Alexandria,Egypt,31.200092,29.918739,400,200000,modelski_ancient,1,0
tikal|guatemala,Tikal,Guatemala,17.222094,-89.623614,400,100000,modelski_ancient,0,0
ctesiphon|iraq,Ctesiphon,Iraq,33.09378746,44.58006701,400,250000,modelski_ancient,0,0
capua|italy,Capua,Italy,41.09971,14.22013,400,100000,modelski_ancient,0,0
rome|italy,Rome,Italy,41.89474,12.4839,400,800000,modelski_ancient,0,0
caracol|mexico,Caracol,Mexico,20.6792,-88.5707,400,100000,modelski_ancient,0,0
teotihuacan|mexico,Teotihuacan,Mexico,19.69291001,-98.84606,400,100000,modelski_ancient,0,0
taxilla|pakistan,Taxilla,Pakistan,33.75743141,72.82952293,400,100000,modelski_ancient,0,0
merida|spain,Merida,Spain,38.91611,-6.34366,400,100000,modelski_ancient,0,0
carthage|tunisia,Carthage,Tunisia,36.8581,10.3308,400,270000,modelski_ancient,0,1
antioch|turkey,Antioch,Turkey,36.20655,36.15722,400,270000,modelski_ancient,0,0
istanbul|turkey,Istanbul,Turkey,41.005275,28.976944,400,400000,modelski_ancient,0,0
merv|turkmenistan,Merv,Turkmenistan,37.6628,62.1925,400,100000,modelski_ancient,0,0
taluqan|afghanistan,Taluqan,Afghanistan,36.716667,69.516667,500,50000,chandler,0,0
datong|china,Datong,China,40.083333,113.3,500,200000,modelski_ancient,0,0
luoyang|china,Luoyang,China,34.669722,112.442222,500,500000,modelski_ancient,0,0
nanjing|china,Nanjing,China,32.05,118.766667,500,500000,modelski_ancient,0,0
xian|china,Xian,China,34.341485,108.940404,500,100000,modelski_ancient,0,0
pyongyang|dem. people's republic of korea,Pyongyang,Dem. People's Republic of Korea,39.03385,125.75432,500,60000,chandler,0,0
alexandria|egypt,Alexandria,Egypt,31.200092,29.918739,500,200000,modelski_ancient,1,0
tikal|guatemala,Tikal,Guatemala,17.222094,-89.623614,500,100000,modelski_ancient,0,0
madurai|india,Madurai,India,9.91735,78.11962,500,100000,modelski_ancient,0,0
nishapur|iran,Nishapur,Iran,36.213333,58.795833,500,50000,chandler,0,0
ctesiphon|iraq,Ctesiphon,Iraq,33.09378746,44.58006701,500,400000,modelski_ancient,0,0
jerusalem|israel,Jerusalem,Israel,31.76904,35.21633,500,100000,modelski_ancient,0,0
rome|italy,Rome,Italy,41.89474,12.4839,500,100000,modelski_ancient,0,0
caracol|mexico,Caracol,Mexico,20.6792,-88.5707,500,100000,modelski_ancient,0,0
teotihuacan|mexico,Teotihuacan,Mexico,19.69291001,-98.84606,500,150000,modelski_ancient,0,0
damascus|syria,Damascus,Syria,33.5102,36.29128,500,50000,chandler,0,0
antioch|syria/turkey,Antioch,Syria/Turkey,36.20655,36.15722,500,150000,chandler,0,0
carthage|tunisia,Carthage,Tunisia,36.8581,10.3308,500,100000,chandler,0,1
antioch|turkey,Antioch,Turkey,36.20655,36.15722,500,250000,modelski_ancient,0,0
diyarbakir|turkey,Diyarbakir,Turkey,37.914411,40.230628,500,80000,chandler,0,0
edessa|turkey,Edessa,Turkey,37.15,38.8,500,100000,modelski_ancient,0,0
ephesus|turkey,Ephesus,Turkey,37.94049284,27.34104109,500,100000,modelski_ancient,1,0
istanbul|turkey,Istanbul,Turkey,41.005275,28.976944,500,500000,modelski_ancient,0,0
merv|turkmenistan,Merv,Turkmenistan,37.6628,62.1925,500,100000,modelski_ancient,0,0
diyarbakir|turkey,Diyarbakir,Turkey,37.914411,40.230628,502,80000,chandler,0,0
luoyang|china,Luoyang,China,34.669722,112.442222,528,240000,chandler,0,0
kayseri|turkey,Kayseri,Turkey,38.73222,35.48528,550,60000,chandler,0,0
hangzhou|china,Hangzhou,China,30.25,120.166667,591,60000,chandler,1,0
chengdu|china,Chengdu,China,30.66667,104.06667,600,81000,chandler,0,0
luoyang|china,Luoyang,China,34.669722,112.442222,600,500000,modelski_ancient,0,0
suzhou|china,Suzhou,China,31.3,120.6,600,120000,modelski_ancient,0,0
wuxi|china,Wuxi,China,31.49117,120.31191,600,100000,modelski_ancient,0,0
xian|china,Xian,China,34.341485,108.940404,600,400000,modelski_ancient,0,0
alexandria|egypt,Alexandria,Egypt,31.200092,29.918739,600,100000,modelski_ancient,1,0
"kanauji, kanauj|india","Kanauji, Kanauj",India,27.05519,79.91808,600,200000,modelski_ancient,0,0
madurai|india,Madurai,India,9.91735,78.11962,600,100000,modelski_ancient,0,0
ctesiphon|iraq,Ctesiphon,Iraq,33.09378746,44.58006701,600,500000,modelski_ancient,0,0
jerusalem|israel,Jerusalem,Israel,31.76904,35.21633,600,100000,modelski_ancient,0,0
rome|italy,Rome,Italy,41.89474,12.4839,600,50000,chandler,0,0
caracol|mexico,Caracol,Mexico,20.6792,-88.5707,600,140000,modelski_ancient,0,0
teotihuacan|mexico,Teotihuacan,Mexico,19.69291001,-98.84606,600,100000,modelski_ancient,0,0
pyay|myanmar,Pyay,Myanmar,18.82151,95.221029,600,100000,modelski_ancient,0,0
anuradhapura|sri lanka,Anuradhapura,Sri Lanka,8.31223,80.41306,600,100000,modelski_ancient,0,0
antioch|turkey,Antioch,Turkey,36.20655,36.15722,600,125000,modelski_ancient,0,0
ephesus|turkey,Ephesus,Turkey,37.94049284,27.34104109,600,100000,modelski_ancient,1,0
istanbul|turkey,Istanbul,Turkey,41.005275,28.976944,600,600000,modelski_ancient,0,0
medina|saudi arabia,Medina,Saudi Arabia,24.4609,39.620189,620,15000,chandler,0,0
dali|china,Dali,China,25.606486,100.267638,621,18000,chandler,0,0
dvin|armenia,Dvin,Armenia,40.01984,44.58376,622,47000,chandler,0,0
isanapura|cambodia,Isanapura,Cambodia,11.55,104.916667,622,70000,chandler,0,0
chengdu|china,Chengdu,China,30.66667,104.06667,622,81000,chandler,0,0
hangzhou|china,Hangzhou,China,30.25,120.166667,622,60000,chandler,1,0
kashi|china,Kashi,China,39.4704,75.989756,622,50000,chandler,0,0
liaotung|china,Liaotung,China,40.5,121.5,622,40000,chandler,0,0
luoyang|china,Luoyang,China,34.669722,112.442222,622,200000,chandler,0,0
nanjing|china,Nanjing,China,32.05,118.766667,622,50000,chandler,0,0
xian|china,Xian,China,34.341485,108.940404,622,400000,chandler,0,0
pyongyang|dem. people's republic of korea,Pyongyang,Dem. People's Republic of Korea,39.03385,125.75432,622,60000,chandler,0,0
alexandria|egypt,Alexandria,Egypt,31.200092,29.918739,622,94000,chandler,1,0
thessaloniki|greece,Thessaloniki,Greece,40.63935,22.944606,622,40000,chandler,1,0
badami|india,Badami,India,15.91495,75.67683,622,70000,chandler,0,0
kamarupa|india,Kamarupa,India,26.183333,91.733333,622,40000,chandler,0,0
kanauji|india,Kanauji,India,27.05519,79.91808,622,120000,chandler,0,0
kanchipuram|india,Kanchipuram,India,12.834173,79.70364,622,70000,chandler,0,0
madurai|india,Madurai,India,9.91735,78.11962,622,70000,chandler,0,0
srinagar|india,Srinagar,India,34.08842,74.80298,622,45000,chandler,0,0
vallabhi|india,Vallabhi,India,21.8878,71.8795,622,40000,chandler,1,0
varanasi|india,Varanasi,India,25.317645,82.973914,622,65000,chandler,0,0
vijayawada|india,Vijayawada,India,16.506174,80.648015,622,50000,chandler,0,0
istakhr|iran,Istakhr,Iran,29.9797278,52.90898604,622,40000,chandler,0,0
ctesiphon|iraq,Ctesiphon,Iraq,33.09378746,44.58006701,622,500000,chandler,0,0
jerusalem|israel,Jerusalem,Israel,31.76904,35.21633,622,50000,chandler,0,0
rome|italy,Rome,Italy,41.89474,12.4839,622,50000,chandler,0,0
el tajin|mexico,El Tajin,Mexico,20.4481,97.3782,622,40000,chandler,0,0
teotihuacan|mexico,Teotihuacan,Mexico,19.69291001,-98.84606,622,60000,chandler,0,0
pyay|myanmar,Pyay,Myanmar,18.82151,95.221029,622,100000,chandler,0,0
aror|pakistan,Aror,Pakistan,27.65,68.9833,622,50000,chandler,0,0
seville|spain,Seville,Spain,37.388097,-5.982331,622,40000,chandler,0,0
anuradhapura|sri lanka,Anuradhapura,Sri Lanka,8.31223,80.41306,622,70000,chandler,0,0
aleppo|syria,Aleppo,Syria,36.216667,37.166667,622,72000,chandler,0,0
damascus|syria,Damascus,Syria,33.5102,36.29128,622,50000,chandler,0,0
carthage|tunisia,Carthage,Tunisia,36.8581,10.3308,622,50000,chandler,0,1
edessa|turkey,Edessa,Turkey,37.15,38.8,622,50000,chandler,0,0
istanbul|turkey,Istanbul,Turkey,41.005275,28.976944,622,400000,chandler,0,0
kayseri|turkey,Kayseri,Turkey,38.73222,35.48528,622,60000,chandler,0,0
samarkand|uzbekistan,Samarkand,Uzbekistan,39.6576,66.947561,622,45000,chandler,0,0
mecca|saudi arabia,Mecca,Saudi Arabia,21.42667,39.82611,627,24000,chandler,0,0
aksu|china,Aksu,China,41.12306,80.26444,630,1500,chandler,0,0
kashi|china,Kashi,China,39.4704,75.989756,630,50000,chandler,0,0
kanauji|india,Kanauji,India,27.05519,79.91808,630,100000,chandler,0,0
mathura|india,Mathura,India,27.4925,77.673611,630,15000,chandler,0,0
srinagar|india,Srinagar,India,34.08842,74.80298,630,45000,chandler,0,0
tamralipti|india,Tamralipti,India,22.3,87.92,630,30000,chandler,1,0
varanasi|india,Varanasi,India,25.317645,82.973914,630,65000,chandler,0,0
jerusalem|israel,Jerusalem,Israel,31.76904,35.21633,630,62000,chandler,0,0
kathmandu|nepal,Kathmandu,Nepal,27.7,85.333333,630,22000,chandler,0,0
aleppo|syria,Aleppo,Syria,36.216667,37.166667,637,72000,chandler,0,0
kanchipuram|india,Kanchipuram,India,12.834173,79.70364,640,70000,chandler,0,0
basra|iraq,Basra,Iraq,30.5,47.816667,671,200000,chandler,0,0
mecca|saudi arabia,Mecca,Saudi Arabia,21.42667,39.82611,692,60000,chandler,0,0
shiraz|iran,Shiraz,Iran,29.61031,52.53114,693,25000,chandler,0,0
chengdu|china,Chengdu,China,30.66667,104.06667,700,100000,modelski_ancient,0,0
guangzhou|china,Guangzhou,China,23.11667,113.25,700,200000,modelski_ancient,0,0
kaifeng|china,Kaifeng,China,34.7986,114.30742,700,100000,modelski_ancient,0,0
luoyang|china,Luoyang,China,34.669722,112.442222,700,500000,modelski_ancient,0,0
suzhou|china,Suzhou,China,31.3,120.6,700,100000,modelski_ancient,0,0
xian|china,Xian,China,34.341485,108.940404,700,1000000,modelski_ancient,0,0
alexandria|egypt,Alexandria,Egypt,31.200092,29.918739,700,100000,modelski_ancient,1,0
tours|france,Tours,France,47.38333,0.68333,700,17000,chandler,0,0
tikal|guatemala,Tikal,Guatemala,17.222094,-89.623614,700,100000,modelski_ancient,0,0
"kanauji, kanauj|india","Kanauji, Kanauj",India,27.05519,79.91808,700,200000,modelski_ancient,0,0
madurai|india,Madurai,India,9.91735,78.11962,700,100000,modelski_ancient,0,0
basra|iraq,Basra,Iraq,30.5,47.816667,700,200000,modelski_ancient,0,0
rome|italy,Rome,Italy,41.89474,12.4839,700,50000,chandler,0,0
caracol|mexico,Caracol,Mexico,20.6792,-88.5707,700,100000,modelski_ancient,0,0
teotihuacan|mexico,Teotihuacan,Mexico,19.69291001,-98.84606,700,100000,modelski_ancient,0,0
pyay|myanmar,Pyay,Myanmar,18.82151,95.221029,700,100000,modelski_ancient,0,0
lisbon|portugal,Lisbon,Portugal,38.71667,-9.13333,700,15000,chandler,0,0
anuradhapura|sri lanka,Anuradhapura,Sri Lanka,8.31223,80.41306,700,100000,modelski_ancient,0,0
damascus|syria,Damascus,Syria,33.5102,36.29128,700,300000,modelski_ancient,0,0
istanbul|turkey,Istanbul,Turkey,41.005275,28.976944,700,400000,modelski_ancient,0,0
merv|turkmenistan,Merv,Turkmenistan,37.6628,62.1925,700,100000,modelski_ancient,0,0
damascus|syria,Damascus,Syria,33.5102,36.29128,705,300000,chandler,0,0
nara city|japan,Nara City,Japan,34.685333,135.832742,709,200000,chandler,0,0
thatta|india,Thatta,India,24.746117,67.924336,711,24000,chandler,0,0
damascus|syria,Damascus,Syria,33.5102,36.29128,715,300000,chandler,0,0
basra|iraq,Basra,Iraq,30.5,47.816667,717,100000,chandler,0,0
alexandria|egypt,Alexandria,Egypt,31.200092,29.918739,730,90000,chandler,1,0
kaifeng|china,Kaifeng,China,34.7986,114.30742,742,50000,chandler,0,0
tsinkiang|china,Tsinkiang,China,24.913889,118.58583,742,26000,chandler,1,0
lanzhou|china,Lanzhou,China,36.061089,103.834304,750,14226,chandler,0,0
wuhan|china,Wuhan,China,30.58333,114.26667,750,84563,chandler,0,0
trier|germany,Trier,Germany,49.75565,6.63935,750,10000,chandler,0,0
patan|india,Patan,India,23.8507,72.12963,750,40000,chandler,0,0
tikal|guatemala,Tikal,Guatemala,17.222094,-89.623614,751,63000,chandler,0,0
tsinkiang|china,Tsinkiang,China,24.913889,118.58583,755,26000,chandler,1,0
balasaghun|kyrgyzstan,Balasaghun,Kyrgyzstan,42.379739,75.250456,757,24000,chandler,0,0
sidjilmasa|morocco,Sidjilmasa,Morocco,31.28,-4.28,757,24000,chandler,0,0
baghdad|iraq,Baghdad,Iraq,33.34058,44.40088,763,480000,chandler,0,0
lhasa|china,Lhasa,China,29.645563,91.140749,765,100000,chandler,0,0
bukhara|uzbekistan,Bukhara,Uzbekistan,39.765869,64.422347,782,45000,chandler,0,0
nara city|japan,Nara City,Japan,34.685333,135.832742,784,200000,chandler,0,0
tiahuanaco|bolivia,Tiahuanaco,Bolivia,-16.55228,-68.67953,800,100000,modelski_ancient,0,1
pliska|bulgaria,Pliska,Bulgaria,43.362531,27.125539,800,34000,chandler,0,0
chengdu|china,Chengdu,China,30.66667,104.06667,800,100000,modelski_ancient,0,0
dali|china,Dali,China,25.606486,100.267638,800,75000,chandler,0,0
guangzhou|china,Guangzhou,China,23.11667,113.25,800,200000,modelski_ancient,0,0
hangzhou|china,Hangzhou,China,30.25,120.166667,800,70000,chandler,1,0
kaifeng|china,Kaifeng,China,34.7986,114.30742,800,100000,modelski_ancient,0,0
lhasa|china,Lhasa,China,29.645563,91.140749,800,100000,modelski_ancient,0,0
luoyang|china,Luoyang,China,34.669722,112.442222,800,400000,modelski_ancient,0,0
suzhou|china,Suzhou,China,31.3,120.6,800,100000,modelski_ancient,0,0
taiyuan|china,Taiyuan,China,37.87059,112.548879,800,25000,chandler,0,0
tsinkiang|china,Tsinkiang,China,24.913889,118.58583,800,30000,chandler,1,0
wuhan|china,Wuhan,China,30.58333,114.26667,800,84000,chandler,0,0
xian|china,Xian,China,34.341485,108.940404,800,800000,modelski_ancient,0,0
alexandria|egypt,Alexandria,Egypt,31.200092,29.918739,800,100000,modelski_ancient,1,0
kush|egypt,Kush,Egypt,18.53,31.84,800,40000,chandler,0,0
lyon|france,Lyon,France,45.74846,4.84671,800,12000,chandler,0,0
metz|france,Metz,France,49.11911,6.17269,800,25000,chandler,0,0
paris|france,Paris,France,48.856614,2.352222,800,25000,chandler,0,0
reims|france,Reims,France,49.25,4.03333,800,20000,chandler,0,0
tours|france,Tours,France,47.38333,0.68333,800,20000,chandler,0,0
augsberg|germany,Augsberg,Germany,48.371444,10.898239,800,6000,chandler,0,0
cologne|germany,Cologne,Germany,50.937531,6.960278,800,15000,chandler,0,0
trier|germany,Trier,Germany,49.75565,6.63935,800,15000,chandler,0,0
thessaloniki|greece,Thessaloniki,Greece,40.63935,22.944606,800,40000,chandler,1,0
tikal|guatemala,Tikal,Guatemala,17.222094,-89.623614,800,40000,chandler,0,0
ellora|india,Ellora,India,20.026319,75.177641,800,45000,chandler,0,0
kanauji|india,Kanauji,India,27.05519,79.91808,800,80000,chandler,0,0
"kanauji, kanauj|india","Kanauji, Kanauj",India,27.05519,79.91808,800,100000,modelski_ancient,0,0
madurai|india,Madurai,India,9.91735,78.11962,800,70000,chandler,0,0
patan|india,Patan,India,23.8507,72.12963,800,40000,chandler,0,0
vijayawada|india,Vijayawada,India,16.506174,80.648015,800,40000,chandler,0,0
prambanan|indonesia,Prambanan,Indonesia,-7.752022,110.491369,800,60000,chandler,0,0
esfahan|iran,Esfahan,Iran,32.651389,51.679192,800,25000,chandler,0,0
rayy|iran,Rayy,Iran,35.5833,51.4333,800,200000,modelski_ancient,0,0
anbar|iraq,Anbar,Iraq,32.559761,41.919647,800,60000,chandler,0,0
baghdad|iraq,Baghdad,Iraq,33.34058,44.40088,800,700000,modelski_ancient,0,0
basra|iraq,Basra,Iraq,30.5,47.816667,800,100000,modelski_ancient,0,0
messina|italy,Messina,Italy,38.19327,15.54969,800,25000,chandler,0,0
milan|italy,Milan,Italy,45.465453,9.198786,800,25000,chandler,0,0
pavia|italy,Pavia,Italy,45.18446,9.16145,800,22000,chandler,0,0
rome|italy,Rome,Italy,41.89474,12.4839,800,50000,chandler,0,0
verona|italy,Verona,Italy,45.43419,10.99779,800,30000,chandler,0,0
kyoto|japan,Kyoto,Japan,35.02107,135.75385,800,100000,modelski_ancient,0,0
nara city|japan,Nara City,Japan,34.685333,135.832742,800,100000,modelski_ancient,0,0
gao|mali,Gao,Mali,16.27167,-0.04472,800,72000,chandler,0,0
caracol|mexico,Caracol,Mexico,20.6792,-88.5707,800,100000,modelski_ancient,0,0
el tajin|mexico,El Tajin,Mexico,20.4481,97.3782,800,40000,chandler,0,0
monte alban|mexico,Monte Alban,Mexico,17.043989,-96.767467,800,30000,chandler,0,0
sidjilmasa|morocco,Sidjilmasa,Morocco,31.28,-4.28,800,24000,chandler,0,0
pyay|myanmar,Pyay,Myanmar,18.82151,95.221029,800,100000,modelski_ancient,0,0
mansura|pakistan,Mansura,Pakistan,25.590258,68.776944,800,60000,chandler,0,0
pachacamac|peru,Pachacamac,Peru,-12.188786,-76.849033,800,2000,chandler,1,0
lisbon|portugal,Lisbon,Portugal,38.71667,-9.13333,800,15000,chandler,0,0
astrakhan|russian federation,Astrakhan,Russian Federation,46.366681,48.083239,800,30000,chandler,0,0
mecca|saudi arabia,Mecca,Saudi Arabia,21.42667,39.82611,800,100000,modelski_ancient,0,0
dienne|senegal,Dienne,Senegal,15.033366,-16.350122,800,10000,chandler,0,0
cordoba|spain,Cordoba,Spain,38.046133,-4.893564,800,160000,modelski_ancient,0,0
merida|spain,Merida,Spain,38.91611,-6.34366,800,30000,chandler,0,0
seville|spain,Seville,Spain,37.388097,-5.982331,800,35000,chandler,0,0
toledo|spain,Toledo,Spain,39.862831,-4.027322,800,25000,chandler,0,0
anuradhapura|sri lanka,Anuradhapura,Sri Lanka,8.31223,80.41306,800,100000,modelski_ancient,0,0
damascus|syria,Damascus,Syria,33.5102,36.29128,800,100000,modelski_ancient,0,0
istanbul|turkey,Istanbul,Turkey,41.005275,28.976944,800,400000,modelski_ancient,0,0
merv|turkmenistan,Merv,Turkmenistan,37.6628,62.1925,800,120000,modelski_ancient,0,0
kherson|ukraine,Kherson,Ukraine,46.635417,32.616867,800,20000,chandler,1,0
bukhara|uzbekistan,Bukhara,Uzbekistan,39.765869,64.422347,800,45000,chandler,0,0
samarkand|uzbekistan,Samarkand,Uzbekistan,39.6576,66.947561,800,75000,chandler,0,0
cologne|germany,Cologne,Germany,50.937531,6.960278,804,15000,chandler,0,0
xian|china,Xian,China,34.341485,108.940404,805,600000,chandler,0,0
fez|morocco,Fez,Morocco,34.033333,-5.01,808,15000,chandler,0,0
suzhou|china,Suzhou,China,31.3,120.6,810,84000,chandler,0,0
edirne|turkey,Edirne,Turkey,41.681808,26.562269,812,10000,chandler,0,0
balasaghun|kyrgyzstan,Balasaghun,Kyrgyzstan,42.379739,75.250456,821,18000,chandler,0,0
iraklion|greece,Iraklion,Greece,35.338736,25.144214,827,15000,chandler,1,0
bukhara|uzbekistan,Bukhara,Uzbekistan,39.765869,64.422347,830,45000,chandler,0,0
baghdad|iraq,Baghdad,Iraq,33.34058,44.40088,833,900000,chandler,0,0
kanauji|india,Kanauji,India,27.05519,79.91808,850,80000,chandler,0,0
tarsus|turkey,Tarsus,Turkey,36.91876,34.8784,850,48000,chandler,1,0
dali|china,Dali,China,25.606486,100.267638,860,100000,chandler,0,0
alexandria|egypt,Alexandria,Egypt,31.200092,29.918739,860,100000,chandler,1,0
cologne|germany,Cologne,Germany,50.937531,6.960278,874,21000,chandler,0,0
manyakheta|india,Manyakheta,India,17.19313,77.157379,875,75000,chandler,0,0
chengdu|china,Chengdu,China,30.66667,104.06667,881,75000,chandler,0,0
alexandria|egypt,Alexandria,Egypt,31.200092,29.918739,881,160000,chandler,1,0
burgos|spain,Burgos,Spain,42.35,-3.7,884,9000,chandler,0,0
chengdu|china,Chengdu,China,30.66667,104.06667,886,75000,chandler,0,0
angkor|cambodia,Angkor,Cambodia,13.412417,103.86705,889,90000,chandler,0,0
seville|spain,Seville,Spain,37.388097,-5.982331,889,35000,chandler,0,0
herat|afghanistan,Herat,Afghanistan,34.34817,62.19967,900,32000,chandler,0,0
angkor|cambodia,Angkor,Cambodia,13.412417,103.86705,900,100000,modelski_ancient,0,0
beijing|china,Beijing,China,39.9075,116.39723,900,40000,chandler,0,0
changzhou|china,Changzhou,China,31.77358,119.95401,900,75000,chandler,0,0
chengdu|china,Chengdu,China,30.66667,104.06667,900,75000,chandler,0,0
dali|china,Dali,China,25.606486,100.267638,900,100000,modelski_ancient,0,0
kaifeng|china,Kaifeng,China,34.7986,114.30742,900,100000,modelski_ancient,0,0
luoyang|china,Luoyang,China,34.669722,112.442222,900,200000,modelski_ancient,0,0
nanning|china,Nanning,China,22.81667,108.31667,900,40000,chandler,0,0
suzhou|china,Suzhou,China,31.3,120.6,900,100000,modelski_ancient,0,0
xian|china,Xian,China,34.341485,108.940404,900,100000,modelski_ancient,0,0
alexandria|egypt,Alexandria,Egypt,31.200092,29.918739,900,100000,modelski_ancient,1,0
kush|egypt,Kush,Egypt,18.53,31.84,900,40000,chandler,0,0
metz|france,Metz,France,49.11911,6.17269,900,14000,chandler,0,0
thessaloniki|greece,Thessaloniki,Greece,40.63935,22.944606,900,100000,modelski_ancient,1,0
ellora|india,Ellora,India,20.026319,75.177641,900,45000,chandler,0,0
kanauji|india,Kanauji,India,27.05519,79.91808,900,80000,chandler,0,0
"kanauji, kanauj|india","Kanauji, Kanauj",India,27.05519,79.91808,900,100000,modelski_ancient,0,0
madurai|india,Madurai,India,9.91735,78.11962,900,50000,chandler,0,0
manyakheta|india,Manyakheta,India,17.19313,77.157379,900,100000,modelski_ancient,0,0
patan|india,Patan,India,23.8507,72.12963,900,100000,modelski_ancient,0,0
thanjavur|india,Thanjavur,India,10.786999,79.137827,900,100000,modelski_ancient,0,0
nishapur|iran,Nishapur,Iran,36.213333,58.795833,900,130000,modelski_ancient,0,0
rayy|iran,Rayy,Iran,35.5833,51.4333,900,100000,modelski_ancient,0,0
siraf|iran,Siraf,Iran,27.666667,52.3425,900,40000,chandler,0,0
baghdad|iraq,Baghdad,Iraq,33.34058,44.40088,900,900000,modelski_ancient,0,0
basra|iraq,Basra,Iraq,30.5,47.816667,900,100000,modelski_ancient,0,0
reggio di calabria|italy,Reggio di Calabria,Italy,38.1113,15.647292,900,17000,chandler,0,0
rome|italy,Rome,Italy,41.89474,12.4839,900,40000,chandler,0,0
kyoto|japan,Kyoto,Japan,35.02107,135.75385,900,200000,modelski_ancient,0,0
el tajin|mexico,El Tajin,Mexico,20.4481,97.3782,900,50000,chandler,0,0
merida|mexico,Merida,Mexico,20.979719,-89.615789,900,40000,chandler,0,0
tollan|mexico,Tollan,Mexico,20.06369902,-99.3409691,900,50000,chandler,0,0
mansura|pakistan,Mansura,Pakistan,25.590258,68.776944,900,65000,chandler,0,0
cordoba|spain,Cordoba,Spain,38.046133,-4.893564,900,200000,modelski_ancient,0,0
merida|spain,Merida,Spain,38.91611,-6.34366,900,40000,chandler,0,0
seville|spain,Seville,Spain,37.388097,-5.982331,900,40000,chandler,0,0
anuradhapura|sri lanka,Anuradhapura,Sri Lanka,8.31223,80.41306,900,100000,modelski_ancient,0,0
istanbul|turkey,Istanbul,Turkey,41.005275,28.976944,900,500000,modelski_ancient,0,0
mopsuetia|turkey,Mopsuetia,Turkey,36.957778,35.623889,900,100000,modelski_ancient,0,0
tarsus|turkey,Tarsus,Turkey,36.91876,34.8784,900,48000,chandler,1,0
merv|turkmenistan,Merv,Turkmenistan,37.6628,62.1925,900,120000,modelski_ancient,0,0
bukhara|uzbekistan,Bukhara,Uzbekistan,39.765869,64.422347,900,100000,modelski_ancient,0,0
samarkand|uzbekistan,Samarkand,Uzbekistan,39.6576,66.947561,900,100000,modelski_ancient,0,0
esfahan|iran,Esfahan,Iran,32.651389,51.679192,903,25000,chandler,0,0
astrakhan|russian federation,Astrakhan,Russian Federation,46.366681,48.083239,903,40000,chandler,0,0
thessaloniki|greece,Thessaloniki,Greece,40.63935,22.944606,904,50000,chandler,1,0
venice|italy,Venice,Italy,45.440847,12.315514,906,37500,chandler,0,0
pavia|italy,Pavia,Italy,45.18446,9.16145,911,22000,chandler,0,0
seville|spain,Seville,Spain,37.388097,-5.982331,915,50000,chandler,0,0
kaesong|dem. people's republic of korea,Kaesong,Dem. People's Republic of Korea,37.97083,126.55444,927,60000,chandler,1,0
liaoyang|china,Liaoyang,China,41.266667,123.183333,928,40000,chandler,0,0
mecca|saudi arabia,Mecca,Saudi Arabia,21.42667,39.82611,928,30000,chandler,0,0
baghdad|iraq,Baghdad,Iraq,33.34058,44.40088,932,1100000,chandler,0,0
astrakhan|russian federation,Astrakhan,Russian Federation,46.366681,48.083239,932,50000,chandler,0,0
kazan|russian federation,Kazan,Russian Federation,55.790278,49.134722,932,10000,chandler,0,0
beijing|china,Beijing,China,39.9075,116.39723,936,60000,chandler,0,0
istanbul|turkey,Istanbul,Turkey,41.005275,28.976944,944,330000,chandler,0,0
laon|france,Laon,France,49.56667,3.61667,947,28000,chandler,0,0
astrakhan|russian federation,Astrakhan,Russian Federation,46.366681,48.083239,947,42000,chandler,0,0
patan|india,Patan,India,23.8507,72.12963,950,80000,chandler,0,0
barcelona|spain,Barcelona,Spain,41.38879,2.15899,950,2000,chandler,1,0
aleppo|syria,Aleppo,Syria,36.216667,37.166667,950,42000,chandler,0,0
trier|germany,Trier,Germany,49.75565,6.63935,958,20000,chandler,0,0
aleppo|syria,Aleppo,Syria,36.216667,37.166667,962,40000,chandler,0,0
antioch|syria/turkey,Antioch,Syria/Turkey,36.20655,36.15722,965,30000,chandler,0,0
balkh|afghanistan,Balkh,Afghanistan,36.75635,66.8972,968,30000,chandler,0,0
mansura|pakistan,Mansura,Pakistan,25.590258,68.776944,968,65000,chandler,0,0
rome|italy,Rome,Italy,41.89474,12.4839,970,35000,chandler,0,0
nanjing|china,Nanjing,China,32.05,118.766667,975,100000,chandler,0,0
dongola|sudan,Dongola,Sudan,19.16667,30.48333,975,25000,chandler,0,0
dzibalchaltun|mexico,Dzibalchaltun,Mexico,21.091075,-89.590453,978,65000,chandler,0,0
samarkand|uzbekistan,Samarkand,Uzbekistan,39.6576,66.947561,980,80000,chandler,0,0
ghazni|afghanistan,Ghazni,Afghanistan,33.55391,68.42096,990,60000,chandler,0,0
aleppo|syria,Aleppo,Syria,36.216667,37.166667,991,40000,chandler,0,0
ghazni|afghanistan,Ghazni,Afghanistan,33.55391,68.42096,1000,60000,chandler,0,0
prague|austria,Prague,Austria,50.08804,14.42076,1000,15000,chandler,0,0
liege|belgium,Liege,Belgium,50.63373,5.56749,1000,12000,chandler,0,0
ohrid|bulgaria,Ohrid,Bulgaria,43.454967,23.380704,1000,40000,chandler,0,0
angkor|cambodia,Angkor,Cambodia,13.412417,103.86705,1000,200000,modelski_ancient,0,0
beijing|china,Beijing,China,39.9075,116.39723,1000,60000,chandler,0,0
chengdu|china,Chengdu,China,30.66667,104.06667,1000,100000,modelski_ancient,0,0
dali|china,Dali,China,25.606486,100.267638,1000,100000,modelski_ancient,0,0
fuzhou|china,Fuzhou,China,26.076111,119.306389,1000,45000,chandler,0,0
guangzhou|china,Guangzhou,China,23.11667,113.25,1000,40000,chandler,0,0
hangzhou|china,Hangzhou,China,30.25,120.166667,1000,80000,chandler,1,0
kaifeng|china,Kaifeng,China,34.7986,114.30742,1000,400000,modelski_ancient,0,0
luoyang|china,Luoyang,China,34.669722,112.442222,1000,50000,chandler,0,0
nanjing|china,Nanjing,China,32.05,118.766667,1000,70000,chandler,0,0
nanning|china,Nanning,China,22.81667,108.31667,1000,58000,chandler,0,0
suzhou|china,Suzhou,China,31.3,120.6,1000,100000,modelski_ancient,0,0
tianshui|china,Tianshui,China,34.57952,105.74238,1000,85000,chandler,0,0
tsinkiang|china,Tsinkiang,China,24.913889,118.58583,1000,40000,chandler,1,0
yinchuan|china,Yinchuan,China,38.4667,106.2667,1000,75000,chandler,0,0
kaesong|dem. people's republic of korea,Kaesong,Dem. People's Republic of Korea,37.97083,126.55444,1000,60000,chandler,1,0
pyongyang|dem. people's republic of korea,Pyongyang,Dem. People's Republic of Korea,39.03385,125.75432,1000,50000,chandler,0,0
kush|egypt,Kush,Egypt,18.53,31.84,1000,45000,chandler,0,0
angers|france,Angers,France,47.46667,-0.55,1000,10000,chandler,0,0
laon|france,Laon,France,49.56667,3.61667,1000,25000,chandler,0,0
paris|france,Paris,France,48.856614,2.352222,1000,20000,chandler,0,0
poitiers|france,Poitiers,France,46.58333,0.33333,1000,15000,chandler,0,0
rouen|france,Rouen,France,49.44313,1.09932,1000,20000,chandler,0,0
cologne|germany,Cologne,Germany,50.937531,6.960278,1000,21000,chandler,0,0
mainz|germany,Mainz,Germany,49.98419,8.2791,1000,25000,chandler,0,0
regensburg|germany,Regensburg,Germany,49.015,12.09556,1000,15000,chandler,0,0
trier|germany,Trier,Germany,49.75565,6.63935,1000,20000,chandler,0,0
thessaloniki|greece,Thessaloniki,Greece,40.63935,22.944606,1000,100000,modelski_ancient,1,0
kanauji|india,Kanauji,India,27.05519,79.91808,1000,72000,chandler,0,0
"kanauji, kanauj|india","Kanauji, Kanauj",India,27.05519,79.91808,1000,100000,modelski_ancient,0,0
khajuraho|india,Khajuraho,India,24.8478,79.93344,1000,40000,chandler,0,0
patan|india,Patan,India,23.8507,72.12963,1000,100000,modelski_ancient,0,0
rajahmundry|india,Rajahmundry,India,17.00517,81.77784,1000,30000,chandler,0,0
somnath|india,Somnath,India,20.906002,70.384372,1000,54000,chandler,0,0
thanjavur|india,Thanjavur,India,10.786999,79.137827,1000,100000,modelski_ancient,0,0
esfahan|iran,Esfahan,Iran,32.651389,51.679192,1000,100000,modelski_ancient,0,0
nishapur|iran,Nishapur,Iran,36.213333,58.795833,1000,130000,modelski_ancient,0,0
rayy|iran,Rayy,Iran,35.5833,51.4333,1000,100000,modelski_ancient,0,0
shiraz|iran,Shiraz,Iran,29.61031,52.53114,1000,52000,chandler,0,0
siraf|iran,Siraf,Iran,27.666667,52.3425,1000,50000,chandler,0,0
tabriz|iran,Tabriz,Iran,38.08,46.2919,1000,20000,chandler,0,0
baghdad|iraq,Baghdad,Iraq,33.34058,44.40088,1000,1500000,modelski_ancient,0,0
basra|iraq,Basra,Iraq,30.5,47.816667,1000,50000,chandler,0,0
jerusalem|israel,Jerusalem,Israel,31.76904,35.21633,1000,60000,chandler,0,0
milan|italy,Milan,Italy,45.465453,9.198786,1000,30000,chandler,0,0
palermo|italy,Palermo,Italy,38.115689,13.361267,1000,75000,chandler,1,0
pavia|italy,Pavia,Italy,45.18446,9.16145,1000,30000,chandler,0,0
rome|italy,Rome,Italy,41.89474,12.4839,1000,35000,chandler,0,0
venice|italy,Venice,Italy,45.440847,12.315514,1000,100000,modelski_ancient,0,0
verona|italy,Verona,Italy,45.43419,10.99779,1000,20000,chandler,0,0
kyoto|japan,Kyoto,Japan,35.02107,135.75385,1000,175000,modelski_ancient,0,0
el tajin|mexico,El Tajin,Mexico,20.4481,97.3782,1000,50000,chandler,0,0
tollan|mexico,Tollan,Mexico,20.06369902,-99.3409691,1000,100000,modelski_ancient,0,0
fez|morocco,Fez,Morocco,34.033333,-5.01,1000,30000,chandler,0,0
mansura|pakistan,Mansura,Pakistan,25.590258,68.776944,1000,65000,chandler,0,0
peshawar|pakistan,Peshawar,Pakistan,34.008,71.57849,1000,15000,chandler,0,0
lisbon|portugal,Lisbon,Portugal,38.71667,-9.13333,1000,15000,chandler,0,0
novgorod|russian federation,Novgorod,Russian Federation,58.525569,31.274192,1000,18000,chandler,0,0
al ahsa|saudi arabia,Al Ahsa,Saudi Arabia,25.429444,49.621944,1000,100000,modelski_ancient,0,0
al-hasa|saudi arabia,Al-Hasa,Saudi Arabia,25.429444,49.621944,1000,110000,chandler,0,0
mecca|saudi arabia,Mecca,Saudi Arabia,21.42667,39.82611,1000,35000,chandler,0,0
almeria|spain,Almeria,Spain,36.83814,-2.45974,1000,35000,chandler,0,0
cordoba|spain,Cordoba,Spain,38.046133,-4.893564,1000,450000,modelski_ancient,0,0
seville|spain,Seville,Spain,37.388097,-5.982331,1000,100000,modelski_ancient,0,0
toledo|spain,Toledo,Spain,39.862831,-4.027322,1000,31000,chandler,0,0
soba|sudan,Soba,Sudan,15.523889,32.680833,1000,30000,chandler,0,0
aleppo|syria,Aleppo,Syria,36.216667,37.166667,1000,40000,chandler,0,0
antioch|syria/turkey,Antioch,Syria/Turkey,36.20655,36.15722,1000,30000,chandler,0,0
ani|turkey,Ani,Turkey,40.501381,43.567128,1000,100000,modelski_ancient,0,0
diyarbakir|turkey,Diyarbakir,Turkey,37.914411,40.230628,1000,40000,chandler,0,0
edessa|turkey,Edessa,Turkey,37.15,38.8,1000,35000,chandler,0,0
gelibolu|turkey,Gelibolu,Turkey,40.333333,26.499992,1000,300000,chandler,1,0
istanbul|turkey,Istanbul,Turkey,41.005275,28.976944,1000,600000,modelski_ancient,0,0
kayseri|turkey,Kayseri,Turkey,38.73222,35.48528,1000,40000,chandler,0,0
kherson|ukraine,Kherson,Ukraine,46.635417,32.616867,1000,25000,chandler,1,0
kiev|ukraine,Kiev,Ukraine,50.45466,30.5238,1000,45000,chandler,0,0
st. louis|united states of america,St. Louis,United States of America,38.626978,-90.199403,1000,15000,chandler,0,0
bukhara|uzbekistan,Bukhara,Uzbekistan,39.765869,64.422347,1000,75000,chandler,0,0
samarkand|uzbekistan,Samarkand,Uzbekistan,39.6576,66.947561,1000,200000,modelski_ancient,0,0
ghazni|afghanistan,Ghazni,Afghanistan,33.55391,68.42096,1001,60000,chandler,0,0
kanauji|india,Kanauji,India,27.05519,79.91808,1001,72000,chandler,0,0
barcelona|spain,Barcelona,Spain,41.38879,2.15899,1009,9000,chandler,1,0
liege|belgium,Liege,Belgium,50.63373,5.56749,1015,17000,chandler,0,0
kiev|ukraine,Kiev,Ukraine,50.45466,30.5238,1015,48000,chandler,0,0
novgorod|russian federation,Novgorod,Russian Federation,58.525569,31.274192,1016,18000,chandler,0,0
ghazni|afghanistan,Ghazni,Afghanistan,33.55391,68.42096,1018,66000,chandler,0,0
kanauji|india,Kanauji,India,27.05519,79.91808,1018,60000,chandler,0,0
nishapur|iran,Nishapur,Iran,36.213333,58.795833,1034,120000,chandler,0,0
diyarbakir|turkey,Diyarbakir,Turkey,37.914411,40.230628,1042,40000,chandler,0,0
aleppo|syria,Aleppo,Syria,36.216667,37.166667,1046,35000,chandler,0,0
kalaa|algeria,Kalaa,Algeria,35.580556,0.328333,1050,80000,chandler,0,0
cologne|germany,Cologne,Germany,50.937531,6.960278,1050,21000,chandler,0,0
dhar|india,Dhar,India,22.59373,75.29774,1050,95000,chandler,0,0
dublin|ireland,Dublin,Ireland,53.33306,-6.24889,1050,4500,chandler,1,0
oualata|mauritania,Oualata,Mauritania,17.3,-7.025,1050,30000,chandler,0,0
mecca|saudi arabia,Mecca,Saudi Arabia,21.42667,39.82611,1050,40000,chandler,0,0
kiev|ukraine,Kiev,Ukraine,50.45466,30.5238,1050,40000,chandler,0,0
samarkand|uzbekistan,Samarkand,Uzbekistan,39.6576,66.947561,1050,40000,chandler,0,0
al-hasa|saudi arabia,Al-Hasa,Saudi Arabia,25.429444,49.621944,1051,110000,chandler,0,0
caen|france,Caen,France,49.18585,-0.35912,1060,20000,chandler,1,0
palermo|italy,Palermo,Italy,38.115689,13.361267,1061,90000,chandler,1,0
guangzhou|china,Guangzhou,China,23.11667,113.25,1067,40000,chandler,0,0
fez|morocco,Fez,Morocco,34.033333,-5.01,1069,30000,chandler,0,0
binh dinh|vietnam,Binh Dinh,Vietnam,14.166256,108.902683,1069,12000,chandler,0,0
kanchipuram|india,Kanchipuram,India,12.834173,79.70364,1070,70000,chandler,0,0
edessa|turkey,Edessa,Turkey,37.15,38.8,1071,35000,chandler,0,0
nanning|china,Nanning,China,22.81667,108.31667,1076,58000,chandler,0,0
changsha|china,Changsha,China,28.196111,112.972222,1077,37000,chandler,0,0
chengdu|china,Chengdu,China,30.66667,104.06667,1077,37000,chandler,0,0
fuzhou|china,Fuzhou,China,26.076111,119.306389,1077,45000,chandler,0,0
guangzhou|china,Guangzhou,China,23.11667,113.25,1077,40000,chandler,0,0
hangzhou|china,Hangzhou,China,30.25,120.166667,1077,85000,chandler,1,0
luoyang|china,Luoyang,China,34.669722,112.442222,1077,40000,chandler,0,0
taiyuan|china,Taiyuan,China,37.87059,112.548879,1077,33000,chandler,0,0
tianshui|china,Tianshui,China,34.57952,105.74238,1077,85000,chandler,0,0
tsinkiang|china,Tsinkiang,China,24.913889,118.58583,1077,45000,chandler,1,0
xian|china,Xian,China,34.341485,108.940404,1077,45000,chandler,0,0
xiangyang|china,Xiangyang,China,32.017,112.133,1077,60000,chandler,0,0
suzhou|china,Suzhou,China,31.3,120.6,1080,75000,chandler,0,0
poitiers|france,Poitiers,France,46.58333,0.33333,1083,18000,chandler,0,0
firuzkoh|afghanistan,Firuzkoh,Afghanistan,34.099578,64.905956,1086,50000,chandler,0,0
exeter|united kingdom,Exeter,United Kingdom,50.7236,-3.52751,1086,1438,chandler,1,0
norwich|united kingdom,Norwich,United Kingdom,52.62783,1.29834,1086,5000,chandler,0,0
oualata|mauritania,Oualata,Mauritania,17.3,-7.025,1087,25000,chandler,0,0
dongola|sudan,Dongola,Sudan,19.16667,30.48333,1090,30000,chandler,0,0
konya|turkey,Konya,Turkey,37.87135,32.48464,1090,50000,chandler,0,0
jerusalem|israel,Jerusalem,Israel,31.76904,35.21633,1099,70000,chandler,0,0
bost|afghanistan,Bost,Afghanistan,31.583056,64.369167,1100,40000,chandler,0,0
ghazni|afghanistan,Ghazni,Afghanistan,33.55391,68.42096,1100,30000,chandler,0,0
bejaia|algeria,Bejaia,Algeria,36.75,5.066667,1100,50000,chandler,1,0
gent|belgium,Gent,Belgium,51.053469,3.730378,1100,12000,chandler,0,0
angkor|cambodia,Angkor,Cambodia,13.412417,103.86705,1100,125000,chandler,0,0
beijing|china,Beijing,China,39.9075,116.39723,1100,50000,chandler,0,0
changzhou|china,Changzhou,China,31.77358,119.95401,1100,90000,chandler,0,0
dali|china,Dali,China,25.606486,100.267638,1100,100000,chandler,0,0
fuzhou|china,Fuzhou,China,26.076111,119.306389,1100,45000,chandler,0,0
guangzhou|china,Guangzhou,China,23.11667,113.25,1100,55000,chandler,0,0
hangzhou|china,Hangzhou,China,30.25,120.166667,1100,90000,chandler,1,0
kaifeng|china,Kaifeng,China,34.7986,114.30742,1100,442000,chandler,0,0
kunming|china,Kunming,China,25.03889,102.71833,1100,40000,chandler,0,0
liaoyang|china,Liaoyang,China,41.266667,123.183333,1100,40000,chandler,0,0
nanjing|china,Nanjing,China,32.05,118.766667,1100,67000,chandler,0,0
suzhou|china,Suzhou,China,31.3,120.6,1100,88000,chandler,0,0
tianshui|china,Tianshui,China,34.57952,105.74238,1100,85000,chandler,0,0
tsinkiang|china,Tsinkiang,China,24.913889,118.58583,1100,45000,chandler,1,0
xian|china,Xian,China,34.341485,108.940404,1100,45000,chandler,0,0
xiangyang|china,Xiangyang,China,32.017,112.133,1100,55000,chandler,0,0
yinchuan|china,Yinchuan,China,38.4667,106.2667,1100,80000,chandler,0,0
kaesong|dem. people's republic of korea,Kaesong,Dem. People's Republic of Korea,37.97083,126.55444,1100,60000,chandler,1,0
kush|egypt,Kush,Egypt,18.53,31.84,1100,50000,chandler,0,0
axum|ethiopia,Axum,Ethiopia,14.131781,38.714081,1100,125000,chandler,0,0
metz|france,Metz,France,49.11911,6.17269,1100,21000,chandler,0,0
poitiers|france,Poitiers,France,46.58333,0.33333,1100,20000,chandler,0,0
rouen|france,Rouen,France,49.44313,1.09932,1100,20000,chandler,0,0
toulouse|france,Toulouse,France,43.60426,1.44367,1100,11000,chandler,0,0
thessaloniki|greece,Thessaloniki,Greece,40.63935,22.944606,1100,50000,chandler,1,0
dhar|india,Dhar,India,22.59373,75.29774,1100,80000,chandler,0,0
kalyan|india,Kalyan,India,19.2437,73.13554,1100,150000,chandler,0,0
kanauji|india,Kanauji,India,27.05519,79.91808,1100,80000,chandler,0,0
kanchipuram|india,Kanchipuram,India,12.834173,79.70364,1100,70000,chandler,0,0
kolar|india,Kolar,India,13.13671,78.12917,1100,50000,chandler,0,0
patan|india,Patan,India,23.8507,72.12963,1100,100000,chandler,0,0
kerman|iran,Kerman,Iran,30.28321,57.07879,1100,100000,chandler,0,0
nishapur|iran,Nishapur,Iran,36.213333,58.795833,1100,100000,chandler,0,0
rayy|iran,Rayy,Iran,35.5833,51.4333,1100,85000,chandler,0,0
baghdad|iraq,Baghdad,Iraq,33.34058,44.40088,1100,150000,chandler,0,0
basra|iraq,Basra,Iraq,30.5,47.816667,1100,60000,chandler,0,0
milan|italy,Milan,Italy,45.465453,9.198786,1100,42000,chandler,0,0
palermo|italy,Palermo,Italy,38.115689,13.361267,1100,90000,chandler,1,0
pisa|italy,Pisa,Italy,43.71553,10.39659,1100,20000,chandler,1,0
salerno|italy,Salerno,Italy,40.67797,14.76599,1100,50000,chandler,1,0
venice|italy,Venice,Italy,45.440847,12.315514,1100,55000,chandler,0,0
hiraizumi|japan,Hiraizumi,Japan,38.986661,141.113822,1100,50000,chandler,0,0
balasaghun|kyrgyzstan,Balasaghun,Kyrgyzstan,42.379739,75.250456,1100,45000,chandler,0,0
cholula|mexico,Cholula,Mexico,19.06333,-98.306389,1100,60000,chandler,0,0
fez|morocco,Fez,Morocco,34.033333,-5.01,1100,125000,chandler,0,0
marrakech|morocco,Marrakech,Morocco,31.63416,-7.99994,1100,150000,chandler,0,0
bagan|myanmar,Bagan,Myanmar,21.172111,94.8602,1100,100000,chandler,0,0
lahore|pakistan,Lahore,Pakistan,31.54972,74.34361,1100,50000,chandler,0,0
mansura|pakistan,Mansura,Pakistan,25.590258,68.776944,1100,50000,chandler,0,0
pskov|russian federation,Pskov,Russian Federation,57.8136,28.3496,1100,9000,chandler,0,0
mecca|saudi arabia,Mecca,Saudi Arabia,21.42667,39.82611,1100,40000,chandler,0,0
barcelona|spain,Barcelona,Spain,41.38879,2.15899,1100,12000,chandler,1,0
cordoba|spain,Cordoba,Spain,38.046133,-4.893564,1100,60000,chandler,0,0
granada|spain,Granada,Spain,37.177336,-3.598558,1100,60000,chandler,0,0
palma|spain,Palma,Spain,39.56939,2.65024,1100,27000,chandler,1,0
valencia|spain,Valencia,Spain,39.469908,-0.376289,1100,13000,chandler,1,0
valladolid|spain,Valladolid,Spain,41.65518,-4.72372,1100,9000,chandler,0,0
antioch|syria/turkey,Antioch,Syria/Turkey,36.20655,36.15722,1100,30000,chandler,0,0
diyarbakir|turkey,Diyarbakir,Turkey,37.914411,40.230628,1100,42000,chandler,0,0
edessa|turkey,Edessa,Turkey,37.15,38.8,1100,41000,chandler,0,0
istanbul|turkey,Istanbul,Turkey,41.005275,28.976944,1100,200000,chandler,0,0
sivas|turkey,Sivas,Turkey,39.74833,37.01611,1100,45000,chandler,0,0
merv|turkmenistan,Merv,Turkmenistan,37.6628,62.1925,1100,100000,chandler,0,0
kiev|ukraine,Kiev,Ukraine,50.45466,30.5238,1100,50000,chandler,0,0
cahokia|united states of america,Cahokia,United States of America,38.57088,-90.19011,1100,40000,chandler,0,0
bukhara|uzbekistan,Bukhara,Uzbekistan,39.765869,64.422347,1100,70000,chandler,0,0
samarkand|uzbekistan,Samarkand,Uzbekistan,39.6576,66.947561,1100,40000,chandler,0,0
copenhagen|denmark,Copenhagen,Denmark,55.67594,12.56553,1101,12000,chandler,1,0
salerno|italy,Salerno,Italy,40.67797,14.76599,1101,50000,chandler,1,0
kaifeng|china,Kaifeng,China,34.7986,114.30742,1102,442000,chandler,0,0
nanjing|china,Nanjing,China,32.05,118.766667,1102,67000,chandler,0,0
suzhou|china,Suzhou,China,31.3,120.6,1102,89000,chandler,0,0
cordoba|spain,Cordoba,Spain,38.046133,-4.893564,1103,60000,chandler,0,0
granada|spain,Granada,Spain,37.177336,-3.598558,1103,60000,chandler,0,0
diyarbakir|turkey,Diyarbakir,Turkey,37.914411,40.230628,1104,42000,chandler,0,0
liaoyang|china,Liaoyang,China,41.266667,123.183333,1116,40000,chandler,0,0
kanchipuram|india,Kanchipuram,India,12.834173,79.70364,1118,70000,chandler,0,0
patan|india,Patan,India,23.8507,72.12963,1118,135000,chandler,0,0
zaragoza|spain,Zaragoza,Spain,41.648792,-0.889581,1118,20000,chandler,0,0
bejaia|algeria,Bejaia,Algeria,36.75,5.066667,1121,60000,chandler,1,0
beijing|china,Beijing,China,39.9075,116.39723,1123,48000,chandler,0,0
basra|iraq,Basra,Iraq,30.5,47.816667,1123,60000,chandler,0,0
speyer|germany,Speyer,Germany,49.320478,8.436217,1125,30000,chandler,0,0
kaifeng|china,Kaifeng,China,34.7986,114.30742,1126,420000,chandler,0,0
kunming|china,Kunming,China,25.03889,102.71833,1128,40000,chandler,0,0
nanjing|china,Nanjing,China,32.05,118.766667,1130,160000,chandler,0,0
merv|turkmenistan,Merv,Turkmenistan,37.6628,62.1925,1141,180000,chandler,0,0
kalyan|india,Kalyan,India,19.2437,73.13554,1143,125000,chandler,0,0
edessa|turkey,Edessa,Turkey,37.15,38.8,1144,47000,chandler,0,0
lisbon|portugal,Lisbon,Portugal,38.71667,-9.13333,1147,15000,chandler,0,0
bost|afghanistan,Bost,Afghanistan,31.583056,64.369167,1149,40000,chandler,0,0
balkh|afghanistan,Balkh,Afghanistan,36.75635,66.8972,1150,30000,chandler,0,0
bejaia|algeria,Bejaia,Algeria,36.75,5.066667,1150,60000,chandler,1,0
angkor|cambodia,Angkor,Cambodia,13.412417,103.86705,1150,140000,chandler,0,0
beijing|china,Beijing,China,39.9075,116.39723,1150,100000,chandler,0,0
chengdu|china,Chengdu,China,30.66667,104.06667,1150,42000,chandler,0,0
dali|china,Dali,China,25.606486,100.267638,1150,100000,chandler,0,0
fuzhou|china,Fuzhou,China,26.076111,119.306389,1150,45000,chandler,0,0
guangzhou|china,Guangzhou,China,23.11667,113.25,1150,80000,chandler,0,0
hangzhou|china,Hangzhou,China,30.25,120.166667,1150,145000,chandler,1,0
kaifeng|china,Kaifeng,China,34.7986,114.30742,1150,150000,chandler,0,0
liaoyang|china,Liaoyang,China,41.266667,123.183333,1150,60000,chandler,0,0
nanjing|china,Nanjing,China,32.05,118.766667,1150,130000,chandler,0,0
suzhou|china,Suzhou,China,31.3,120.6,1150,72000,chandler,0,0
tsinkiang|china,Tsinkiang,China,24.913889,118.58583,1150,60000,chandler,1,0
xiangyang|china,Xiangyang,China,32.017,112.133,1150,52000,chandler,0,0
kaesong|dem. people's republic of korea,Kaesong,Dem. People's Republic of Korea,37.97083,126.55444,1150,40000,chandler,1,0
alexandria|egypt,Alexandria,Egypt,31.200092,29.918739,1150,40000,chandler,1,0
kush|egypt,Kush,Egypt,18.53,31.84,1150,50000,chandler,0,0
paris|france,Paris,France,48.856614,2.352222,1150,50000,chandler,0,0
tbilisi|georgia,Tbilisi,Georgia,41.709975,44.792989,1150,50000,chandler,0,0
cologne|germany,Cologne,Germany,50.937531,6.960278,1150,40000,chandler,0,0
thessaloniki|greece,Thessaloniki,Greece,40.63935,22.944606,1150,50000,chandler,1,0
kalyan|india,Kalyan,India,19.2437,73.13554,1150,125000,chandler,0,0
kanauji|india,Kanauji,India,27.05519,79.91808,1150,92000,chandler,0,0
kanchipuram|india,Kanchipuram,India,12.834173,79.70364,1150,50000,chandler,0,0
patan|india,Patan,India,23.8507,72.12963,1150,135000,chandler,0,0
esfahan|iran,Esfahan,Iran,32.651389,51.679192,1150,75000,chandler,0,0
hormuz|iran,Hormuz,Iran,27.1,56.45,1150,32000,chandler,0,0
nishapur|iran,Nishapur,Iran,36.213333,58.795833,1150,90000,chandler,0,0
qom|iran,Qom,Iran,34.6401,50.8764,1150,60000,chandler,0,0
qum|iran,Qum,Iran,34.64,50.876389,1150,60000,chandler,0,0
rayy|iran,Rayy,Iran,35.5833,51.4333,1150,80000,chandler,0,0
baghdad|iraq,Baghdad,Iraq,33.34058,44.40088,1150,10000,chandler,0,0
basra|iraq,Basra,Iraq,30.5,47.816667,1150,60000,chandler,0,0
jerusalem|israel,Jerusalem,Israel,31.76904,35.21633,1150,40000,chandler,0,0
milan|italy,Milan,Italy,45.465453,9.198786,1150,45000,chandler,0,0
palermo|italy,Palermo,Italy,38.115689,13.361267,1150,125,chandler,1,0
salerno|italy,Salerno,Italy,40.67797,14.76599,1150,40000,chandler,1,0
venice|italy,Venice,Italy,45.440847,12.315514,1150,60000,chandler,0,0
hiraizumi|japan,Hiraizumi,Japan,38.986661,141.113822,1150,50000,chandler,0,0
kyoto|japan,Kyoto,Japan,35.02107,135.75385,1150,150000,chandler,0,0
balasaghun|kyrgyzstan,Balasaghun,Kyrgyzstan,42.379739,75.250456,1150,47000,chandler,0,0
cholula|mexico,Cholula,Mexico,19.06333,-98.306389,1150,60000,chandler,0,0
fez|morocco,Fez,Morocco,34.033333,-5.01,1150,160000,chandler,0,0
marrakech|morocco,Marrakech,Morocco,31.63416,-7.99994,1150,150000,chandler,0,0
bagan|myanmar,Bagan,Myanmar,21.172111,94.8602,1150,150000,chandler,0,0
kano|nigeria,Kano,Nigeria,12.00012,8.51672,1150,25000,chandler,0,0
szczecin|poland,Szczecin,Poland,53.416667,14.583333,1150,7000,chandler,0,0
smolensk|russian federation,Smolensk,Russian Federation,54.7818,32.0401,1150,40000,chandler,0,0
cordoba|spain,Cordoba,Spain,38.046133,-4.893564,1150,60000,chandler,0,0
granada|spain,Granada,Spain,37.177336,-3.598558,1150,60000,chandler,0,0
polonnaruwa|sri lanka,Polonnaruwa,Sri Lanka,7.93965,81.00274,1150,50000,chandler,0,0
damascus|syria,Damascus,Syria,33.5102,36.29128,1150,57000,chandler,0,0
antioch|syria/turkey,Antioch,Syria/Turkey,36.20655,36.15722,1150,40000,chandler,0,0
diyarbakir|turkey,Diyarbakir,Turkey,37.914411,40.230628,1150,42000,chandler,0,0
kayseri|turkey,Kayseri,Turkey,38.73222,35.48528,1150,50000,chandler,0,0
sivas|turkey,Sivas,Turkey,39.74833,37.01611,1150,40000,chandler,0,0
merv|turkmenistan,Merv,Turkmenistan,37.6628,62.1925,1150,200000,chandler,0,0
kiev|ukraine,Kiev,Ukraine,50.45466,30.5238,1150,40000,chandler,0,0
bukhara|uzbekistan,Bukhara,Uzbekistan,39.765869,64.422347,1150,70000,chandler,0,0
samarkand|uzbekistan,Samarkand,Uzbekistan,39.6576,66.947561,1150,50000,chandler,0,0
beijing|china,Beijing,China,39.9075,116.39723,1151,130000,chandler,0,0
regensburg|germany,Regensburg,Germany,49.015,12.09556,1151,24000,chandler,0,0
fukuoka|japan,Fukuoka,Japan,33.591389,130.414722,1151,9000,chandler,1,0
luoyang|china,Luoyang,China,34.669722,112.442222,1161,50000,chandler,0,0
milan|italy,Milan,Italy,45.465453,9.198786,1162,48000,chandler,0,0
burgos|spain,Burgos,Spain,42.35,-3.7,1163,18000,chandler,0,0
pisa|italy,Pisa,Italy,43.71553,10.39659,1164,20000,chandler,1,0
hangzhou|china,Hangzhou,China,30.25,120.166667,1170,145808,chandler,1,0
milan|italy,Milan,Italy,45.465453,9.198786,1170,58000,chandler,0,0
venice|italy,Venice,Italy,45.440847,12.315514,1170,64000,chandler,0,0
damascus|syria,Damascus,Syria,33.5102,36.29128,1170,80000,chandler,0,0
dublin|ireland,Dublin,Ireland,53.33306,-6.24889,1171,18000,chandler,1,0
kush|egypt,Kush,Egypt,18.53,31.84,1174,50000,chandler,0,0
alexandria|egypt,Alexandria,Egypt,31.200092,29.918739,1175,45000,chandler,1,0
vladimir|russian federation,Vladimir,Russian Federation,56.13655,40.39658,1175,15000,chandler,0,0
cologne|germany,Cologne,Germany,50.937531,6.960278,1180,50000,chandler,0,0
suzhou|china,Suzhou,China,31.3,120.6,1184,59000,chandler,0,0
palma|spain,Palma,Spain,39.56939,2.65024,1184,25000,chandler,1,0
thessaloniki|greece,Thessaloniki,Greece,40.63935,22.944606,1185,40000,chandler,1,0
jerusalem|israel,Jerusalem,Israel,31.76904,35.21633,1187,50000,chandler,0,0
leipzig|germany,Leipzig,Germany,51.33962,12.37129,1189,5000,chandler,0,0
wiener neustadt|austria,Wiener Neustadt,Austria,47.8,16.25,1192,15000,chandler,0,0
delhi|india,Delhi,India,28.65381,77.22897,1193,30000,chandler,0,0
messina|italy,Messina,Italy,38.19327,15.54969,1194,35000,chandler,0,0
patan|india,Patan,India,23.8507,72.12963,1197,60000,chandler,0,0
rome|italy,Rome,Italy,41.89474,12.4839,1198,35000,chandler,0,0
london|united kingdom,London,United Kingdom,51.511214,-0.119825,1199,40000,chandler,0,0
firuzkoh|afghanistan,Firuzkoh,Afghanistan,34.099578,64.905956,1200,50000,chandler,0,0
herat|afghanistan,Herat,Afghanistan,34.34817,62.19967,1200,44000,chandler,0,0
bejaia|algeria,Bejaia,Algeria,36.75,5.066667,1200,50000,chandler,1,0
prague|austria,Prague,Austria,50.08804,14.42076,1200,22000,chandler,0,0
wiener neustadt|austria,Wiener Neustadt,Austria,47.8,16.25,1200,15000,chandler,0,0
gent|belgium,Gent,Belgium,51.053469,3.730378,1200,25000,chandler,0,0
liege|belgium,Liege,Belgium,50.63373,5.56749,1200,20000,chandler,0,0
angkor|cambodia,Angkor,Cambodia,13.412417,103.86705,1200,150000,chandler,0,0
beijing|china,Beijing,China,39.9075,116.39723,1200,130000,chandler,0,0
chengdu|china,Chengdu,China,30.66667,104.06667,1200,46000,chandler,0,0
dali|china,Dali,China,25.606486,100.267638,1200,100000,chandler,0,0
fuzhou|china,Fuzhou,China,26.076111,119.306389,1200,50000,chandler,0,0
guangzhou|china,Guangzhou,China,23.11667,113.25,1200,110000,chandler,0,0
hangzhou|china,Hangzhou,China,30.25,120.166667,1200,255000,chandler,1,0
jingdezhen|china,Jingdezhen,China,29.268836,117.17842,1200,50000,chandler,0,0
kaifeng|china,Kaifeng,China,34.7986,114.30742,1200,100000,chandler,0,0
liaoyang|china,Liaoyang,China,41.266667,123.183333,1200,30000,chandler,0,0
luoyang|china,Luoyang,China,34.669722,112.442222,1200,50000,chandler,0,0
nanjing|china,Nanjing,China,32.05,118.766667,1200,130000,chandler,0,0
suzhou|china,Suzhou,China,31.3,120.6,1200,63000,chandler,0,0
tsinkiang|china,Tsinkiang,China,24.913889,118.58583,1200,70000,chandler,1,0
wuhan|china,Wuhan,China,30.58333,114.26667,1200,80000,chandler,0,0
xiangyang|china,Xiangyang,China,32.017,112.133,1200,47000,chandler,0,0
yinchuan|china,Yinchuan,China,38.4667,106.2667,1200,80000,chandler,0,0
kaesong|dem. people's republic of korea,Kaesong,Dem. People's Republic of Korea,37.97083,126.55444,1200,30000,chandler,1,0
alexandria|egypt,Alexandria,Egypt,31.200092,29.918739,1200,50000,chandler,1,0
kush|egypt,Kush,Egypt,18.53,31.84,1200,50000,chandler,0,0
angers|france,Angers,France,47.46667,-0.55,1200,20000,chandler,0,0
arles|france,Arles,France,43.6767,4.6278,1200,17000,chandler,0,0
beziers|france,Beziers,France,43.34762,3.21899,1200,20000,chandler,1,0
bordeaux|france,Bordeaux,France,44.84044,-0.5805,1200,15000,chandler,0,0
caen|france,Caen,France,49.18585,-0.35912,1200,20000,chandler,1,0
lyon|france,Lyon,France,45.74846,4.84671,1200,22000,chandler,0,0
marseille|france,Marseille,France,43.29695,5.38107,1200,20000,chandler,1,0
metz|france,Metz,France,49.11911,6.17269,1200,23000,chandler,0,0
montpellier|france,Montpellier,France,43.61092,3.87723,1200,13500,chandler,1,0
narbonne|france,Narbonne,France,43.18333,3,1200,31000,chandler,0,0
paris|france,Paris,France,48.856614,2.352222,1200,110000,chandler,0,0
poitiers|france,Poitiers,France,46.58333,0.33333,1200,25000,chandler,0,0
reims|france,Reims,France,49.25,4.03333,1200,12000,chandler,0,0
rouen|france,Rouen,France,49.44313,1.09932,1200,40000,chandler,0,0
toulouse|france,Toulouse,France,43.60426,1.44367,1200,20000,chandler,0,0
tours|france,Tours,France,47.38333,0.68333,1200,20000,chandler,0,0
tbilisi|georgia,Tbilisi,Georgia,41.709975,44.792989,1200,80000,chandler,0,0
augsberg|germany,Augsberg,Germany,48.371444,10.898239,1200,12000,chandler,0,0
braunschweig|germany,Braunschweig,Germany,52.268875,10.526769,1200,21000,chandler,0,0
cologne|germany,Cologne,Germany,50.937531,6.960278,1200,50000,chandler,0,0
erfurt|germany,Erfurt,Germany,50.9787,11.03283,1200,21000,chandler,0,0
mainz|germany,Mainz,Germany,49.98419,8.2791,1200,25000,chandler,0,0
speyer|germany,Speyer,Germany,49.320478,8.436217,1200,30000,chandler,0,0
trier|germany,Trier,Germany,49.75565,6.63935,1200,25000,chandler,0,0
worms|germany,Worms,Germany,49.63278,8.35916,1200,28000,chandler,0,0
thessaloniki|greece,Thessaloniki,Greece,40.63935,22.944606,1200,30000,chandler,1,0
esztergom|hungary,Esztergom,Hungary,47.7928,18.74148,1200,18000,chandler,0,0
cambay|india,Cambay,India,22.313114,72.619408,1200,50000,chandler,1,0
delhi|india,Delhi,India,28.65381,77.22897,1200,60000,chandler,0,0
dhar|india,Dhar,India,22.59373,75.29774,1200,30000,chandler,0,0
gauda|india,Gauda,India,24.866667,88.133333,1200,60000,chandler,0,0
kalinjar|india,Kalinjar,India,25.011586,80.472977,1200,50000,chandler,0,0
nadiya|india,Nadiya,India,23.501389,73.960963,1200,30000,chandler,0,0
esfahan|iran,Esfahan,Iran,32.651389,51.679192,1200,70000,chandler,0,0
kerman|iran,Kerman,Iran,30.28321,57.07879,1200,30000,chandler,0,0
qom|iran,Qom,Iran,34.6401,50.8764,1200,50000,chandler,0,0
rayy|iran,Rayy,Iran,35.5833,51.4333,1200,80000,chandler,0,0
baghdad|iraq,Baghdad,Iraq,33.34058,44.40088,1200,100000,chandler,0,0
basra|iraq,Basra,Iraq,30.5,47.816667,1200,50000,chandler,0,0
bologna|italy,Bologna,Italy,44.49381,11.33875,1200,35000,chandler,0,0
genova|italy,Genova,Italy,44.40565,8.946256,1200,30000,chandler,0,0
messina|italy,Messina,Italy,38.19327,15.54969,1200,35000,chandler,0,0
milan|italy,Milan,Italy,45.465453,9.198786,1200,60000,chandler,0,0
palermo|italy,Palermo,Italy,38.115689,13.361267,1200,150000,chandler,1,0
pavia|italy,Pavia,Italy,45.18446,9.16145,1200,25000,chandler,0,0
pisa|italy,Pisa,Italy,43.71553,10.39659,1200,25000,chandler,1,0
rome|italy,Rome,Italy,41.89474,12.4839,1200,35000,chandler,0,0
venice|italy,Venice,Italy,45.440847,12.315514,1200,70000,chandler,0,0
verona|italy,Verona,Italy,45.43419,10.99779,1200,33000,chandler,0,0
kamakura|japan,Kamakura,Japan,35.30889,139.55028,1200,175000,chandler,1,0
kyoto|japan,Kyoto,Japan,35.02107,135.75385,1200,100000,chandler,0,0
balasaghun|kyrgyzstan,Balasaghun,Kyrgyzstan,42.379739,75.250456,1200,47000,chandler,0,0
tenayuca|mexico,Tenayuca,Mexico,19.532167,-99.168472,1200,50000,chandler,0,0
fez|morocco,Fez,Morocco,34.033333,-5.01,1200,200000,chandler,0,0
marrakech|morocco,Marrakech,Morocco,31.63416,-7.99994,1200,150000,chandler,0,0
bagan|myanmar,Bagan,Myanmar,21.172111,94.8602,1200,180000,chandler,0,0
kano|nigeria,Kano,Nigeria,12.00012,8.51672,1200,25000,chandler,0,0
multan|pakistan,Multan,Pakistan,30.19556,71.47528,1200,32000,chandler,0,0
coimbra|portugal,Coimbra,Portugal,40.20564,-8.41955,1200,25000,chandler,0,0
lisbon|portugal,Lisbon,Portugal,38.71667,-9.13333,1200,15000,chandler,0,0
novgorod|russian federation,Novgorod,Russian Federation,58.525569,31.274192,1200,25000,chandler,0,0
smolensk|russian federation,Smolensk,Russian Federation,54.7818,32.0401,1200,35000,chandler,0,0
vladimir|russian federation,Vladimir,Russian Federation,56.13655,40.39658,1200,18000,chandler,0,0
barcelona|spain,Barcelona,Spain,41.38879,2.15899,1200,15000,chandler,1,0
cordoba|spain,Cordoba,Spain,38.046133,-4.893564,1200,60000,chandler,0,0
granada|spain,Granada,Spain,37.177336,-3.598558,1200,60000,chandler,0,0
leon|spain,Leon,Spain,42.605556,-5.57,1200,40000,chandler,0,0
palma|spain,Palma,Spain,39.56939,2.65024,1200,23000,chandler,1,0
seville|spain,Seville,Spain,37.388097,-5.982331,1200,150000,chandler,0,0
toledo|spain,Toledo,Spain,39.862831,-4.027322,1200,32000,chandler,0,0
zaragoza|spain,Zaragoza,Spain,41.648792,-0.889581,1200,15000,chandler,0,0
polonnaruwa|sri lanka,Polonnaruwa,Sri Lanka,7.93965,81.00274,1200,75000,chandler,0,0
dongola|sudan,Dongola,Sudan,19.16667,30.48333,1200,30000,chandler,0,0
soba|sudan,Soba,Sudan,15.523889,32.680833,1200,25000,chandler,0,0
aleppo|syria,Aleppo,Syria,36.216667,37.166667,1200,45000,chandler,0,0
damascus|syria,Damascus,Syria,33.5102,36.29128,1200,90000,chandler,0,0
kilwa|tanzania,Kilwa,Tanzania,-9.149644,38.987675,1200,20000,chandler,0,0
gelibolu|turkey,Gelibolu,Turkey,40.333333,26.499992,1200,150000,chandler,1,0
istanbul|turkey,Istanbul,Turkey,41.005275,28.976944,1200,150000,chandler,0,0
kayseri|turkey,Kayseri,Turkey,38.73222,35.48528,1200,40000,chandler,0,0
konya|turkey,Konya,Turkey,37.87135,32.48464,1200,70000,chandler,0,0
sivas|turkey,Sivas,Turkey,39.74833,37.01611,1200,45000,chandler,0,0
konye-urgench|turkmenistan,Konye-Urgench,Turkmenistan,42.333333,59.15,1200,25000,chandler,0,0
kiev|ukraine,Kiev,Ukraine,50.45466,30.5238,1200,30000,chandler,0,0
london|united kingdom,London,United Kingdom,51.511214,-0.119825,1200,40000,chandler,0,0
bukhara|uzbekistan,Bukhara,Uzbekistan,39.765869,64.422347,1200,70000,chandler,0,0
samarkand|uzbekistan,Samarkand,Uzbekistan,39.6576,66.947561,1200,60000,chandler,0,0
hangzhou|china,Hangzhou,China,30.25,120.166667,1201,260000,chandler,1,0
oualata|mauritania,Oualata,Mauritania,17.3,-7.025,1203,25000,chandler,0,0
trabzon|turkey,Trabzon,Turkey,41.00145,39.717806,1204,60000,chandler,1,1
bologna|italy,Bologna,Italy,44.49381,11.33875,1206,40000,chandler,0,0
nishapur|iran,Nishapur,Iran,36.213333,58.795833,1208,25000,chandler,0,0
beziers|france,Beziers,France,43.34762,3.21899,1209,20000,chandler,1,0
valencia|spain,Valencia,Spain,39.469908,-0.376289,1212,21000,chandler,1,0
balasaghun|kyrgyzstan,Balasaghun,Kyrgyzstan,42.379739,75.250456,1213,47000,chandler,0,0
cuttack|india,Cuttack,India,20.46497,85.87927,1215,100000,chandler,0,0
novgorod|russian federation,Novgorod,Russian Federation,58.525569,31.274192,1215,20000,chandler,0,0
herat|afghanistan,Herat,Afghanistan,34.34817,62.19967,1217,44000,chandler,0,0
nishapur|iran,Nishapur,Iran,36.213333,58.795833,1220,70000,chandler,0,0
bukhara|uzbekistan,Bukhara,Uzbekistan,39.765869,64.422347,1220,70000,chandler,0,0
samarkand|uzbekistan,Samarkand,Uzbekistan,39.6576,66.947561,1220,106000,chandler,0,0
herat|afghanistan,Herat,Afghanistan,34.34817,62.19967,1221,60000,chandler,0,0
samarkand|uzbekistan,Samarkand,Uzbekistan,39.6576,66.947561,1221,26000,chandler,0,0
messina|italy,Messina,Italy,38.19327,15.54969,1223,25000,chandler,0,0
bandar seri begawan|brunei,Bandar Seri Begawan,Brunei,4.890283,114.942217,1225,10000,chandler,1,1
gauda|india,Gauda,India,24.866667,88.133333,1225,90000,chandler,0,0
tbilisi|georgia,Tbilisi,Georgia,41.709975,44.792989,1227,100000,chandler,0,0
pisa|italy,Pisa,Italy,43.71553,10.39659,1228,25000,chandler,1,0
palma|spain,Palma,Spain,39.56939,2.65024,1229,20000,chandler,1,0
kerman|iran,Kerman,Iran,30.28321,57.07879,1230,40000,chandler,0,0
messina|italy,Messina,Italy,38.19327,15.54969,1230,30000,chandler,0,0
smolensk|russian federation,Smolensk,Russian Federation,54.7818,32.0401,1230,23900,chandler,0,0
kaifeng|china,Kaifeng,China,34.7986,114.30742,1232,120000,chandler,0,0
xiangyang|china,Xiangyang,China,32.017,112.133,1236,47000,chandler,0,0
milan|italy,Milan,Italy,45.465453,9.198786,1237,60000,chandler,0,0
verona|italy,Verona,Italy,45.43419,10.99779,1238,34000,chandler,0,0
valencia|spain,Valencia,Spain,39.469908,-0.376289,1238,27000,chandler,1,0
regensburg|germany,Regensburg,Germany,49.015,12.09556,1239,24000,chandler,0,0
veliko tarnovo|bulgaria,Veliko Tarnovo,Bulgaria,43.083333,25.65,1241,48000,chandler,0,0
wroclaw|germany,Wroclaw,Germany,51.116667,17.033333,1242,12000,chandler,0,0
jerusalem|israel,Jerusalem,Israel,31.76904,35.21633,1243,30000,chandler,0,0
dublin|ireland,Dublin,Ireland,53.33306,-6.24889,1246,20000,chandler,1,0
messina|italy,Messina,Italy,38.19327,15.54969,1248,30000,chandler,0,0
seville|spain,Seville,Spain,37.388097,-5.982331,1248,75000,chandler,0,0
bologna|italy,Bologna,Italy,44.49381,11.33875,1249,55000,chandler,0,0
bejaia|algeria,Bejaia,Algeria,36.75,5.066667,1250,50000,chandler,1,0
veliko tarnovo|bulgaria,Veliko Tarnovo,Bulgaria,43.083333,25.65,1250,50000,chandler,0,0
angkor|cambodia,Angkor,Cambodia,13.412417,103.86705,1250,125000,chandler,0,0
beijing|china,Beijing,China,39.9075,116.39723,1250,140000,chandler,0,0
chengdu|china,Chengdu,China,30.66667,104.06667,1250,54000,chandler,0,0
dali|china,Dali,China,25.606486,100.267638,1250,100000,chandler,0,0
fuzhou|china,Fuzhou,China,26.076111,119.306389,1250,50000,chandler,0,0
guangzhou|china,Guangzhou,China,23.11667,113.25,1250,140000,chandler,0,0
hangzhou|china,Hangzhou,China,30.25,120.166667,1250,320489,chandler,1,0
jingdezhen|china,Jingdezhen,China,29.268836,117.17842,1250,60000,chandler,0,0
kaifeng|china,Kaifeng,China,34.7986,114.30742,1250,90000,chandler,0,0
kashi|china,Kashi,China,39.4704,75.989756,1250,45000,chandler,0,0
nanjing|china,Nanjing,China,32.05,118.766667,1250,130000,chandler,0,0
suzhou|china,Suzhou,China,31.3,120.6,1250,77000,chandler,0,0
tsinkiang|china,Tsinkiang,China,24.913889,118.58583,1250,75000,chandler,1,0
wuhan|china,Wuhan,China,30.58333,114.26667,1250,80000,chandler,0,0
xian|china,Xian,China,34.341485,108.940404,1250,100000,chandler,0,0
xiangyang|china,Xiangyang,China,32.017,112.133,1250,47000,chandler,0,0
yinchuan|china,Yinchuan,China,38.4667,106.2667,1250,60000,chandler,0,0
alexandria|egypt,Alexandria,Egypt,31.200092,29.918739,1250,65000,chandler,1,0
kush|egypt,Kush,Egypt,18.53,31.84,1250,50000,chandler,0,0
lyon|france,Lyon,France,45.74846,4.84671,1250,30000,chandler,0,0
marseille|france,Marseille,France,43.29695,5.38107,1250,25000,chandler,1,0
paris|france,Paris,France,48.856614,2.352222,1250,160000,chandler,0,0
rouen|france,Rouen,France,49.44313,1.09932,1250,45000,chandler,0,0
cologne|germany,Cologne,Germany,50.937531,6.960278,1250,52000,chandler,0,0
mainz|germany,Mainz,Germany,49.98419,8.2791,1250,25000,chandler,0,0
worms|germany,Worms,Germany,49.63278,8.35916,1250,25000,chandler,0,0
thessaloniki|greece,Thessaloniki,Greece,40.63935,22.944606,1250,40000,chandler,1,0
cambay|india,Cambay,India,22.313114,72.619408,1250,60000,chandler,1,0
cuttack|india,Cuttack,India,20.46497,85.87927,1250,100000,chandler,0,0
delhi|india,Delhi,India,28.65381,77.22897,1250,80000,chandler,0,0
gauda|india,Gauda,India,24.866667,88.133333,1250,90000,chandler,0,0
madurai|india,Madurai,India,9.91735,78.11962,1250,40000,chandler,0,0
patan|india,Patan,India,23.8507,72.12963,1250,60000,chandler,0,0
quilon|india,Quilon,India,8.88,76.6,1250,50000,chandler,0,0
esfahan|iran,Esfahan,Iran,32.651389,51.679192,1250,70000,chandler,0,0
hormuz|iran,Hormuz,Iran,27.1,56.45,1250,40000,chandler,0,0
baghdad|iraq,Baghdad,Iraq,33.34058,44.40088,1250,100000,chandler,0,0
bologna|italy,Bologna,Italy,44.49381,11.33875,1250,55000,chandler,0,0
genova|italy,Genova,Italy,44.40565,8.946256,1250,55000,chandler,0,0
milan|italy,Milan,Italy,45.465453,9.198786,1250,65000,chandler,0,0
palermo|italy,Palermo,Italy,38.115689,13.361267,1250,75000,chandler,1,0
pavia|italy,Pavia,Italy,45.18446,9.16145,1250,30000,chandler,0,0
pisa|italy,Pisa,Italy,43.71553,10.39659,1250,50000,chandler,1,0
venice|italy,Venice,Italy,45.440847,12.315514,1250,90000,chandler,0,0
kamakura|japan,Kamakura,Japan,35.30889,139.55028,1250,200000,chandler,1,0
kyoto|japan,Kyoto,Japan,35.02107,135.75385,1250,70000,chandler,0,0
tenayuca|mexico,Tenayuca,Mexico,19.532167,-99.168472,1250,54000,chandler,0,0
fez|morocco,Fez,Morocco,34.033333,-5.01,1250,200000,chandler,0,0
marrakech|morocco,Marrakech,Morocco,31.63416,-7.99994,1250,125000,chandler,0,0
bagan|myanmar,Bagan,Myanmar,21.172111,94.8602,1250,180000,chandler,0,0
sarai|russian federation,Sarai,Russian Federation,53.74577,41.02126,1250,80000,chandler,0,0
granada|spain,Granada,Spain,37.177336,-3.598558,1250,75000,chandler,0,0
aleppo|syria,Aleppo,Syria,36.216667,37.166667,1250,55000,chandler,0,0
damascus|syria,Damascus,Syria,33.5102,36.29128,1250,90000,chandler,0,0
tunis|tunisia,Tunis,Tunisia,36.818811,10.165961,1250,70000,chandler,1,1
istanbul|turkey,Istanbul,Turkey,41.005275,28.976944,1250,100000,chandler,0,0
kayseri|turkey,Kayseri,Turkey,38.73222,35.48528,1250,50000,chandler,0,0
konya|turkey,Konya,Turkey,37.87135,32.48464,1250,100000,chandler,0,0
trabzon|turkey,Trabzon,Turkey,41.00145,39.717806,1250,60000,chandler,1,1
bukhara|uzbekistan,Bukhara,Uzbekistan,39.765869,64.422347,1250,70000,chandler,0,0
binh dinh|vietnam,Binh Dinh,Vietnam,14.166256,108.902683,1250,40000,chandler,0,0
dhar|india,Dhar,India,22.59373,75.29774,1251,30000,chandler,0,0
kunming|china,Kunming,China,25.03889,102.71833,1253,50000,chandler,0,0
sarai|russian federation,Sarai,Russian Federation,53.74577,41.02126,1253,80000,chandler,0,0
wuhan|china,Wuhan,China,30.58333,114.26667,1259,80000,chandler,0,0
bukhara|uzbekistan,Bukhara,Uzbekistan,39.765869,64.422347,1260,70000,chandler,0,0
istanbul|turkey,Istanbul,Turkey,41.005275,28.976944,1261,100000,chandler,0,0
trabzon|turkey,Trabzon,Turkey,41.00145,39.717806,1261,60000,chandler,1,1
cuttack|india,Cuttack,India,20.46497,85.87927,1264,100000,chandler,0,0
beijing|china,Beijing,China,39.9075,116.39723,1265,160369,chandler,0,0
antioch|syria/turkey,Antioch,Syria/Turkey,36.20655,36.15722,1268,27000,chandler,0,0
beijing|china,Beijing,China,39.9075,116.39723,1270,401350,chandler,0,0
jingdezhen|china,Jingdezhen,China,29.268836,117.17842,1270,75000,chandler,0,0
hormuz|iran,Hormuz,Iran,27.1,56.45,1270,36000,chandler,0,0
bergen|norway,Bergen,Norway,60.391264,5.322053,1270,16000,chandler,1,0
arles|france,Arles,France,43.6767,4.6278,1271,17000,chandler,0,0
rouen|france,Rouen,France,49.44313,1.09932,1272,45000,chandler,0,0
hangzhou|china,Hangzhou,China,30.25,120.166667,1273,432046,chandler,1,0
roskilde|denmark,Roskilde,Denmark,55.64152,12.08035,1274,20000,chandler,0,0
milan|italy,Milan,Italy,45.465453,9.198786,1274,70000,chandler,0,0
guangzhou|china,Guangzhou,China,23.11667,113.25,1275,165000,chandler,0,0
messina|italy,Messina,Italy,38.19327,15.54969,1277,33000,chandler,0,0
palermo|italy,Palermo,Italy,38.115689,13.361267,1277,50000,chandler,1,0
guangzhou|china,Guangzhou,China,23.11667,113.25,1279,150000,chandler,0,0
dublin|ireland,Dublin,Ireland,53.33306,-6.24889,1280,25000,chandler,1,0
messina|italy,Messina,Italy,38.19327,15.54969,1282,35000,chandler,0,0
liaoyang|china,Liaoyang,China,41.266667,123.183333,1288,13231,chandler,0,0
milan|italy,Milan,Italy,45.465453,9.198786,1288,60000,chandler,0,0
chengdu|china,Chengdu,China,30.66667,104.06667,1290,54000,chandler,0,0
madurai|india,Madurai,India,9.91735,78.11962,1290,60000,chandler,0,0
paris|france,Paris,France,48.856614,2.352222,1292,216000,chandler,0,0
speyer|germany,Speyer,Germany,49.320478,8.436217,1294,30000,chandler,0,0
konya|turkey,Konya,Turkey,37.87135,32.48464,1294,45000,chandler,0,0
chiang mai|thailand,Chiang Mai,Thailand,18.790978,98.960775,1296,32000,chandler,0,0
nanjing|china,Nanjing,China,32.05,118.766667,1297,95000,chandler,0,0
cambay|india,Cambay,India,22.313114,72.619408,1298,60000,chandler,1,0
tenayuca|mexico,Tenayuca,Mexico,19.532167,-99.168472,1298,54000,chandler,0,0
bejaia|algeria,Bejaia,Algeria,36.75,5.066667,1300,50000,chandler,1,0
tlemcen|algeria,Tlemcen,Algeria,34.87833,-1.315,1300,50000,chandler,0,0
prague|austria,Prague,Austria,50.08804,14.42076,1300,40000,chandler,0,0
gent|belgium,Gent,Belgium,51.053469,3.730378,1300,42000,chandler,0,0
liege|belgium,Liege,Belgium,50.63373,5.56749,1300,25000,chandler,0,0
veliko tarnovo|bulgaria,Veliko Tarnovo,Bulgaria,43.083333,25.65,1300,35000,chandler,0,0
angkor|cambodia,Angkor,Cambodia,13.412417,103.86705,1300,90000,chandler,0,0
beijing|china,Beijing,China,39.9075,116.39723,1300,401000,chandler,0,0
chengdu|china,Chengdu,China,30.66667,104.06667,1300,54000,chandler,0,0
fuzhou|china,Fuzhou,China,26.076111,119.306389,1300,70000,chandler,0,0
guangzhou|china,Guangzhou,China,23.11667,113.25,1300,150000,chandler,0,0
hangzhou|china,Hangzhou,China,30.25,120.166667,1300,432000,chandler,1,0
jingdezhen|china,Jingdezhen,China,29.268836,117.17842,1300,50000,chandler,0,0
kaifeng|china,Kaifeng,China,34.7986,114.30742,1300,90000,chandler,0,0
kashi|china,Kashi,China,39.4704,75.989756,1300,50000,chandler,0,0
kunming|china,Kunming,China,25.03889,102.71833,1300,50000,chandler,0,0
nanjing|china,Nanjing,China,32.05,118.766667,1300,95000,chandler,0,0
suzhou|china,Suzhou,China,31.3,120.6,1300,91000,chandler,0,0
taiyuan|china,Taiyuan,China,37.87059,112.548879,1300,48000,chandler,0,0
tsinkiang|china,Tsinkiang,China,24.913889,118.58583,1300,80000,chandler,1,0
turpan|china,Turpan,China,42.93333,89.16667,1300,40000,chandler,0,0
wuhan|china,Wuhan,China,30.58333,114.26667,1300,84000,chandler,0,0
xian|china,Xian,China,34.341485,108.940404,1300,118000,chandler,0,0
yinchuan|china,Yinchuan,China,38.4667,106.2667,1300,60000,chandler,0,0
kaesong|dem. people's republic of korea,Kaesong,Dem. People's Republic of Korea,37.97083,126.55444,1300,30000,chandler,1,0
roskilde|denmark,Roskilde,Denmark,55.64152,12.08035,1300,22000,chandler,0,0
quito|ecuador,Quito,Ecuador,-0.22985,-78.52495,1300,30000,chandler,0,0
riobamba|ecuador,Riobamba,Ecuador,-1.67083,-78.64861,1300,30000,chandler,0,0
alexandria|egypt,Alexandria,Egypt,31.200092,29.918739,1300,65000,chandler,1,0
cairo|egypt,Cairo,Egypt,30.06263,31.24967,1300,400000,chandler,0,0
kush|egypt,Kush,Egypt,18.53,31.84,1300,50000,chandler,0,0
angers|france,Angers,France,47.46667,-0.55,1300,22000,chandler,0,0
bordeaux|france,Bordeaux,France,44.84044,-0.5805,1300,30000,chandler,0,0
caen|france,Caen,France,49.18585,-0.35912,1300,20000,chandler,1,0
dijon|france,Dijon,France,47.31667,5.01667,1300,18000,chandler,0,0
lyon|france,Lyon,France,45.74846,4.84671,1300,35000,chandler,0,0
marseille|france,Marseille,France,43.29695,5.38107,1300,20000,chandler,1,0
metz|france,Metz,France,49.11911,6.17269,1300,32000,chandler,0,0
montpellier|france,Montpellier,France,43.61092,3.87723,1300,35000,chandler,1,0
narbonne|france,Narbonne,France,43.18333,3,1300,30000,chandler,0,0
nimes|france,Nimes,France,43.83333,4.35,1300,15000,chandler,0,0
paris|france,Paris,France,48.856614,2.352222,1300,228000,chandler,0,0
reims|france,Reims,France,49.25,4.03333,1300,15000,chandler,0,0
rouen|france,Rouen,France,49.44313,1.09932,1300,50000,chandler,0,0
toulouse|france,Toulouse,France,43.60426,1.44367,1300,35000,chandler,0,0
tours|france,Tours,France,47.38333,0.68333,1300,25000,chandler,0,0
cologne|germany,Cologne,Germany,50.937531,6.960278,1300,54000,chandler,0,0
erfurt|germany,Erfurt,Germany,50.9787,11.03283,1300,30000,chandler,0,0
lubeck|germany,Lubeck,Germany,53.865886,10.687097,1300,22000,chandler,0,0
magdeburg|germany,Magdeburg,Germany,52.130808,11.628878,1300,15000,chandler,0,0
mainz|germany,Mainz,Germany,49.98419,8.2791,1300,24000,chandler,0,0
speyer|germany,Speyer,Germany,49.320478,8.436217,1300,30000,chandler,0,0
trier|germany,Trier,Germany,49.75565,6.63935,1300,15000,chandler,0,0
worms|germany,Worms,Germany,49.63278,8.35916,1300,20000,chandler,0,0
wroclaw|germany,Wroclaw,Germany,51.116667,17.033333,1300,14000,chandler,0,0
athens|greece,Athens,Greece,37.97945,23.71622,1300,25000,chandler,1,0
thessaloniki|greece,Thessaloniki,Greece,40.63935,22.944606,1300,50000,chandler,1,0
budapest|hungary,Budapest,Hungary,47.49801,19.03991,1300,15000,chandler,0,0
esztergom|hungary,Esztergom,Hungary,47.7928,18.74148,1300,12000,chandler,0,0
cuttack|india,Cuttack,India,20.46497,85.87927,1300,90000,chandler,0,0
delhi|india,Delhi,India,28.65381,77.22897,1300,100000,chandler,0,0
gauda|india,Gauda,India,24.866667,88.133333,1300,100000,chandler,0,0
goa|india,Goa,India,15.299333,74.124,1300,40000,chandler,0,0
halebidu|india,Halebidu,India,12.2591,76.640549,1300,25000,chandler,0,0
kayalpatam|india,Kayalpatam,India,8.566389,78.116389,1300,50000,chandler,0,0
madurai|india,Madurai,India,9.91735,78.11962,1300,60000,chandler,0,0
quilon|india,Quilon,India,8.88,76.6,1300,50000,chandler,0,0
thana|india,Thana,India,19.218331,72.97809,1300,48000,chandler,1,0
vijayanagar|india,Vijayanagar,India,15.335,76.462,1300,40000,chandler,0,0
warangal|india,Warangal,India,17.968901,79.58333,1300,80000,chandler,0,0
majapahit|indonesia,Majapahit,Indonesia,-8.18947,113.667019,1300,40000,chandler,0,0
esfahan|iran,Esfahan,Iran,32.651389,51.679192,1300,62000,chandler,0,0
hormuz|iran,Hormuz,Iran,27.1,56.45,1300,50000,chandler,0,0
shiraz|iran,Shiraz,Iran,29.61031,52.53114,1300,50000,chandler,0,0
tabriz|iran,Tabriz,Iran,38.08,46.2919,1300,125000,chandler,0,0
yadz|iran,Yadz,Iran,31.896611,54.360681,1300,40000,chandler,0,0
baghdad|iraq,Baghdad,Iraq,33.34058,44.40088,1300,40000,chandler,0,0
dublin|ireland,Dublin,Ireland,53.33306,-6.24889,1300,25000,chandler,1,0
bologna|italy,Bologna,Italy,44.49381,11.33875,1300,40000,chandler,0,0
florence|italy,Florence,Italy,43.771033,11.248,1300,60000,chandler,0,0
genova|italy,Genova,Italy,44.40565,8.946256,1300,85000,chandler,0,0
messina|italy,Messina,Italy,38.19327,15.54969,1300,25000,chandler,0,0
milan|italy,Milan,Italy,45.465453,9.198786,1300,60000,chandler,0,0
palermo|italy,Palermo,Italy,38.115689,13.361267,1300,35000,chandler,1,0
pavia|italy,Pavia,Italy,45.18446,9.16145,1300,30000,chandler,0,0
pisa|italy,Pisa,Italy,43.71553,10.39659,1300,25000,chandler,1,0
reggio di calabria|italy,Reggio di Calabria,Italy,38.1113,15.647292,1300,9000,chandler,0,0
rome|italy,Rome,Italy,41.89474,12.4839,1300,30000,chandler,0,0
venice|italy,Venice,Italy,45.440847,12.315514,1300,110000,chandler,0,0
verona|italy,Verona,Italy,45.43419,10.99779,1300,36000,chandler,0,0
kamakura|japan,Kamakura,Japan,35.30889,139.55028,1300,200000,chandler,1,0
kyoto|japan,Kyoto,Japan,35.02107,135.75385,1300,40000,chandler,0,0
gao|mali,Gao,Mali,16.27167,-0.04472,1300,25000,chandler,0,0
mali|mali,Mali,Mali,11,-8,1300,40000,chandler,0,0
tombouctou|mali,Tombouctou,Mali,16.77348,-3.00742,1300,10000,chandler,0,0
texcoco|mexico,Texcoco,Mexico,19.504422,-98.891425,1300,50000,chandler,0,0
azemmour|morocco,Azemmour,Morocco,33.287778,-8.342222,1300,10000,chandler,1,0
fez|morocco,Fez,Morocco,34.033333,-5.01,1300,150000,chandler,0,0
marrakech|morocco,Marrakech,Morocco,31.63416,-7.99994,1300,75000,chandler,0,0
utrecht|netherlands,Utrecht,Netherlands,52.09083,5.12222,1300,20000,chandler,0,0
kano|nigeria,Kano,Nigeria,12.00012,8.51672,1300,30000,chandler,0,0
bergen|norway,Bergen,Norway,60.391264,5.322053,1300,15000,chandler,1,0
krakow|poland,Krakow,Poland,50.06143,19.93658,1300,14000,chandler,0,0
lisbon|portugal,Lisbon,Portugal,38.71667,-9.13333,1300,35000,chandler,0,0
campulung muscel|romania,Campulung Muscel,Romania,47.5308,25.5514,1300,17000,chandler,0,0
feodosia|russian federation,Feodosia,Russian Federation,45.048889,35.379167,1300,40000,chandler,1,0
kazan|russian federation,Kazan,Russian Federation,55.790278,49.134722,1300,30000,chandler,0,0
novgorod|russian federation,Novgorod,Russian Federation,58.525569,31.274192,1300,30000,chandler,0,0
sarai|russian federation,Sarai,Russian Federation,53.74577,41.02126,1300,100000,chandler,0,0
smolensk|russian federation,Smolensk,Russian Federation,54.7818,32.0401,1300,25000,chandler,0,0
sudak|russian federation,Sudak,Russian Federation,44.84924,34.97471,1300,30000,chandler,0,0
tver|russian federation,Tver,Russian Federation,56.858722,35.917597,1300,27000,chandler,0,0
vladimir|russian federation,Vladimir,Russian Federation,56.13655,40.39658,1300,31000,chandler,0,0
dienne|senegal,Dienne,Senegal,15.033366,-16.350122,1300,20000,chandler,0,0
almeria|spain,Almeria,Spain,36.83814,-2.45974,1300,25000,chandler,0,0
barcelona|spain,Barcelona,Spain,41.38879,2.15899,1300,30000,chandler,1,0
burgos|spain,Burgos,Spain,42.35,-3.7,1300,21000,chandler,0,0
cordoba|spain,Cordoba,Spain,38.046133,-4.893564,1300,40000,chandler,0,0
granada|spain,Granada,Spain,37.177336,-3.598558,1300,90000,chandler,0,0
palma|spain,Palma,Spain,39.56939,2.65024,1300,25000,chandler,1,0
seville|spain,Seville,Spain,37.388097,-5.982331,1300,90000,chandler,0,0
toledo|spain,Toledo,Spain,39.862831,-4.027322,1300,33000,chandler,0,0
valencia|spain,Valencia,Spain,39.469908,-0.376289,1300,37000,chandler,1,0
zaragoza|spain,Zaragoza,Spain,41.648792,-0.889581,1300,20000,chandler,0,0
dongola|sudan,Dongola,Sudan,19.16667,30.48333,1300,30000,chandler,0,0
soba|sudan,Soba,Sudan,15.523889,32.680833,1300,20000,chandler,0,0
visby|sweden,Visby,Sweden,57.64089,18.29602,1300,15000,chandler,1,0
damascus|syria,Damascus,Syria,33.5102,36.29128,1300,64000,chandler,0,0
kilwa|tanzania,Kilwa,Tanzania,-9.149644,38.987675,1300,20000,chandler,0,0
sukhothai|thailand,Sukhothai,Thailand,17.005558,99.826372,1300,32500,chandler,0,0
tunis|tunisia,Tunis,Tunisia,36.818811,10.165961,1300,50000,chandler,1,1
istanbul|turkey,Istanbul,Turkey,41.005275,28.976944,1300,100000,chandler,0,0
konya|turkey,Konya,Turkey,37.87135,32.48464,1300,40000,chandler,0,0
trabzon|turkey,Trabzon,Turkey,41.00145,39.717806,1300,60000,chandler,1,1
glasgow|united kingdom,Glasgow,United Kingdom,55.86515,-4.25763,1300,1500,chandler,0,0
london|united kingdom,London,United Kingdom,51.511214,-0.119825,1300,45000,chandler,0,0
norwich|united kingdom,Norwich,United Kingdom,52.62783,1.29834,1300,24000,chandler,0,0
binh dinh|vietnam,Binh Dinh,Vietnam,14.166256,108.902683,1300,40000,chandler,0,0
zimbabwe|zimbabwe,Zimbabwe,Zimbabwe,-20.266667,30.933333,1300,25000,chandler,0,0
messina|italy,Messina,Italy,38.19327,15.54969,1302,25000,chandler,0,0
chittoor|india,Chittoor,India,13.217176,79.100329,1303,30000,chandler,0,0
beziers|france,Beziers,France,43.34762,3.21899,1304,14476,chandler,1,0
gent|belgium,Gent,Belgium,51.053469,3.730378,1309,42000,chandler,0,0
zaragoza|spain,Zaragoza,Spain,41.648792,-0.889581,1311,21000,chandler,0,0
norwich|united kingdom,Norwich,United Kingdom,52.62783,1.29834,1311,25000,chandler,0,0
xian|china,Xian,China,34.341485,108.940404,1312,118000,chandler,0,0
mainz|germany,Mainz,Germany,49.98419,8.2791,1313,24000,chandler,0,0
arles|france,Arles,France,43.6767,4.6278,1320,17000,chandler,0,0
dijon|france,Dijon,France,47.31667,5.01667,1320,18000,chandler,0,0
nimes|france,Nimes,France,43.83333,4.35,1320,16000,chandler,0,0
esfahan|iran,Esfahan,Iran,32.651389,51.679192,1320,62000,chandler,0,0
soltaniyeh|iran,Soltaniyeh,Iran,36.434722,48.7975,1320,50000,chandler,0,0
tabriz|iran,Tabriz,Iran,38.08,46.2919,1320,110000,chandler,0,0
yadz|iran,Yadz,Iran,31.896611,54.360681,1320,40000,chandler,0,0
salerno|italy,Salerno,Italy,40.67797,14.76599,1320,10000,chandler,1,0
mali|mali,Mali,Mali,11,-8,1324,60000,chandler,0,0
dienne|senegal,Dienne,Senegal,15.033366,-16.350122,1324,20000,chandler,0,0
tsinkiang|china,Tsinkiang,China,24.913889,118.58583,1325,85000,chandler,1,0
reims|france,Reims,France,49.25,4.03333,1325,15000,chandler,0,0
wroclaw|germany,Wroclaw,Germany,51.116667,17.033333,1325,15000,chandler,0,0
chittoor|india,Chittoor,India,13.217176,79.100329,1326,30000,chandler,0,0
delhi|india,Delhi,India,28.65381,77.22897,1327,40000,chandler,0,0
edinburgh|united kingdom,Edinburgh,United Kingdom,55.95206,-3.19648,1327,1000,chandler,1,0
paris|france,Paris,France,48.856614,2.352222,1328,274000,chandler,0,0
wroclaw|germany,Wroclaw,Germany,51.116667,17.033333,1329,16000,chandler,0,0
kaifeng|china,Kaifeng,China,34.7986,114.30742,1330,90000,chandler,0,0
liaoyang|china,Liaoyang,China,41.266667,123.183333,1330,25000,chandler,0,0
sarai|russian federation,Sarai,Russian Federation,53.74577,41.02126,1330,117000,chandler,0,0
shenyang|china,Shenyang,China,41.79222,123.43278,1331,29000,chandler,0,0
cologne|germany,Cologne,Germany,50.937531,6.960278,1333,57000,chandler,0,0
toulouse|france,Toulouse,France,43.60426,1.44367,1335,35000,chandler,0,0
tours|france,Tours,France,47.38333,0.68333,1340,26000,chandler,0,0
shiraz|iran,Shiraz,Iran,29.61031,52.53114,1340,85000,chandler,0,0
naples|italy,Naples,Italy,40.851775,14.268122,1340,60000,chandler,0,0
fez|morocco,Fez,Morocco,34.033333,-5.01,1340,125000,chandler,0,0
istanbul|turkey,Istanbul,Turkey,41.005275,28.976944,1340,80000,chandler,0,0
madurai|india,Madurai,India,9.91735,78.11962,1341,36000,chandler,0,0
moscow|russian federation,Moscow,Russian Federation,55.75222,37.61556,1343,35000,chandler,0,0
nanjing|china,Nanjing,China,32.05,118.766667,1344,95000,chandler,0,0
goa|india,Goa,India,15.299333,74.124,1344,40000,chandler,0,0
prague|austria,Prague,Austria,50.08804,14.42076,1346,50000,chandler,0,0
caen|france,Caen,France,49.18585,-0.35912,1346,18000,chandler,1,0
montpellier|france,Montpellier,France,43.61092,3.87723,1347,40000,chandler,1,0
florence|italy,Florence,Italy,43.771033,11.248,1347,55000,chandler,0,0
venice|italy,Venice,Italy,45.440847,12.315514,1347,110000,chandler,0,0
cairo|egypt,Cairo,Egypt,30.06263,31.24967,1348,500000,chandler,0,0
avignon|france,Avignon,France,43.94834,4.80892,1348,35000,chandler,0,0
wroclaw|germany,Wroclaw,Germany,51.116667,17.033333,1348,21866,chandler,0,0
messina|italy,Messina,Italy,38.19327,15.54969,1348,22000,chandler,0,0
london|united kingdom,London,United Kingdom,51.511214,-0.119825,1348,65000,chandler,0,0
constantine|algeria,Constantine,Algeria,36.365,6.61472,1350,30000,chandler,0,0
tlemcen|algeria,Tlemcen,Algeria,34.87833,-1.315,1350,50000,chandler,0,0
prague|austria,Prague,Austria,50.08804,14.42076,1350,50000,chandler,0,0
gent|belgium,Gent,Belgium,51.053469,3.730378,1350,57000,chandler,0,0
angkor|cambodia,Angkor,Cambodia,13.412417,103.86705,1350,90000,chandler,0,0
beijing|china,Beijing,China,39.9075,116.39723,1350,400000,chandler,0,0
chengdu|china,Chengdu,China,30.66667,104.06667,1350,50000,chandler,0,0
fuzhou|china,Fuzhou,China,26.076111,119.306389,1350,70000,chandler,0,0
guangzhou|china,Guangzhou,China,23.11667,113.25,1350,150000,chandler,0,0
hangzhou|china,Hangzhou,China,30.25,120.166667,1350,432000,chandler,1,0
kaifeng|china,Kaifeng,China,34.7986,114.30742,1350,90000,chandler,0,0
kashi|china,Kashi,China,39.4704,75.989756,1350,40000,chandler,0,0
kunming|china,Kunming,China,25.03889,102.71833,1350,50000,chandler,0,0
nanjing|china,Nanjing,China,32.05,118.766667,1350,95000,chandler,0,0
suzhou|china,Suzhou,China,31.3,120.6,1350,96000,chandler,0,0
taiyuan|china,Taiyuan,China,37.87059,112.548879,1350,50000,chandler,0,0
tsinkiang|china,Tsinkiang,China,24.913889,118.58583,1350,90000,chandler,1,0
wuhan|china,Wuhan,China,30.58333,114.26667,1350,90000,chandler,0,0
xian|china,Xian,China,34.341485,108.940404,1350,114000,chandler,0,0
alexandria|egypt,Alexandria,Egypt,31.200092,29.918739,1350,60000,chandler,1,0
cairo|egypt,Cairo,Egypt,30.06263,31.24967,1350,350000,chandler,0,0
kush|egypt,Kush,Egypt,18.53,31.84,1350,40000,chandler,0,0
paris|france,Paris,France,48.856614,2.352222,1350,215000,chandler,0,0
rouen|france,Rouen,France,49.44313,1.09932,1350,40000,chandler,0,0
lubeck|germany,Lubeck,Germany,53.865886,10.687097,1350,34000,chandler,0,0
calicut|india,Calicut,India,11.258753,75.78041,1350,50000,chandler,1,0
cambay|india,Cambay,India,22.313114,72.619408,1350,50000,chandler,1,0
cuttack|india,Cuttack,India,20.46497,85.87927,1350,90000,chandler,0,0
delhi|india,Delhi,India,28.65381,77.22897,1350,125000,chandler,0,0
goa|india,Goa,India,15.299333,74.124,1350,40000,chandler,0,0
gulbarga|india,Gulbarga,India,17.33764,76.83787,1350,70000,chandler,0,0
patan|india,Patan,India,23.8507,72.12963,1350,50000,chandler,0,0
quilon|india,Quilon,India,8.88,76.6,1350,60000,chandler,0,0
vijayanagar|india,Vijayanagar,India,15.335,76.462,1350,100000,chandler,0,0
majapahit|indonesia,Majapahit,Indonesia,-8.18947,113.667019,1350,40000,chandler,0,0
esfahan|iran,Esfahan,Iran,32.651389,51.679192,1350,70000,chandler,0,0
hormuz|iran,Hormuz,Iran,27.1,56.45,1350,40000,chandler,0,0
shiraz|iran,Shiraz,Iran,29.61031,52.53114,1350,80000,chandler,0,0
soltaniyeh|iran,Soltaniyeh,Iran,36.434722,48.7975,1350,50000,chandler,0,0
tabriz|iran,Tabriz,Iran,38.08,46.2919,1350,100000,chandler,0,0
baghdad|iraq,Baghdad,Iraq,33.34058,44.40088,1350,100000,chandler,0,0
florence|italy,Florence,Italy,43.771033,11.248,1350,40000,chandler,0,0
genova|italy,Genova,Italy,44.40565,8.946256,1350,70000,chandler,0,0
milan|italy,Milan,Italy,45.465453,9.198786,1350,50000,chandler,0,0
naples|italy,Naples,Italy,40.851775,14.268122,1350,40000,chandler,0,0
venice|italy,Venice,Italy,45.440847,12.315514,1350,85000,chandler,0,0
trakai|lithuania,Trakai,Lithuania,54.633333,24.933333,1350,40000,chandler,0,0
vilnius|lithuania,Vilnius,Lithuania,54.683333,25.283333,1350,20000,chandler,0,0
mali|mali,Mali,Mali,11,-8,1350,60000,chandler,0,0
texcoco|mexico,Texcoco,Mexico,19.504422,-98.891425,1350,70000,chandler,0,0
fez|morocco,Fez,Morocco,34.033333,-5.01,1350,125000,chandler,0,0
marrakech|morocco,Marrakech,Morocco,31.63416,-7.99994,1350,50000,chandler,0,0
martaban|myanmar,Martaban,Myanmar,16.52834,97.6157,1350,40000,chandler,1,0
szczecin|poland,Szczecin,Poland,53.416667,14.583333,1350,6000,chandler,0,0
lisbon|portugal,Lisbon,Portugal,38.71667,-9.13333,1350,45000,chandler,0,0
feodosia|russian federation,Feodosia,Russian Federation,45.048889,35.379167,1350,55000,chandler,1,0
nizhniy novgorod|russian federation,Nizhniy Novgorod,Russian Federation,56.3269,44.0075,1350,40000,chandler,0,0
sarai|russian federation,Sarai,Russian Federation,53.74577,41.02126,1350,120000,chandler,0,0
granada|spain,Granada,Spain,37.177336,-3.598558,1350,60000,chandler,0,0
aleppo|syria,Aleppo,Syria,36.216667,37.166667,1350,70000,chandler,0,0
damascus|syria,Damascus,Syria,33.5102,36.29128,1350,74000,chandler,0,0
sukhothai|thailand,Sukhothai,Thailand,17.005558,99.826372,1350,40000,chandler,0,0
istanbul|turkey,Istanbul,Turkey,41.005275,28.976944,1350,80000,chandler,0,0
binh dinh|vietnam,Binh Dinh,Vietnam,14.166256,108.902683,1350,50000,chandler,0,0
hanoi|vietnam,Hanoi,Vietnam,21.033333,105.85,1350,45000,chandler,0,0
gao|mali,Gao,Mali,16.27167,-0.04472,1353,30000,chandler,0,0
tours|france,Tours,France,47.38333,0.68333,1354,25000,chandler,0,0
delhi|india,Delhi,India,28.65381,77.22897,1354,125000,chandler,0,0
valencia|spain,Valencia,Spain,39.469908,-0.376289,1355,47000,chandler,1,0
angkor|cambodia,Angkor,Cambodia,13.412417,103.86705,1357,90000,chandler,0,0
gent|belgium,Gent,Belgium,51.053469,3.730378,1358,60000,chandler,0,0
gent|belgium,Gent,Belgium,51.053469,3.730378,1359,59000,chandler,0,0
barcelona|spain,Barcelona,Spain,41.38879,2.15899,1359,38000,chandler,1,0
hangzhou|china,Hangzhou,China,30.25,120.166667,1360,230000,chandler,1,0
reims|france,Reims,France,49.25,4.03333,1360,17500,chandler,0,0
marseille|france,Marseille,France,43.29695,5.38107,1361,10000,chandler,1,0
valencia|spain,Valencia,Spain,39.469908,-0.376289,1361,47000,chandler,1,0
visby|sweden,Visby,Sweden,57.64089,18.29602,1361,17000,chandler,1,0
tunis|tunisia,Tunis,Tunisia,36.818811,10.165961,1361,35000,chandler,1,1
trier|germany,Trier,Germany,49.75565,6.63935,1363,10000,chandler,0,0
rouen|france,Rouen,France,49.44313,1.09932,1364,60000,chandler,0,0
augsberg|germany,Augsberg,Germany,48.371444,10.898239,1364,26000,chandler,0,0
gulbarga|india,Gulbarga,India,17.33764,76.83787,1366,90000,chandler,0,0
montpellier|france,Montpellier,France,43.61092,3.87723,1367,22000,chandler,1,0
gdansk|poland,Gdansk,Poland,54.352025,18.64663,1367,7700,chandler,1,0
fuzhou|china,Fuzhou,China,26.076111,119.306389,1368,70000,chandler,0,0
chengdu|china,Chengdu,China,30.66667,104.06667,1370,33000,chandler,0,0
xian|china,Xian,China,34.341485,108.940404,1370,112000,chandler,0,0
avignon|france,Avignon,France,43.94834,4.80892,1370,30000,chandler,0,0
athens|greece,Athens,Greece,37.97945,23.71622,1370,30000,chandler,1,0
suzhou|china,Suzhou,China,31.3,120.6,1371,105000,chandler,0,0
bologna|italy,Bologna,Italy,44.49381,11.33875,1371,40000,chandler,0,0
syracuse|greece,Syracuse,Greece,37.06082237,15.29420264,1374,8000,chandler,0,0
palermo|italy,Palermo,Italy,38.115689,13.361267,1374,23000,chandler,1,0
delhi|india,Delhi,India,28.65381,77.22897,1375,1250000,chandler,0,0
vijayanagar|india,Vijayanagar,India,15.335,76.462,1375,350000,chandler,0,0
dijon|france,Dijon,France,47.31667,5.01667,1376,18000,chandler,0,0
dali|china,Dali,China,25.606486,100.267638,1377,25000,chandler,0,0
erfurt|germany,Erfurt,Germany,50.9787,11.03283,1377,32000,chandler,0,0
rome|italy,Rome,Italy,41.89474,12.4839,1377,17000,chandler,0,0
london|united kingdom,London,United Kingdom,51.511214,-0.119825,1377,50000,chandler,0,0
norwich|united kingdom,Norwich,United Kingdom,52.62783,1.29834,1377,7000,chandler,0,0
prague|austria,Prague,Austria,50.08804,14.42076,1378,95000,chandler,0,0
suzhou|china,Suzhou,China,31.3,120.6,1378,122000,chandler,0,0
narbonne|france,Narbonne,France,43.18333,3,1378,1000,chandler,0,0
gdansk|poland,Gdansk,Poland,54.352025,18.64663,1378,8500,chandler,1,0
venice|italy,Venice,Italy,45.440847,12.315514,1379,110000,chandler,0,0
gent|belgium,Gent,Belgium,51.053469,3.730378,1380,65000,chandler,0,0
florence|italy,Florence,Italy,43.771033,11.248,1380,61500,chandler,0,0
fuzhou|china,Fuzhou,China,26.076111,119.306389,1381,81164,chandler,0,0
paris|france,Paris,France,48.856614,2.352222,1382,300000,chandler,0,0
taiyuan|china,Taiyuan,China,37.87059,112.548879,1383,53719,chandler,0,0
oporto|portugal,Oporto,Portugal,41.167972,-8.627064,1383,15000,chandler,1,0
alexandria|egypt,Alexandria,Egypt,31.200092,29.918739,1384,50000,chandler,1,0
wenzhou|china,Wenzhou,China,27.99942,120.66682,1385,25000,chandler,1,0
toulouse|france,Toulouse,France,43.60426,1.44367,1385,25964,chandler,0,0
barcelona|spain,Barcelona,Spain,41.38879,2.15899,1385,36000,chandler,1,0
zaragoza|spain,Zaragoza,Spain,41.648792,-0.889581,1385,19000,chandler,0,0
edinburgh|united kingdom,Edinburgh,United Kingdom,55.95206,-3.19648,1385,10000,chandler,1,0
esfahan|iran,Esfahan,Iran,32.651389,51.679192,1387,70000,chandler,0,0
verona|italy,Verona,Italy,45.43419,10.99779,1387,40000,chandler,0,0
vilnius|lithuania,Vilnius,Lithuania,54.683333,25.283333,1387,30000,chandler,0,0
nanjing|china,Nanjing,China,32.05,118.766667,1391,473200,chandler,0,0
patan|india,Patan,India,23.8507,72.12963,1392,60000,chandler,0,0
suzhou|china,Suzhou,China,31.3,120.6,1393,129000,chandler,0,0
montpellier|france,Montpellier,France,43.61092,3.87723,1396,17200,chandler,1,0
yadz|iran,Yadz,Iran,31.896611,54.360681,1396,30000,chandler,0,0
messina|italy,Messina,Italy,38.19327,15.54969,1396,15000,chandler,0,0
genova|italy,Genova,Italy,44.40565,8.946256,1397,66000,chandler,0,0
toulouse|france,Toulouse,France,43.60426,1.44367,1398,24000,chandler,0,0
delhi|india,Delhi,India,28.65381,77.22897,1398,125000,chandler,0,0
nimes|france,Nimes,France,43.83333,4.35,1399,1000,chandler,0,0
naples|italy,Naples,Italy,40.851775,14.268122,1399,40000,chandler,0,0
aleppo|syria,Aleppo,Syria,36.216667,37.166667,1399,75000,chandler,0,0
bejaia|algeria,Bejaia,Algeria,36.75,5.066667,1400,40000,chandler,1,0
constantine|algeria,Constantine,Algeria,36.365,6.61472,1400,30000,chandler,0,0
tlemcen|algeria,Tlemcen,Algeria,34.87833,-1.315,1400,70000,chandler,0,0
prague|austria,Prague,Austria,50.08804,14.42076,1400,95000,chandler,0,0
vienna|austria,Vienna,Austria,48.20849,16.37208,1400,30000,chandler,0,0
gent|belgium,Gent,Belgium,51.053469,3.730378,1400,70000,chandler,0,0
liege|belgium,Liege,Belgium,50.63373,5.56749,1400,23000,chandler,0,0
sofia|bulgaria,Sofia,Bulgaria,42.69751,23.32415,1400,20000,chandler,0,0
angkor|cambodia,Angkor,Cambodia,13.412417,103.86705,1400,40000,chandler,0,0
beijing|china,Beijing,China,39.9075,116.39723,1400,150000,chandler,0,0
chengdu|china,Chengdu,China,30.66667,104.06667,1400,50000,chandler,0,0
fuzhou|china,Fuzhou,China,26.076111,119.306389,1400,81000,chandler,0,0
guangzhou|china,Guangzhou,China,23.11667,113.25,1400,150000,chandler,0,0
guiyang|china,Guiyang,China,26.647661,106.630154,1400,12000,chandler,0,0
hangzhou|china,Hangzhou,China,30.25,120.166667,1400,240000,chandler,1,0
jingdezhen|china,Jingdezhen,China,29.268836,117.17842,1400,75000,chandler,0,0
kaifeng|china,Kaifeng,China,34.7986,114.30742,1400,90000,chandler,0,0
kunming|china,Kunming,China,25.03889,102.71833,1400,50000,chandler,0,0
nanchang|china,Nanchang,China,28.68333,115.88333,1400,60000,chandler,0,0
nanjing|china,Nanjing,China,32.05,118.766667,1400,487000,chandler,0,0
suzhou|china,Suzhou,China,31.3,120.6,1400,129000,chandler,0,0
taiyuan|china,Taiyuan,China,37.87059,112.548879,1400,51000,chandler,0,0
tsinkiang|china,Tsinkiang,China,24.913889,118.58583,1400,65000,chandler,1,0
wuhan|china,Wuhan,China,30.58333,114.26667,1400,90000,chandler,0,0
xian|china,Xian,China,34.341485,108.940404,1400,115000,chandler,0,0
nicosia|cyprus,Nicosia,Cyprus,35.16667,33.36667,1400,18000,chandler,1,0
copenhagen|denmark,Copenhagen,Denmark,55.67594,12.56553,1400,9000,chandler,1,0
roskilde|denmark,Roskilde,Denmark,55.64152,12.08035,1400,31000,chandler,0,0
quito|ecuador,Quito,Ecuador,-0.22985,-78.52495,1400,20000,chandler,0,0
riobamba|ecuador,Riobamba,Ecuador,-1.67083,-78.64861,1400,50000,chandler,0,0
alexandria|egypt,Alexandria,Egypt,31.200092,29.918739,1400,40000,chandler,1,0
cairo|egypt,Cairo,Egypt,30.06263,31.24967,1400,360000,chandler,0,0
kush|egypt,Kush,Egypt,18.53,31.84,1400,50000,chandler,0,0
axum|ethiopia,Axum,Ethiopia,14.131781,38.714081,1400,30000,chandler,0,0
avignon|france,Avignon,France,43.94834,4.80892,1400,20000,chandler,0,0
bordeaux|france,Bordeaux,France,44.84044,-0.5805,1400,30000,chandler,0,0
caen|france,Caen,France,49.18585,-0.35912,1400,18000,chandler,1,0
lyon|france,Lyon,France,45.74846,4.84671,1400,35000,chandler,0,0
marseille|france,Marseille,France,43.29695,5.38107,1400,10000,chandler,1,0
metz|france,Metz,France,49.11911,6.17269,1400,25000,chandler,0,0
paris|france,Paris,France,48.856614,2.352222,1400,280000,chandler,0,0
rouen|france,Rouen,France,49.44313,1.09932,1400,80000,chandler,0,0
toulouse|france,Toulouse,France,43.60426,1.44367,1400,23000,chandler,0,0
tours|france,Tours,France,47.38333,0.68333,1400,25000,chandler,0,0
augsberg|germany,Augsberg,Germany,48.371444,10.898239,1400,27000,chandler,0,0
cologne|germany,Cologne,Germany,50.937531,6.960278,1400,40000,chandler,0,0
erfurt|germany,Erfurt,Germany,50.9787,11.03283,1400,32000,chandler,0,0
hamburg|germany,Hamburg,Germany,53.57532,10.01534,1400,22000,chandler,0,0
lubeck|germany,Lubeck,Germany,53.865886,10.687097,1400,27000,chandler,0,0
magdeburg|germany,Magdeburg,Germany,52.130808,11.628878,1400,20000,chandler,0,0
soest|germany,Soest,Germany,51.57558,8.10619,1400,18000,chandler,0,0
wroclaw|germany,Wroclaw,Germany,51.116667,17.033333,1400,21000,chandler,0,0
athens|greece,Athens,Greece,37.97945,23.71622,1400,35000,chandler,1,0
thessaloniki|greece,Thessaloniki,Greece,40.63935,22.944606,1400,42000,chandler,1,0
gumarcaj|guatemala,Gumarcaj,Guatemala,14.7667,-91.2667,1400,30000,chandler,0,0
budapest|hungary,Budapest,Hungary,47.49801,19.03991,1400,20000,chandler,0,0
calicut|india,Calicut,India,11.258753,75.78041,1400,50000,chandler,1,0
cambay|india,Cambay,India,22.313114,72.619408,1400,60000,chandler,1,0
chittoor|india,Chittoor,India,13.217176,79.100329,1400,40000,chandler,0,0
cuttack|india,Cuttack,India,20.46497,85.87927,1400,75000,chandler,0,0
gauda|india,Gauda,India,24.866667,88.133333,1400,40000,chandler,0,0
goa|india,Goa,India,15.299333,74.124,1400,40000,chandler,0,0
gulbarga|india,Gulbarga,India,17.33764,76.83787,1400,90000,chandler,0,0
pandua|india,Pandua,India,23.07492,88.28637,1400,60000,chandler,0,0
patan|india,Patan,India,23.8507,72.12963,1400,60000,chandler,0,0
quilon|india,Quilon,India,8.88,76.6,1400,60000,chandler,0,0
vijayanagar|india,Vijayanagar,India,15.335,76.462,1400,400000,chandler,0,0
warangal|india,Warangal,India,17.968901,79.58333,1400,35000,chandler,0,0
gresik|indonesia,Gresik,Indonesia,-7.15389,112.65611,1400,40000,chandler,0,0
majapahit|indonesia,Majapahit,Indonesia,-8.18947,113.667019,1400,40000,chandler,0,0
hormuz|iran,Hormuz,Iran,27.1,56.45,1400,50000,chandler,0,0
shiraz|iran,Shiraz,Iran,29.61031,52.53114,1400,80000,chandler,0,0
soltaniyeh|iran,Soltaniyeh,Iran,36.434722,48.7975,1400,50000,chandler,0,0
tabriz|iran,Tabriz,Iran,38.08,46.2919,1400,150000,chandler,0,0
baghdad|iraq,Baghdad,Iraq,33.34058,44.40088,1400,90000,chandler,0,0
dublin|ireland,Dublin,Ireland,53.33306,-6.24889,1400,12000,chandler,1,0
bologna|italy,Bologna,Italy,44.49381,11.33875,1400,43000,chandler,0,0
cremona|italy,Cremona,Italy,45.13617,10.02797,1400,35000,chandler,0,0
florence|italy,Florence,Italy,43.771033,11.248,1400,61000,chandler,0,0
genova|italy,Genova,Italy,44.40565,8.946256,1400,66000,chandler,0,0
milan|italy,Milan,Italy,45.465453,9.198786,1400,80000,chandler,0,0
naples|italy,Naples,Italy,40.851775,14.268122,1400,40000,chandler,0,0
palermo|italy,Palermo,Italy,38.115689,13.361267,1400,25000,chandler,1,0
pavia|italy,Pavia,Italy,45.18446,9.16145,1400,17000,chandler,0,0
rome|italy,Rome,Italy,41.89474,12.4839,1400,33000,chandler,0,0
venice|italy,Venice,Italy,45.440847,12.315514,1400,110000,chandler,0,0
verona|italy,Verona,Italy,45.43419,10.99779,1400,35000,chandler,0,0
kyoto|japan,Kyoto,Japan,35.02107,135.75385,1400,150000,chandler,0,0
nara city|japan,Nara City,Japan,34.685333,135.832742,1400,8000,chandler,0,0
yamaguchi|japan,Yamaguchi,Japan,34.185956,131.47065,1400,40000,chandler,1,1
luang prabang|lao people's democratic republic,Luang Prabang,Lao People's Democratic Republic,19.884111,102.141633,1400,50000,chandler,0,0
trakai|lithuania,Trakai,Lithuania,54.633333,24.933333,1400,50000,chandler,0,0
vilnius|lithuania,Vilnius,Lithuania,54.683333,25.283333,1400,20000,chandler,0,0
gao|mali,Gao,Mali,16.27167,-0.04472,1400,40000,chandler,0,0
mali|mali,Mali,Mali,11,-8,1400,50000,chandler,0,0
tombouctou|mali,Tombouctou,Mali,16.77348,-3.00742,1400,20000,chandler,0,0
texcoco|mexico,Texcoco,Mexico,19.504422,-98.891425,1400,60000,chandler,0,0
fez|morocco,Fez,Morocco,34.033333,-5.01,1400,125000,chandler,0,0
marrakech|morocco,Marrakech,Morocco,31.63416,-7.99994,1400,50000,chandler,0,0
pegu|myanmar,Pegu,Myanmar,17.333333,96.483333,1400,50000,chandler,0,0
kano|nigeria,Kano,Nigeria,12.00012,8.51672,1400,30000,chandler,0,0
oyo|nigeria,Oyo,Nigeria,7.85,3.93333,1400,50000,chandler,0,0
cajamarquilla|peru,Cajamarquilla,Peru,-11.985278,-76.910556,1400,40000,chandler,0,0
chanchan|peru,Chanchan,Peru,-8.106,-79.074536,1400,25000,chandler,1,0
krakow|poland,Krakow,Poland,50.06143,19.93658,1400,18000,chandler,0,0
lisbon|portugal,Lisbon,Portugal,38.71667,-9.13333,1400,55000,chandler,0,0
seoul|republic of korea,Seoul,Republic of Korea,37.56826,126.97783,1400,100000,chandler,0,0
targoviste|romania,Targoviste,Romania,44.924167,25.456667,1400,25000,chandler,0,0
feodosia|russian federation,Feodosia,Russian Federation,45.048889,35.379167,1400,75000,chandler,1,0
moscow|russian federation,Moscow,Russian Federation,55.75222,37.61556,1400,30000,chandler,0,0
nizhniy novgorod|russian federation,Nizhniy Novgorod,Russian Federation,56.3269,44.0075,1400,45000,chandler,0,0
novgorod|russian federation,Novgorod,Russian Federation,58.525569,31.274192,1400,45000,chandler,0,0
pskov|russian federation,Pskov,Russian Federation,57.8136,28.3496,1400,30000,chandler,0,0
smolensk|russian federation,Smolensk,Russian Federation,54.7818,32.0401,1400,25000,chandler,0,0
sudak|russian federation,Sudak,Russian Federation,44.84924,34.97471,1400,30000,chandler,0,0
tver|russian federation,Tver,Russian Federation,56.858722,35.917597,1400,20000,chandler,0,0
dienne|senegal,Dienne,Senegal,15.033366,-16.350122,1400,20000,chandler,0,0
skopje|serbia,Skopje,Serbia,41.99646,21.43141,1400,22000,chandler,0,0
almeria|spain,Almeria,Spain,36.83814,-2.45974,1400,25000,chandler,0,0
barcelona|spain,Barcelona,Spain,41.38879,2.15899,1400,36000,chandler,1,0
burgos|spain,Burgos,Spain,42.35,-3.7,1400,27000,chandler,0,0
cordoba|spain,Cordoba,Spain,38.046133,-4.893564,1400,36000,chandler,0,0
granada|spain,Granada,Spain,37.177336,-3.598558,1400,90000,chandler,0,0
palma|spain,Palma,Spain,39.56939,2.65024,1400,15000,chandler,1,0
seville|spain,Seville,Spain,37.388097,-5.982331,1400,60000,chandler,0,0
toledo|spain,Toledo,Spain,39.862831,-4.027322,1400,34000,chandler,0,0
valencia|spain,Valencia,Spain,39.469908,-0.376289,1400,45000,chandler,1,0
zaragoza|spain,Zaragoza,Spain,41.648792,-0.889581,1400,19000,chandler,0,0
dongola|sudan,Dongola,Sudan,19.16667,30.48333,1400,25000,chandler,0,0
aleppo|syria,Aleppo,Syria,36.216667,37.166667,1400,75000,chandler,0,0
damascus|syria,Damascus,Syria,33.5102,36.29128,1400,74000,chandler,0,0
kilwa|tanzania,Kilwa,Tanzania,-9.149644,38.987675,1400,30000,chandler,0,0
tunis|tunisia,Tunis,Tunisia,36.818811,10.165961,1400,50000,chandler,1,1
bursa|turkey,Bursa,Turkey,40.19266,29.08403,1400,70000,chandler,0,0
edirne|turkey,Edirne,Turkey,41.681808,26.562269,1400,36000,chandler,0,0
istanbul|turkey,Istanbul,Turkey,41.005275,28.976944,1400,75000,chandler,0,0
karaman|turkey,Karaman,Turkey,37.18111,33.215,1400,50000,chandler,0,0
trabzon|turkey,Trabzon,Turkey,41.00145,39.717806,1400,50000,chandler,1,1
london|united kingdom,London,United Kingdom,51.511214,-0.119825,1400,50000,chandler,0,0
cahokia|united states of america,Cahokia,United States of America,38.57088,-90.19011,1400,4000,chandler,0,0
bukhara|uzbekistan,Bukhara,Uzbekistan,39.765869,64.422347,1400,40000,chandler,0,0
samarkand|uzbekistan,Samarkand,Uzbekistan,39.6576,66.947561,1400,130000,chandler,0,0
binh dinh|vietnam,Binh Dinh,Vietnam,14.166256,108.902683,1400,50000,chandler,0,0
hanoi|vietnam,Hanoi,Vietnam,21.033333,105.85,1400,46000,chandler,0,0
zimbabwe|zimbabwe,Zimbabwe,Zimbabwe,-20.266667,30.933333,1400,35000,chandler,0,0
baghdad|iraq,Baghdad,Iraq,33.34058,44.40088,1401,90000,chandler,0,0
florence|italy,Florence,Italy,43.771033,11.248,1401,50000,chandler,0,0
milan|italy,Milan,Italy,45.465453,9.198786,1401,80000,chandler,0,0
kagoshima|japan,Kagoshima,Japan,31.5966,130.557183,1401,21000,chandler,1,0
sivas|turkey,Sivas,Turkey,39.74833,37.01611,1402,27000,chandler,0,0
braunschweig|germany,Braunschweig,Germany,52.268875,10.526769,1403,16000,chandler,0,0
wroclaw|germany,Wroclaw,Germany,51.116667,17.033333,1403,21000,chandler,0,0
seoul|republic of korea,Seoul,Republic of Korea,37.56826,126.97783,1403,103328,chandler,0,0
angkor|cambodia,Angkor,Cambodia,13.412417,103.86705,1404,40000,chandler,0,0
metz|france,Metz,France,49.11911,6.17269,1405,30000,chandler,0,0
toulouse|france,Toulouse,France,43.60426,1.44367,1405,22136,chandler,0,0
tabriz|iran,Tabriz,Iran,38.08,46.2919,1405,200000,chandler,0,0
samarkand|uzbekistan,Samarkand,Uzbekistan,39.6576,66.947561,1405,150000,chandler,0,0
augsberg|germany,Augsberg,Germany,48.371444,10.898239,1408,27000,chandler,0,0
cordoba|spain,Cordoba,Spain,38.046133,-4.893564,1408,36000,chandler,0,0
feodosia|russian federation,Feodosia,Russian Federation,45.048889,35.379167,1410,75000,chandler,1,0
taiyuan|china,Taiyuan,China,37.87059,112.548879,1414,50228,chandler,0,0
trakai|lithuania,Trakai,Lithuania,54.633333,24.933333,1414,50000,chandler,0,0
bukhara|uzbekistan,Bukhara,Uzbekistan,39.765869,64.422347,1415,50000,chandler,0,0
reims|france,Reims,France,49.25,4.03333,1416,10000,chandler,0,0
rouen|france,Rouen,France,49.44313,1.09932,1417,80000,chandler,0,0
beziers|france,Beziers,France,43.34762,3.21899,1418,4280,chandler,1,0
paris|france,Paris,France,48.856614,2.352222,1418,280000,chandler,0,0
beijing|china,Beijing,China,39.9075,116.39723,1419,150000,chandler,0,0
hamburg|germany,Hamburg,Germany,53.57532,10.01534,1419,25000,chandler,0,0
bhimavaram|india,Bhimavaram,India,16.54541,81.531578,1422,60000,chandler,1,0
warangal|india,Warangal,India,17.968901,79.58333,1422,35000,chandler,0,0
vienna|austria,Vienna,Austria,48.20849,16.37208,1423,24000,chandler,0,0
thessaloniki|greece,Thessaloniki,Greece,40.63935,22.944606,1423,40000,chandler,1,0
chillicothe|united states of america,Chillicothe,United States of America,39.3364,-82.9839,1423,18000,chandler,0,0
arequipa|peru,Arequipa,Peru,-16.39889,-71.535,1425,5000,chandler,0,0
istanbul|turkey,Istanbul,Turkey,41.005275,28.976944,1425,70000,chandler,0,0
cincinnati|united states of america,Cincinnati,United States of America,39.162,-84.45689,1425,10000,chandler,0,0
texcoco|mexico,Texcoco,Mexico,19.504422,-98.891425,1427,60000,chandler,0,0
chillicothe|united states of america,Chillicothe,United States of America,39.3364,-82.9839,1427,18000,chandler,0,0
milan|italy,Milan,Italy,45.465453,9.198786,1428,83000,chandler,0,0
kaesong|dem. people's republic of korea,Kaesong,Dem. People's Republic of Korea,37.97083,126.55444,1430,25000,chandler,1,0
thessaloniki|greece,Thessaloniki,Greece,40.63935,22.944606,1430,7000,chandler,1,0
gdansk|poland,Gdansk,Poland,54.352025,18.64663,1430,20000,chandler,1,0
lisbon|portugal,Lisbon,Portugal,38.71667,-9.13333,1430,64000,chandler,0,0
gyeongju|republic of korea,Gyeongju,Republic of Korea,35.856172,129.224747,1430,18000,chandler,0,1
antioch|syria/turkey,Antioch,Syria/Turkey,36.20655,36.15722,1432,1500,chandler,0,0
plovdiv|bulgaria,Plovdiv,Bulgaria,42.15,24.75,1433,18000,chandler,0,0
belgrade|serbia,Belgrade,Serbia,44.80401,20.46513,1433,30000,chandler,0,0
cuttack|india,Cuttack,India,20.46497,85.87927,1435,144000,chandler,0,0
naples|italy,Naples,Italy,40.851775,14.268122,1435,60000,chandler,0,0
brugge|belgium,Brugge,Belgium,51.210819,3.224936,1437,80000,chandler,1,0
budapest|hungary,Budapest,Hungary,47.49801,19.03991,1437,22000,chandler,0,0
cuzco|peru,Cuzco,Peru,-13.525,-71.972222,1438,24000,chandler,0,0
cochin|india,Cochin,India,9.93988,76.26022,1440,30000,chandler,0,0
quilon|india,Quilon,India,8.88,76.6,1440,60000,chandler,0,0
pegu|myanmar,Pegu,Myanmar,17.333333,96.483333,1440,60000,chandler,0,0
cambay|india,Cambay,India,22.313114,72.619408,1442,60000,chandler,1,0
roskilde|denmark,Roskilde,Denmark,55.64152,12.08035,1443,36000,chandler,0,0
vijayanagar|india,Vijayanagar,India,15.335,76.462,1443,450000,chandler,0,0
lyon|france,Lyon,France,45.74846,4.84671,1446,33000,chandler,0,0
herat|afghanistan,Herat,Afghanistan,34.34817,62.19967,1450,50000,chandler,0,0
tlemcen|algeria,Tlemcen,Algeria,34.87833,-1.315,1450,50000,chandler,0,0
prague|austria,Prague,Austria,50.08804,14.42076,1450,70000,chandler,0,0
brugge|belgium,Brugge,Belgium,51.210819,3.224936,1450,60000,chandler,1,0
gent|belgium,Gent,Belgium,51.053469,3.730378,1450,80000,chandler,0,0
beijing|china,Beijing,China,39.9075,116.39723,1450,600000,chandler,0,0
chengdu|china,Chengdu,China,30.66667,104.06667,1450,65000,chandler,0,0
fuzhou|china,Fuzhou,China,26.076111,119.306389,1450,82000,chandler,0,0
guangzhou|china,Guangzhou,China,23.11667,113.25,1450,175000,chandler,0,0
hangzhou|china,Hangzhou,China,30.25,120.166667,1450,250000,chandler,1,0
jingdezhen|china,Jingdezhen,China,29.268836,117.17842,1450,80000,chandler,0,0
kaifeng|china,Kaifeng,China,34.7986,114.30742,1450,80000,chandler,0,0
kunming|china,Kunming,China,25.03889,102.71833,1450,50000,chandler,0,0
nanchang|china,Nanchang,China,28.68333,115.88333,1450,50000,chandler,0,0
nanjing|china,Nanjing,China,32.05,118.766667,1450,150000,chandler,0,0
suzhou|china,Suzhou,China,31.3,120.6,1450,121000,chandler,0,0
taiyuan|china,Taiyuan,China,37.87059,112.548879,1450,50000,chandler,0,0
tsinkiang|china,Tsinkiang,China,24.913889,118.58583,1450,65000,chandler,1,0
wuhan|china,Wuhan,China,30.58333,114.26667,1450,65000,chandler,0,0
xian|china,Xian,China,34.341485,108.940404,1450,120000,chandler,0,0
riobamba|ecuador,Riobamba,Ecuador,-1.67083,-78.64861,1450,60000,chandler,0,0
cairo|egypt,Cairo,Egypt,30.06263,31.24967,1450,380000,chandler,0,0
arles|france,Arles,France,43.6767,4.6278,1450,6000,chandler,0,0
paris|france,Paris,France,48.856614,2.352222,1450,150000,chandler,0,0
rouen|france,Rouen,France,49.44313,1.09932,1450,50000,chandler,0,0
magdeburg|germany,Magdeburg,Germany,52.130808,11.628878,1450,24000,chandler,0,0
ahmedabad|india,Ahmedabad,India,23.039568,72.566004,1450,50000,chandler,0,0
calicut|india,Calicut,India,11.258753,75.78041,1450,46000,chandler,1,0
cambay|india,Cambay,India,22.313114,72.619408,1450,60000,chandler,1,0
chittoor|india,Chittoor,India,13.217176,79.100329,1450,50000,chandler,0,0
cuttack|india,Cuttack,India,20.46497,85.87927,1450,100000,chandler,0,0
delhi|india,Delhi,India,28.65381,77.22897,1450,50000,chandler,0,0
gauda|india,Gauda,India,24.866667,88.133333,1450,150000,chandler,0,0
jaunpur|india,Jaunpur,India,25.75506,82.68361,1450,100000,chandler,0,0
mandu|india,Mandu,India,22.36667,75.38333,1450,70000,chandler,0,0
quilon|india,Quilon,India,8.88,76.6,1450,60000,chandler,0,0
vijayanagar|india,Vijayanagar,India,15.335,76.462,1450,455000,chandler,0,0
hormuz|iran,Hormuz,Iran,27.1,56.45,1450,50000,chandler,0,0
shiraz|iran,Shiraz,Iran,29.61031,52.53114,1450,80000,chandler,0,0
tabriz|iran,Tabriz,Iran,38.08,46.2919,1450,250000,chandler,0,0
bologna|italy,Bologna,Italy,44.49381,11.33875,1450,49000,chandler,0,0
florence|italy,Florence,Italy,43.771033,11.248,1450,53000,chandler,0,0
genova|italy,Genova,Italy,44.40565,8.946256,1450,76000,chandler,0,0
milan|italy,Milan,Italy,45.465453,9.198786,1450,83000,chandler,0,0
naples|italy,Naples,Italy,40.851775,14.268122,1450,75000,chandler,0,0
venice|italy,Venice,Italy,45.440847,12.315514,1450,100000,chandler,0,0
trakai|lithuania,Trakai,Lithuania,54.633333,24.933333,1450,50000,chandler,0,0
texcoco|mexico,Texcoco,Mexico,19.504422,-98.891425,1450,75000,chandler,0,0
fez|morocco,Fez,Morocco,34.033333,-5.01,1450,125000,chandler,0,0
marrakech|morocco,Marrakech,Morocco,31.63416,-7.99994,1450,50000,chandler,0,0
pegu|myanmar,Pegu,Myanmar,17.333333,96.483333,1450,60000,chandler,0,0
oyo|nigeria,Oyo,Nigeria,7.85,3.93333,1450,55000,chandler,0,0
szczecin|poland,Szczecin,Poland,53.416667,14.583333,1450,10000,chandler,0,0
lisbon|portugal,Lisbon,Portugal,38.71667,-9.13333,1450,60000,chandler,0,0
seoul|republic of korea,Seoul,Republic of Korea,37.56826,126.97783,1450,125000,chandler,0,0
targoviste|romania,Targoviste,Romania,44.924167,25.456667,1450,40000,chandler,0,0
feodosia|russian federation,Feodosia,Russian Federation,45.048889,35.379167,1450,60000,chandler,1,0
nizhniy novgorod|russian federation,Nizhniy Novgorod,Russian Federation,56.3269,44.0075,1450,55000,chandler,0,0
novgorod|russian federation,Novgorod,Russian Federation,58.525569,31.274192,1450,60000,chandler,0,0
riga|russian federation,Riga,Russian Federation,56.946,24.10589,1450,7000,chandler,1,0
skopje|serbia,Skopje,Serbia,41.99646,21.43141,1450,30000,chandler,0,0
burgos|spain,Burgos,Spain,42.35,-3.7,1450,37500,chandler,0,0
granada|spain,Granada,Spain,37.177336,-3.598558,1450,165000,chandler,0,0
aleppo|syria,Aleppo,Syria,36.216667,37.166667,1450,70000,chandler,0,0
damascus|syria,Damascus,Syria,33.5102,36.29128,1450,65000,chandler,0,0
ayutthaya|thailand,Ayutthaya,Thailand,14.35,100.55,1450,100000,chandler,0,0
tunis|tunisia,Tunis,Tunisia,36.818811,10.165961,1450,65000,chandler,1,1
bursa|turkey,Bursa,Turkey,40.19266,29.08403,1450,130000,chandler,0,0
edirne|turkey,Edirne,Turkey,41.681808,26.562269,1450,85000,chandler,0,0
istanbul|turkey,Istanbul,Turkey,41.005275,28.976944,1450,45000,chandler,0,0
karaman|turkey,Karaman,Turkey,37.18111,33.215,1450,80000,chandler,0,0
glasgow|united kingdom,Glasgow,United Kingdom,55.86515,-4.25763,1450,2000,chandler,0,0
london|united kingdom,London,United Kingdom,51.511214,-0.119825,1450,60000,chandler,0,0
bukhara|uzbekistan,Bukhara,Uzbekistan,39.765869,64.422347,1450,50000,chandler,0,0
samarkand|uzbekistan,Samarkand,Uzbekistan,39.6576,66.947561,1450,75000,chandler,0,0
zimbabwe|zimbabwe,Zimbabwe,Zimbabwe,-20.266667,30.933333,1450,40000,chandler,0,0
hamburg|germany,Hamburg,Germany,53.57532,10.01534,1451,20000,chandler,0,0
bursa|turkey,Bursa,Turkey,40.19266,29.08403,1451,133000,chandler,0,0
istanbul|turkey,Istanbul,Turkey,41.005275,28.976944,1453,45000,chandler,0,0
salerno|italy,Salerno,Italy,40.67797,14.76599,1455,3500,chandler,1,0
belgrade|serbia,Belgrade,Serbia,44.80401,20.46513,1456,30000,chandler,0,0
rome|italy,Rome,Italy,41.89474,12.4839,1458,33500,chandler,0,0
genova|italy,Genova,Italy,44.40565,8.946256,1460,78000,chandler,0,0
stockholm|sweden,Stockholm,Sweden,59.33258,18.0649,1461,6000,chandler,1,0
trabzon|turkey,Trabzon,Turkey,41.00145,39.717806,1461,40000,chandler,1,1
mainz|germany,Mainz,Germany,49.98419,8.2791,1463,7000,chandler,0,0
kano|nigeria,Kano,Nigeria,12.00012,8.51672,1463,50000,chandler,0,0
barcelona|spain,Barcelona,Spain,41.38879,2.15899,1463,35000,chandler,1,0
gent|belgium,Gent,Belgium,51.053469,3.730378,1467,80000,chandler,0,0
liege|belgium,Liege,Belgium,50.63373,5.56749,1467,30000,chandler,0,0
paris|france,Paris,France,48.856614,2.352222,1467,174000,chandler,0,0
kyoto|japan,Kyoto,Japan,35.02107,135.75385,1467,150000,chandler,0,0
mandu|india,Mandu,India,22.36667,75.38333,1468,87000,chandler,0,0
nicosia|cyprus,Nicosia,Cyprus,35.16667,33.36667,1470,18000,chandler,1,0
dijon|france,Dijon,France,47.31667,5.01667,1470,21000,chandler,0,0
trier|germany,Trier,Germany,49.75565,6.63935,1470,10413,chandler,0,0
wroclaw|germany,Wroclaw,Germany,51.116667,17.033333,1470,21000,chandler,0,0
florence|italy,Florence,Italy,43.771033,11.248,1470,54000,chandler,0,0
texcoco|mexico,Texcoco,Mexico,19.504422,-98.891425,1470,80000,chandler,0,0
augsberg|germany,Augsberg,Germany,48.371444,10.898239,1471,32000,chandler,0,0
fukuoka|japan,Fukuoka,Japan,33.591389,130.414722,1471,50000,chandler,1,0
novgorod|russian federation,Novgorod,Russian Federation,58.525569,31.274192,1471,60000,chandler,0,0
binh dinh|vietnam,Binh Dinh,Vietnam,14.166256,108.902683,1471,40000,chandler,0,0
turpan|china,Turpan,China,42.93333,89.16667,1473,60000,chandler,0,0
verona|italy,Verona,Italy,45.43419,10.99779,1473,30000,chandler,0,0
shkoder|albania,Shkoder,Albania,42.0743,19.527661,1474,15000,chandler,0,0
esfahan|iran,Esfahan,Iran,32.651389,51.679192,1474,50000,chandler,0,0
gelibolu|turkey,Gelibolu,Turkey,40.333333,26.499992,1474,5000,chandler,1,0
shiraz|iran,Shiraz,Iran,29.61031,52.53114,1475,80000,chandler,0,0
feodosia|russian federation,Feodosia,Russian Federation,45.048889,35.379167,1475,40000,chandler,1,0
taiyuan|china,Taiyuan,China,37.87059,112.548879,1476,51652,chandler,0,0
granada|spain,Granada,Spain,37.177336,-3.598558,1476,200000,chandler,0,0
montpellier|france,Montpellier,France,43.61092,3.87723,1477,13560,chandler,1,0
istanbul|turkey,Istanbul,Turkey,41.005275,28.976944,1477,98000,chandler,0,0
palermo|italy,Palermo,Italy,38.115689,13.361267,1479,30000,chandler,1,0
montpellier|france,Montpellier,France,43.61092,3.87723,1480,13560,chandler,1,0
pavia|italy,Pavia,Italy,45.18446,9.16145,1480,17000,chandler,0,0
utrecht|netherlands,Utrecht,Netherlands,52.09083,5.12222,1480,12000,chandler,0,0
reims|france,Reims,France,49.25,4.03333,1482,12000,chandler,0,0
smolensk|russian federation,Smolensk,Russian Federation,54.7818,32.0401,1482,50000,chandler,0,0
iraklion|greece,Iraklion,Greece,35.338736,25.144214,1483,11474,chandler,1,0
speyer|germany,Speyer,Germany,49.320478,8.436217,1486,13000,chandler,0,0
worms|germany,Worms,Germany,49.63278,8.35916,1486,7000,chandler,0,0
srinagar|india,Srinagar,India,34.08842,74.80298,1486,42000,chandler,0,0
riobamba|ecuador,Riobamba,Ecuador,-1.67083,-78.64861,1487,60000,chandler,0,0
hamburg|germany,Hamburg,Germany,53.57532,10.01534,1487,22000,chandler,0,0
ahmedabad|india,Ahmedabad,India,23.039568,72.566004,1487,60000,chandler,0,0
bursa|turkey,Bursa,Turkey,40.19266,29.08403,1487,42000,chandler,0,0
jerusalem|israel,Jerusalem,Israel,31.76904,35.21633,1488,4000,chandler,0,0
almeria|spain,Almeria,Spain,36.83814,-2.45974,1489,25000,chandler,0,0
suzhou|china,Suzhou,China,31.3,120.6,1491,112000,chandler,0,0
verona|italy,Verona,Italy,45.43419,10.99779,1491,38500,chandler,0,0
granada|spain,Granada,Spain,37.177336,-3.598558,1491,200000,chandler,0,0
beijing|china,Beijing,China,39.9075,116.39723,1492,669033,chandler,0,0
bhimavaram|india,Bhimavaram,India,16.54541,81.531578,1492,60000,chandler,1,0
milan|italy,Milan,Italy,45.465453,9.198786,1492,83000,chandler,0,0
barcelona|spain,Barcelona,Spain,41.38879,2.15899,1492,28500,chandler,1,0
bremen|germany,Bremen,Germany,53.07516,8.80777,1494,18000,chandler,0,0
granada|spain,Granada,Spain,37.177336,-3.598558,1494,70000,chandler,0,0
zaragoza|spain,Zaragoza,Spain,41.648792,-0.889581,1495,19840,chandler,0,0
gauda|india,Gauda,India,24.866667,88.133333,1496,210000,chandler,0,0
bologna|italy,Bologna,Italy,44.49381,11.33875,1496,55000,chandler,0,0
cuttack|india,Cuttack,India,20.46497,85.87927,1497,144000,chandler,0,0
samarkand|uzbekistan,Samarkand,Uzbekistan,39.6576,66.947561,1497,60000,chandler,0,0
augsberg|germany,Augsberg,Germany,48.371444,10.898239,1498,34000,chandler,0,0
erfurt|germany,Erfurt,Germany,50.9787,11.03283,1498,18680,chandler,0,0
kamtapur|india,Kamtapur,India,26.158333,89.370833,1498,40000,chandler,0,0
hannover|germany,Hannover,Germany,52.37052,9.73322,1499,13500,chandler,0,0
herat|afghanistan,Herat,Afghanistan,34.34817,62.19967,1500,40000,chandler,0,0
kabul|afghanistan,Kabul,Afghanistan,34.52813,69.17233,1500,25000,chandler,0,0
shkoder|albania,Shkoder,Albania,42.0743,19.527661,1500,19000,chandler,0,0
bejaia|algeria,Bejaia,Algeria,36.75,5.066667,1500,40000,chandler,1,0
constantine|algeria,Constantine,Algeria,36.365,6.61472,1500,40000,chandler,0,0
tlemcen|algeria,Tlemcen,Algeria,34.87833,-1.315,1500,35000,chandler,0,0
m'banza-congo|angola,M'banza-Congo,Angola,-6.267778,14.248056,1500,40000,chandler,0,0
prague|austria,Prague,Austria,50.08804,14.42076,1500,70000,chandler,0,0
vienna|austria,Vienna,Austria,48.20849,16.37208,1500,40000,chandler,0,0
brugge|belgium,Brugge,Belgium,51.210819,3.224936,1500,60000,chandler,1,0
gent|belgium,Gent,Belgium,51.053469,3.730378,1500,80000,chandler,0,0
liege|belgium,Liege,Belgium,50.63373,5.56749,1500,25000,chandler,0,0
bandar seri begawan|brunei,Bandar Seri Begawan,Brunei,4.890283,114.942217,1500,40000,chandler,1,1
plovdiv|bulgaria,Plovdiv,Bulgaria,42.15,24.75,1500,29000,chandler,0,0
sofia|bulgaria,Sofia,Bulgaria,42.69751,23.32415,1500,22000,chandler,0,0
beijing|china,Beijing,China,39.9075,116.39723,1500,672000,chandler,0,0
chengdu|china,Chengdu,China,30.66667,104.06667,1500,85000,chandler,0,0
fuzhou|china,Fuzhou,China,26.076111,119.306389,1500,83000,chandler,0,0
guangzhou|china,Guangzhou,China,23.11667,113.25,1500,150000,chandler,0,0
hangzhou|china,Hangzhou,China,30.25,120.166667,1500,250000,chandler,1,0
kaifeng|china,Kaifeng,China,34.7986,114.30742,1500,80000,chandler,0,0
kashi|china,Kashi,China,39.4704,75.989756,1500,30000,chandler,0,0
kunming|china,Kunming,China,25.03889,102.71833,1500,50000,chandler,0,0
nanchang|china,Nanchang,China,28.68333,115.88333,1500,50000,chandler,0,0
nanjing|china,Nanjing,China,32.05,118.766667,1500,147000,chandler,0,0
suzhou|china,Suzhou,China,31.3,120.6,1500,122000,chandler,0,0
taiyuan|china,Taiyuan,China,37.87059,112.548879,1500,61000,chandler,0,0
tsinkiang|china,Tsinkiang,China,24.913889,118.58583,1500,60000,chandler,1,0
turpan|china,Turpan,China,42.93333,89.16667,1500,60000,chandler,0,0
wuhan|china,Wuhan,China,30.58333,114.26667,1500,64000,chandler,0,0
xian|china,Xian,China,34.341485,108.940404,1500,127000,chandler,0,0
yinchuan|china,Yinchuan,China,38.4667,106.2667,1500,20000,chandler,0,0
bogota|columbia,Bogota,Columbia,4.598056,-74.075833,1500,20000,chandler,0,0
roskilde|denmark,Roskilde,Denmark,55.64152,12.08035,1500,27000,chandler,0,0
quito|ecuador,Quito,Ecuador,-0.22985,-78.52495,1500,30000,chandler,0,0
alexandria|egypt,Alexandria,Egypt,31.200092,29.918739,1500,35000,chandler,1,0
cairo|egypt,Cairo,Egypt,30.06263,31.24967,1500,400000,chandler,0,0
axum|ethiopia,Axum,Ethiopia,14.131781,38.714081,1500,33000,chandler,0,0
bordeaux|france,Bordeaux,France,44.84044,-0.5805,1500,20000,chandler,0,0
caen|france,Caen,France,49.18585,-0.35912,1500,25000,chandler,1,0
dijon|france,Dijon,France,47.31667,5.01667,1500,24000,chandler,0,0
lyon|france,Lyon,France,45.74846,4.84671,1500,40000,chandler,0,0
marseille|france,Marseille,France,43.29695,5.38107,1500,30000,chandler,1,0
metz|france,Metz,France,49.11911,6.17269,1500,30000,chandler,0,0
paris|france,Paris,France,48.856614,2.352222,1500,185000,chandler,0,0
rouen|france,Rouen,France,49.44313,1.09932,1500,50000,chandler,0,0
toulouse|france,Toulouse,France,43.60426,1.44367,1500,25000,chandler,0,0
augsberg|germany,Augsberg,Germany,48.371444,10.898239,1500,34000,chandler,0,0
cologne|germany,Cologne,Germany,50.937531,6.960278,1500,38000,chandler,0,0
hamburg|germany,Hamburg,Germany,53.57532,10.01534,1500,22000,chandler,0,0
lubeck|germany,Lubeck,Germany,53.865886,10.687097,1500,29000,chandler,0,0
magdeburg|germany,Magdeburg,Germany,52.130808,11.628878,1500,22000,chandler,0,0
mainz|germany,Mainz,Germany,49.98419,8.2791,1500,24000,chandler,0,0
nurnberg|germany,Nurnberg,Germany,49.452031,11.07675,1500,31000,chandler,0,0
wroclaw|germany,Wroclaw,Germany,51.116667,17.033333,1500,21000,chandler,0,0
athens|greece,Athens,Greece,37.97945,23.71622,1500,35000,chandler,1,0
thessaloniki|greece,Thessaloniki,Greece,40.63935,22.944606,1500,40000,chandler,1,0
guatemala city|guatemala,Guatemala City,Guatemala,14.64072,-90.51327,1500,30000,chandler,0,0
gumarcaj|guatemala,Gumarcaj,Guatemala,14.7667,-91.2667,1500,40000,chandler,0,0
budapest|hungary,Budapest,Hungary,47.49801,19.03991,1500,23000,chandler,0,0
ahmedabad|india,Ahmedabad,India,23.039568,72.566004,1500,100000,chandler,0,0
amber|india,Amber,India,26.985847,75.888251,1500,50000,chandler,0,0
calicut|india,Calicut,India,11.258753,75.78041,1500,42000,chandler,1,0
cambay|india,Cambay,India,22.313114,72.619408,1500,65000,chandler,1,0
chanderi|india,Chanderi,India,24.71514,78.1376,1500,70000,chandler,0,0
chittoor|india,Chittoor,India,13.217176,79.100329,1500,50000,chandler,0,0
cochin|india,Cochin,India,9.93988,76.26022,1500,33000,chandler,0,0
cuttack|india,Cuttack,India,20.46497,85.87927,1500,140000,chandler,0,0
delhi|india,Delhi,India,28.65381,77.22897,1500,80000,chandler,0,0
gauda|india,Gauda,India,24.866667,88.133333,1500,200000,chandler,0,0
goa|india,Goa,India,15.299333,74.124,1500,40000,chandler,0,0
jaunpur|india,Jaunpur,India,25.75506,82.68361,1500,50000,chandler,0,0
jodhpur|india,Jodhpur,India,26.26841,73.00594,1500,40000,chandler,0,0
mandu|india,Mandu,India,22.36667,75.38333,1500,70000,chandler,0,0
quilon|india,Quilon,India,8.88,76.6,1500,35000,chandler,0,0
srinagar|india,Srinagar,India,34.08842,74.80298,1500,40000,chandler,0,0
thatta|india,Thatta,India,24.746117,67.924336,1500,45000,chandler,0,0
vijayanagar|india,Vijayanagar,India,15.335,76.462,1500,500000,chandler,0,0
gresik|indonesia,Gresik,Indonesia,-7.15389,112.65611,1500,30000,chandler,0,0
esfahan|iran,Esfahan,Iran,32.651389,51.679192,1500,45000,chandler,0,0
hormuz|iran,Hormuz,Iran,27.1,56.45,1500,50000,chandler,0,0
shiraz|iran,Shiraz,Iran,29.61031,52.53114,1500,60000,chandler,0,0
tabriz|iran,Tabriz,Iran,38.08,46.2919,1500,250000,chandler,0,0
bologna|italy,Bologna,Italy,44.49381,11.33875,1500,55000,chandler,0,0
florence|italy,Florence,Italy,43.771033,11.248,1500,70000,chandler,0,0
genova|italy,Genova,Italy,44.40565,8.946256,1500,62000,chandler,0,0
messina|italy,Messina,Italy,38.19327,15.54969,1500,31000,chandler,0,0
milan|italy,Milan,Italy,45.465453,9.198786,1500,89000,chandler,0,0
naples|italy,Naples,Italy,40.851775,14.268122,1500,114000,chandler,0,0
palermo|italy,Palermo,Italy,38.115689,13.361267,1500,39000,chandler,1,0
rome|italy,Rome,Italy,41.89474,12.4839,1500,38000,chandler,0,0
venice|italy,Venice,Italy,45.440847,12.315514,1500,115000,chandler,0,0
verona|italy,Verona,Italy,45.43419,10.99779,1500,39000,chandler,0,0
fukuoka|japan,Fukuoka,Japan,33.591389,130.414722,1500,30000,chandler,1,0
kagoshima|japan,Kagoshima,Japan,31.5966,130.557183,1500,25000,chandler,1,0
kyoto|japan,Kyoto,Japan,35.02107,135.75385,1500,40000,chandler,0,0
nara city|japan,Nara City,Japan,34.685333,135.832742,1500,10000,chandler,0,0
sakai|japan,Sakai,Japan,34.573333,135.483056,1500,30000,chandler,1,1
yamaguchi|japan,Yamaguchi,Japan,34.185956,131.47065,1500,35000,chandler,1,1
luang prabang|lao people's democratic republic,Luang Prabang,Lao People's Democratic Republic,19.884111,102.141633,1500,40000,chandler,0,0
vilnius|lithuania,Vilnius,Lithuania,54.683333,25.283333,1500,25000,chandler,0,0
gao|mali,Gao,Mali,16.27167,-0.04472,1500,60000,chandler,0,0
mali|mali,Mali,Mali,11,-8,1500,40000,chandler,0,0
tombouctou|mali,Tombouctou,Mali,16.77348,-3.00742,1500,25000,chandler,0,0
cholula|mexico,Cholula,Mexico,19.06333,-98.306389,1500,36000,chandler,0,0
merida|mexico,Merida,Mexico,20.979719,-89.615789,1500,25000,chandler,0,0
mexico city|mexico,Mexico City,Mexico,19.42847,-99.12766,1500,80000,chandler,0,0
texcoco|mexico,Texcoco,Mexico,19.504422,-98.891425,1500,60000,chandler,0,0
tzintzuntzan|mexico,Tzintzuntzan,Mexico,19.62903,-101.57857,1500,40000,chandler,0,0
zempoala|mexico,Zempoala,Mexico,19.91608,-96.402969,1500,30000,chandler,0,0
azemmour|morocco,Azemmour,Morocco,33.287778,-8.342222,1500,24000,chandler,1,0
fez|morocco,Fez,Morocco,34.033333,-5.01,1500,130000,chandler,0,0
marrakech|morocco,Marrakech,Morocco,31.63416,-7.99994,1500,50000,chandler,0,0
pegu|myanmar,Pegu,Myanmar,17.333333,96.483333,1500,60000,chandler,0,0
kano|nigeria,Kano,Nigeria,12.00012,8.51672,1500,50000,chandler,0,0
nkazargamu|nigeria,Nkazargamu,Nigeria,13.047222,12.227778,1500,40000,chandler,0,0
oyo|nigeria,Oyo,Nigeria,7.85,3.93333,1500,60000,chandler,0,0
cuzco|peru,Cuzco,Peru,-13.525,-71.972222,1500,50000,chandler,0,0
gdansk|poland,Gdansk,Poland,54.352025,18.64663,1500,30000,chandler,1,0
krakow|poland,Krakow,Poland,50.06143,19.93658,1500,22000,chandler,0,0
lisbon|portugal,Lisbon,Portugal,38.71667,-9.13333,1500,55000,chandler,0,0
seoul|republic of korea,Seoul,Republic of Korea,37.56826,126.97783,1500,125000,chandler,0,0
suceava|romania,Suceava,Romania,47.63333,26.25,1500,33000,chandler,0,0
targoviste|romania,Targoviste,Romania,44.924167,25.456667,1500,50000,chandler,0,0
feodosia|russian federation,Feodosia,Russian Federation,45.048889,35.379167,1500,35000,chandler,1,0
moscow|russian federation,Moscow,Russian Federation,55.75222,37.61556,1500,80000,chandler,0,0
novgorod|russian federation,Novgorod,Russian Federation,58.525569,31.274192,1500,37000,chandler,0,0
pskov|russian federation,Pskov,Russian Federation,57.8136,28.3496,1500,45000,chandler,0,0
smolensk|russian federation,Smolensk,Russian Federation,54.7818,32.0401,1500,50000,chandler,0,0
dienne|senegal,Dienne,Senegal,15.033366,-16.350122,1500,20000,chandler,0,0
belgrade|serbia,Belgrade,Serbia,44.80401,20.46513,1500,30000,chandler,0,0
nis|serbia,Nis,Serbia,43.319381,21.896328,1500,20000,chandler,0,0
skopje|serbia,Skopje,Serbia,41.99646,21.43141,1500,45000,chandler,0,0
barcelona|spain,Barcelona,Spain,41.38879,2.15899,1500,29000,chandler,1,0
cordoba|spain,Cordoba,Spain,38.046133,-4.893564,1500,30000,chandler,0,0
granada|spain,Granada,Spain,37.177336,-3.598558,1500,70000,chandler,0,0
medina del campo|spain,Medina del Campo,Spain,41.31239,-4.91413,1500,20000,chandler,0,0
seville|spain,Seville,Spain,37.388097,-5.982331,1500,46000,chandler,0,0
toledo|spain,Toledo,Spain,39.862831,-4.027322,1500,35000,chandler,0,0
valencia|spain,Valencia,Spain,39.469908,-0.376289,1500,40000,chandler,1,0
valladolid|spain,Valladolid,Spain,41.65518,-4.72372,1500,40000,chandler,0,0
zaragoza|spain,Zaragoza,Spain,41.648792,-0.889581,1500,20000,chandler,0,0
dongola|sudan,Dongola,Sudan,19.16667,30.48333,1500,20000,chandler,0,0
aleppo|syria,Aleppo,Syria,36.216667,37.166667,1500,67000,chandler,0,0
damascus|syria,Damascus,Syria,33.5102,36.29128,1500,60000,chandler,0,0
kilwa|tanzania,Kilwa,Tanzania,-9.149644,38.987675,1500,30000,chandler,0,0
ayutthaya|thailand,Ayutthaya,Thailand,14.35,100.55,1500,125000,chandler,0,0
chiang mai|thailand,Chiang Mai,Thailand,18.790978,98.960775,1500,45000,chandler,0,0
tunis|tunisia,Tunis,Tunisia,36.818811,10.165961,1500,65000,chandler,1,1
bursa|turkey,Bursa,Turkey,40.19266,29.08403,1500,45000,chandler,0,0
edirne|turkey,Edirne,Turkey,41.681808,26.562269,1500,127000,chandler,0,0
istanbul|turkey,Istanbul,Turkey,41.005275,28.976944,1500,200000,chandler,0,0
trabzon|turkey,Trabzon,Turkey,41.00145,39.717806,1500,30000,chandler,1,1
bakhchiserai|ukraine,Bakhchiserai,Ukraine,44.755286,33.867233,1500,25000,chandler,0,0
edinburgh|united kingdom,Edinburgh,United Kingdom,55.95206,-3.19648,1500,22000,chandler,1,0
london|united kingdom,London,United Kingdom,51.511214,-0.119825,1500,50000,chandler,0,0
bukhara|uzbekistan,Bukhara,Uzbekistan,39.765869,64.422347,1500,50000,chandler,0,0
samarkand|uzbekistan,Samarkand,Uzbekistan,39.6576,66.947561,1500,60000,chandler,0,0
messina|italy,Messina,Italy,38.19327,15.54969,1501,31000,chandler,0,0
palermo|italy,Palermo,Italy,38.115689,13.361267,1501,40000,chandler,1,0
cremona|italy,Cremona,Italy,45.13617,10.02797,1502,40000,chandler,0,0
messina|italy,Messina,Italy,38.19327,15.54969,1502,31383,chandler,0,0
verona|italy,Verona,Italy,45.43419,10.99779,1502,40000,chandler,0,0
herat|afghanistan,Herat,Afghanistan,34.34817,62.19967,1503,40000,chandler,0,0
lubeck|germany,Lubeck,Germany,53.865886,10.687097,1503,29000,chandler,0,0
calicut|india,Calicut,India,11.258753,75.78041,1503,41000,chandler,1,0
cochin|india,Cochin,India,9.93988,76.26022,1503,33000,chandler,0,0
mecca|saudi arabia,Mecca,Saudi Arabia,21.42667,39.82611,1503,34000,chandler,0,0
kilwa|tanzania,Kilwa,Tanzania,-9.149644,38.987675,1505,24000,chandler,0,0
leipzig|germany,Leipzig,Germany,51.33962,12.37129,1506,8556,chandler,0,0
gdansk|poland,Gdansk,Poland,54.352025,18.64663,1506,30000,chandler,1,0
montpellier|france,Montpellier,France,43.61092,3.87723,1508,6000,chandler,1,0
novgorod|russian federation,Novgorod,Russian Federation,58.525569,31.274192,1508,37000,chandler,0,0
venice|italy,Venice,Italy,45.440847,12.315514,1509,115000,chandler,0,0
nicosia|cyprus,Nicosia,Cyprus,35.16667,33.36667,1510,16000,chandler,1,0
ikoso|guinea,Ikoso,Guinea,8.666667,3.383333,1510,60000,chandler,0,0
goa|india,Goa,India,15.299333,74.124,1510,40000,chandler,0,0
milan|italy,Milan,Italy,45.465453,9.198786,1510,98000,chandler,0,0
valencia|spain,Valencia,Spain,39.469908,-0.376289,1510,40000,chandler,1,0
istanbul|turkey,Istanbul,Turkey,41.005275,28.976944,1510,250000,chandler,0,0
bukhara|uzbekistan,Bukhara,Uzbekistan,39.765869,64.422347,1510,60000,chandler,0,0
samarkand|uzbekistan,Samarkand,Uzbekistan,39.6576,66.947561,1510,60000,chandler,0,0
goa|india,Goa,India,15.299333,74.124,1511,24000,chandler,0,0
bejaia|algeria,Bejaia,Algeria,36.75,5.066667,1512,40000,chandler,1,0
fuzhou|china,Fuzhou,China,26.076111,119.306389,1512,83904,chandler,0,0
kashi|china,Kashi,China,39.4704,75.989756,1512,30000,chandler,0,0
rome|italy,Rome,Italy,41.89474,12.4839,1513,40000,chandler,0,0
azemmour|morocco,Azemmour,Morocco,33.287778,-8.342222,1513,25000,chandler,1,0
fez|morocco,Fez,Morocco,34.033333,-5.01,1513,131000,chandler,0,0
alkalawa|nigeria,Alkalawa,Nigeria,9.2833,8.4,1513,28000,chandler,0,0
kashi|china,Kashi,China,39.4704,75.989756,1514,60000,chandler,0,0
gauda|india,Gauda,India,24.866667,88.133333,1514,200000,chandler,0,0
constantine|algeria,Constantine,Algeria,36.365,6.61472,1515,40000,chandler,0,0
nanjing|china,Nanjing,China,32.05,118.766667,1515,147013,chandler,0,0
mali|mali,Mali,Mali,11,-8,1515,30000,chandler,0,0
marrakech|morocco,Marrakech,Morocco,31.63416,-7.99994,1515,50000,chandler,0,0
tunis|tunisia,Tunis,Tunisia,36.818811,10.165961,1515,62000,chandler,1,1
istanbul|turkey,Istanbul,Turkey,41.005275,28.976944,1515,300000,chandler,0,0
barcelona|spain,Barcelona,Spain,41.38879,2.15899,1516,31000,chandler,1,0
stockholm|sweden,Stockholm,Sweden,59.33258,18.0649,1517,10000,chandler,1,0
diyarbakir|turkey,Diyarbakir,Turkey,37.914411,40.230628,1518,12000,chandler,0,0
gelibolu|turkey,Gelibolu,Turkey,40.333333,26.499992,1518,6000,chandler,1,0
cholula|mexico,Cholula,Mexico,19.06333,-98.306389,1519,36000,chandler,0,0
tlemcen|algeria,Tlemcen,Algeria,34.87833,-1.315,1520,30000,chandler,0,0
quilon|india,Quilon,India,8.88,76.6,1520,35000,chandler,0,0
florence|italy,Florence,Italy,43.771033,11.248,1520,70000,chandler,0,0
mexico city|mexico,Mexico City,Mexico,19.42847,-99.12766,1520,80000,chandler,0,0
moscow|russian federation,Moscow,Russian Federation,55.75222,37.61556,1520,90000,chandler,0,0
seville|spain,Seville,Spain,37.388097,-5.982331,1520,46000,chandler,0,0
aleppo|syria,Aleppo,Syria,36.216667,37.166667,1520,67000,chandler,0,0
konya|turkey,Konya,Turkey,37.87135,32.48464,1520,6100,chandler,0,0
nicosia|cyprus,Nicosia,Cyprus,35.16667,33.36667,1521,16000,chandler,1,0
bremen|germany,Bremen,Germany,53.07516,8.80777,1521,18000,chandler,0,0
texcoco|mexico,Texcoco,Mexico,19.504422,-98.891425,1521,42000,chandler,0,0
zempoala|mexico,Zempoala,Mexico,19.91608,-96.402969,1521,30000,chandler,0,0
suzhou|china,Suzhou,China,31.3,120.6,1522,146000,chandler,0,0
tzintzuntzan|mexico,Tzintzuntzan,Mexico,19.62903,-101.57857,1522,40000,chandler,0,0
bursa|turkey,Bursa,Turkey,40.19266,29.08403,1522,50000,chandler,0,0
gresik|indonesia,Gresik,Indonesia,-7.15389,112.65611,1523,30000,chandler,0,0
marseille|france,Marseille,France,43.29695,5.38107,1524,36000,chandler,1,0
guatemala city|guatemala,Guatemala City,Guatemala,14.64072,-90.51327,1524,24000,chandler,0,0
gumarcaj|guatemala,Gumarcaj,Guatemala,14.7667,-91.2667,1524,30000,chandler,0,0
mexico city|mexico,Mexico City,Mexico,19.42847,-99.12766,1524,30000,chandler,0,0
norwich|united kingdom,Norwich,United Kingdom,52.62783,1.29834,1524,12000,chandler,0,0
wroclaw|germany,Wroclaw,Germany,51.116667,17.033333,1525,22000,chandler,0,0
basra|iraq,Basra,Iraq,30.5,47.816667,1525,10000,chandler,0,0
multan|pakistan,Multan,Pakistan,30.19556,71.47528,1525,34000,chandler,0,0
damascus|syria,Damascus,Syria,33.5102,36.29128,1525,57000,chandler,0,0
ankara|turkey,Ankara,Turkey,39.91987,32.85427,1525,14800,chandler,0,0
edirne|turkey,Edirne,Turkey,41.681808,26.562269,1525,140000,chandler,0,0
sivas|turkey,Sivas,Turkey,39.74833,37.01611,1525,5300,chandler,0,0
delhi|india,Delhi,India,28.65381,77.22897,1526,90000,chandler,0,0
guatemala city|guatemala,Guatemala City,Guatemala,14.64072,-90.51327,1527,24000,chandler,0,0
amber|india,Amber,India,26.985847,75.888251,1527,72000,chandler,0,0
chanderi|india,Chanderi,India,24.71514,78.1376,1527,72000,chandler,0,0
coimbra|portugal,Coimbra,Portugal,40.20564,-8.41955,1527,6000,chandler,0,0
lisbon|portugal,Lisbon,Portugal,38.71667,-9.13333,1527,58860,chandler,0,0
chakanputun|mexico,Chakanputun,Mexico,19.35,-90.716667,1528,20000,chandler,1,0
merida|mexico,Merida,Mexico,20.979719,-89.615789,1528,25000,chandler,0,0
istanbul|turkey,Istanbul,Turkey,41.005275,28.976944,1528,400000,chandler,0,0
angers|france,Angers,France,47.46667,-0.55,1529,16000,chandler,0,0
ahmedabad|india,Ahmedabad,India,23.039568,72.566004,1529,120000,chandler,0,0
shkoder|albania,Shkoder,Albania,42.0743,19.527661,1530,24975,chandler,0,0
ohrid|bulgaria,Ohrid,Bulgaria,43.454967,23.380704,1530,3750,chandler,0,0
sofia|bulgaria,Sofia,Bulgaria,42.69751,23.32415,1530,25910,chandler,0,0
vidin|bulgaria,Vidin,Bulgaria,43.99,22.8725,1530,20438,chandler,0,0
rouen|france,Rouen,France,49.44313,1.09932,1530,78000,chandler,0,0
soest|germany,Soest,Germany,51.57558,8.10619,1530,15000,chandler,0,0
delhi|india,Delhi,India,28.65381,77.22897,1530,130000,chandler,0,0
surat|india,Surat,India,21.19594,72.83023,1530,50000,chandler,1,0
burgos|spain,Burgos,Spain,42.35,-3.7,1530,7000,chandler,0,0
cartagena|spain,Cartagena,Spain,37.625683,-0.996583,1530,2000,chandler,1,0
cordoba|spain,Cordoba,Spain,38.046133,-4.893564,1530,30000,chandler,0,0
medina del campo|spain,Medina del Campo,Spain,41.31239,-4.91413,1530,19000,chandler,0,0
toledo|spain,Toledo,Spain,39.862831,-4.027322,1530,35000,chandler,0,0
valladolid|spain,Valladolid,Spain,41.65518,-4.72372,1530,40000,chandler,0,0
aleppo|syria,Aleppo,Syria,36.216667,37.166667,1530,57000,chandler,0,0
gelibolu|turkey,Gelibolu,Turkey,40.333333,26.499992,1530,8925,chandler,1,0
sakai|japan,Sakai,Japan,34.573333,135.483056,1532,30000,chandler,1,1
london|united kingdom,London,United Kingdom,51.511214,-0.119825,1532,62000,chandler,0,0
kashi|china,Kashi,China,39.4704,75.989756,1533,72000,chandler,0,0
cuzco|peru,Cuzco,Peru,-13.525,-71.972222,1533,35000,chandler,0,0
toulouse|france,Toulouse,France,43.60426,1.44367,1536,36000,chandler,0,0
brugge|belgium,Brugge,Belgium,51.210819,3.224936,1537,58000,chandler,1,0
bogota|columbia,Bogota,Columbia,4.598056,-74.075833,1538,20000,chandler,0,0
quito|ecuador,Quito,Ecuador,-0.22985,-78.52495,1538,23000,chandler,0,0
hamburg|germany,Hamburg,Germany,53.57532,10.01534,1538,23000,chandler,0,0
cambay|india,Cambay,India,22.313114,72.619408,1538,65000,chandler,1,0
quilon|india,Quilon,India,8.88,76.6,1538,35000,chandler,0,0
avignon|france,Avignon,France,43.94834,4.80892,1539,15340,chandler,0,0
nicosia|cyprus,Nicosia,Cyprus,35.16667,33.36667,1540,16000,chandler,1,0
cholula|mexico,Cholula,Mexico,19.06333,-98.306389,1540,30000,chandler,0,0
dublin|ireland,Dublin,Ireland,53.33306,-6.24889,1541,12000,chandler,1,0
caen|france,Caen,France,49.18585,-0.35912,1542,36000,chandler,1,0
pavia|italy,Pavia,Italy,45.18446,9.16145,1542,16000,chandler,0,0
m'banza-congo|angola,M'banza-Congo,Angola,-6.267778,14.248056,1543,50000,chandler,0,0
ayutthaya|thailand,Ayutthaya,Thailand,14.35,100.55,1543,150000,chandler,0,0
taiyuan|china,Taiyuan,China,37.87059,112.548879,1544,79068,chandler,0,0
chittoor|india,Chittoor,India,13.217176,79.100329,1544,48000,chandler,0,0
jodhpur|india,Jodhpur,India,26.26841,73.00594,1544,48000,chandler,0,0
kabul|afghanistan,Kabul,Afghanistan,34.52813,69.17233,1545,25000,chandler,0,0
ayutthaya|thailand,Ayutthaya,Thailand,14.35,100.55,1545,150000,chandler,0,0
bukhara|uzbekistan,Bukhara,Uzbekistan,39.765869,64.422347,1545,45000,chandler,0,0
novgorod|russian federation,Novgorod,Russian Federation,58.525569,31.274192,1546,38000,chandler,0,0
potosi|bolivia,Potosi,Bolivia,-19.58361,-65.75306,1547,14000,chandler,0,0
achin|indonesia,Achin,Indonesia,5.55,95.316667,1547,30000,chandler,1,0
naples|italy,Naples,Italy,40.851775,14.268122,1547,209637,chandler,0,0
syracuse|greece,Syracuse,Greece,37.06082237,15.29420264,1548,11000,chandler,0,0
zacatecas|mexico,Zacatecas,Mexico,22.76843,-102.58141,1548,12000,chandler,0,0
zaragoza|spain,Zaragoza,Spain,41.648792,-0.889581,1548,26000,chandler,0,0
salvador|brazil,Salvador,Brazil,-12.97111,-38.51083,1549,1000,chandler,0,0
poznan|poland,Poznan,Poland,52.40692,16.92993,1549,22000,chandler,0,0
algiers|algiers,Algiers,Algiers,36.7525,3.04197,1550,60000,chandler,1,0
prague|austria,Prague,Austria,50.08804,14.42076,1550,70000,chandler,0,0
antwerp|belgium,Antwerp,Belgium,51.219217,4.402883,1550,70000,chandler,0,0
brugge|belgium,Brugge,Belgium,51.210819,3.224936,1550,60000,chandler,1,0
gent|belgium,Gent,Belgium,51.053469,3.730378,1550,50000,chandler,0,0
sofia|bulgaria,Sofia,Bulgaria,42.69751,23.32415,1550,22000,chandler,0,0
beijing|china,Beijing,China,39.9075,116.39723,1550,690000,chandler,0,0
chengdu|china,Chengdu,China,30.66667,104.06667,1550,90000,chandler,0,0
fuzhou|china,Fuzhou,China,26.076111,119.306389,1550,79000,chandler,0,0
guangzhou|china,Guangzhou,China,23.11667,113.25,1550,160000,chandler,0,0
hangzhou|china,Hangzhou,China,30.25,120.166667,1550,260000,chandler,1,0
jingdezhen|china,Jingdezhen,China,29.268836,117.17842,1550,75000,chandler,0,0
kaifeng|china,Kaifeng,China,34.7986,114.30742,1550,80000,chandler,0,0
kashi|china,Kashi,China,39.4704,75.989756,1550,60000,chandler,0,0
nanjing|china,Nanjing,China,32.05,118.766667,1550,182000,chandler,0,0
suzhou|china,Suzhou,China,31.3,120.6,1550,128000,chandler,0,0
taiyuan|china,Taiyuan,China,37.87059,112.548879,1550,79000,chandler,0,0
tsinkiang|china,Tsinkiang,China,24.913889,118.58583,1550,58000,chandler,1,0
wuhan|china,Wuhan,China,30.58333,114.26667,1550,70000,chandler,0,0
xian|china,Xian,China,34.341485,108.940404,1550,132000,chandler,0,0
cairo|egypt,Cairo,Egypt,30.06263,31.24967,1550,360000,chandler,0,0
bordeaux|france,Bordeaux,France,44.84044,-0.5805,1550,30000,chandler,0,0
dijon|france,Dijon,France,47.31667,5.01667,1550,30000,chandler,0,0
lyon|france,Lyon,France,45.74846,4.84671,1550,58000,chandler,0,0
paris|france,Paris,France,48.856614,2.352222,1550,210000,chandler,0,0
rouen|france,Rouen,France,49.44313,1.09932,1550,74000,chandler,0,0
konigsberg|germany,Konigsberg,Germany,54.716667,20.516667,1550,14000,chandler,0,0
magdeburg|germany,Magdeburg,Germany,52.130808,11.628878,1550,20000,chandler,0,0
wroclaw|germany,Wroclaw,Germany,51.116667,17.033333,1550,35000,chandler,0,0
ahmedabad|india,Ahmedabad,India,23.039568,72.566004,1550,140000,chandler,0,0
cambay|india,Cambay,India,22.313114,72.619408,1550,67000,chandler,1,0
cuttack|india,Cuttack,India,20.46497,85.87927,1550,90000,chandler,0,0
gauda|india,Gauda,India,24.866667,88.133333,1550,100000,chandler,0,0
goa|india,Goa,India,15.299333,74.124,1550,58000,chandler,0,0
gwalior|india,Gwalior,India,26.22982,78.17337,1550,80000,chandler,0,0
saptagram|india,Saptagram,India,22.9667,88.3833,1550,50000,chandler,0,0
ujjain|india,Ujjain,India,23.18239,75.77643,1550,60000,chandler,0,0
vijayanagar|india,Vijayanagar,India,15.335,76.462,1550,480000,chandler,0,0
qazvin|iran,Qazvin,Iran,36.26877,50.0041,1550,70000,chandler,0,0
tabriz|iran,Tabriz,Iran,38.08,46.2919,1550,150000,chandler,0,0
bologna|italy,Bologna,Italy,44.49381,11.33875,1550,59000,chandler,0,0
florence|italy,Florence,Italy,43.771033,11.248,1550,59000,chandler,0,0
genova|italy,Genova,Italy,44.40565,8.946256,1550,63000,chandler,0,0
milan|italy,Milan,Italy,45.465453,9.198786,1550,75000,chandler,0,0
naples|italy,Naples,Italy,40.851775,14.268122,1550,209000,chandler,0,0
palermo|italy,Palermo,Italy,38.115689,13.361267,1550,60000,chandler,1,0
rome|italy,Rome,Italy,41.89474,12.4839,1550,58000,chandler,0,0
venice|italy,Venice,Italy,45.440847,12.315514,1550,171000,chandler,0,0
verona|italy,Verona,Italy,45.43419,10.99779,1550,53000,chandler,0,0
kyoto|japan,Kyoto,Japan,35.02107,135.75385,1550,100000,chandler,0,0
sakai|japan,Sakai,Japan,34.573333,135.483056,1550,60000,chandler,1,0
yamaguchi|japan,Yamaguchi,Japan,34.185956,131.47065,1550,60000,chandler,1,1
vilnius|lithuania,Vilnius,Lithuania,54.683333,25.283333,1550,30000,chandler,0,0
gao|mali,Gao,Mali,16.27167,-0.04472,1550,75000,chandler,0,0
mexico city|mexico,Mexico City,Mexico,19.42847,-99.12766,1550,50000,chandler,0,0
fez|morocco,Fez,Morocco,34.033333,-5.01,1550,100000,chandler,0,0
marrakech|morocco,Marrakech,Morocco,31.63416,-7.99994,1550,75000,chandler,0,0
pegu|myanmar,Pegu,Myanmar,17.333333,96.483333,1550,150000,chandler,0,0
kano|nigeria,Kano,Nigeria,12.00012,8.51672,1550,60000,chandler,0,0
nkazargamu|nigeria,Nkazargamu,Nigeria,13.047222,12.227778,1550,40000,chandler,0,0
poznan|poland,Poznan,Poland,52.40692,16.92993,1550,30000,chandler,0,0
warsaw|poland,Warsaw,Poland,52.22977,21.01178,1550,9000,chandler,0,0
lisbon|portugal,Lisbon,Portugal,38.71667,-9.13333,1550,62000,chandler,0,0
seoul|republic of korea,Seoul,Republic of Korea,37.56826,126.97783,1550,125000,chandler,0,0
targoviste|romania,Targoviste,Romania,44.924167,25.456667,1550,60000,chandler,0,0
moscow|russian federation,Moscow,Russian Federation,55.75222,37.61556,1550,75000,chandler,0,0
riga|russian federation,Riga,Russian Federation,56.946,24.10589,1550,12500,chandler,1,0
smolensk|russian federation,Smolensk,Russian Federation,54.7818,32.0401,1550,50000,chandler,0,0
granada|spain,Granada,Spain,37.177336,-3.598558,1550,70000,chandler,0,0
seville|spain,Seville,Spain,37.388097,-5.982331,1550,70000,chandler,0,0
toledo|spain,Toledo,Spain,39.862831,-4.027322,1550,55000,chandler,0,0
valencia|spain,Valencia,Spain,39.469908,-0.376289,1550,50000,chandler,1,0
valladolid|spain,Valladolid,Spain,41.65518,-4.72372,1550,60000,chandler,0,0
aleppo|syria,Aleppo,Syria,36.216667,37.166667,1550,58000,chandler,0,0
damascus|syria,Damascus,Syria,33.5102,36.29128,1550,60000,chandler,0,0
ayutthaya|thailand,Ayutthaya,Thailand,14.35,100.55,1550,150000,chandler,0,0
bursa|turkey,Bursa,Turkey,40.19266,29.08403,1550,64000,chandler,0,0
edirne|turkey,Edirne,Turkey,41.681808,26.562269,1550,156000,chandler,0,0
istanbul|turkey,Istanbul,Turkey,41.005275,28.976944,1550,660000,chandler,0,0
london|united kingdom,London,United Kingdom,51.511214,-0.119825,1550,74000,chandler,0,0
samarkand|uzbekistan,Samarkand,Uzbekistan,39.6576,66.947561,1550,60000,chandler,0,0
pisa|italy,Pisa,Italy,43.71553,10.39659,1551,9940,chandler,1,0
lisbon|portugal,Lisbon,Portugal,38.71667,-9.13333,1551,62500,chandler,0,0
edinburgh|united kingdom,Edinburgh,United Kingdom,55.95206,-3.19648,1551,26000,chandler,1,0
regensburg|germany,Regensburg,Germany,49.015,12.09556,1552,12000,chandler,0,0
kazan|russian federation,Kazan,Russian Federation,55.790278,49.134722,1552,15000,chandler,0,0
istanbul|turkey,Istanbul,Turkey,41.005275,28.976944,1552,660000,chandler,0,0
metz|france,Metz,France,49.11911,6.17269,1553,22000,chandler,0,0
naples|italy,Naples,Italy,40.851775,14.268122,1553,208000,chandler,0,0
moscow|russian federation,Moscow,Russian Federation,55.75222,37.61556,1553,75000,chandler,0,0
barcelona|spain,Barcelona,Spain,41.38879,2.15899,1553,34000,chandler,1,0
ankara|turkey,Ankara,Turkey,39.91987,32.85427,1553,14000,chandler,0,0
thatta|india,Thatta,India,24.746117,67.924336,1555,40000,chandler,0,0
cuzco|peru,Cuzco,Peru,-13.525,-71.972222,1555,21000,chandler,0,0
amsterdam|netherlands,Amsterdam,Netherlands,52.37403,4.88969,1556,30000,chandler,0,0
tripoli|libya,Tripoli,Libya,32.876175,13.187508,1557,25000,chandler,1,1
utrecht|netherlands,Utrecht,Netherlands,52.09083,5.12222,1557,13000,chandler,0,0
messina|italy,Messina,Italy,38.19327,15.54969,1559,33000,chandler,0,0
palma|spain,Palma,Spain,39.56939,2.65024,1559,15000,chandler,1,0
magdeburg|germany,Magdeburg,Germany,52.130808,11.628878,1560,23000,chandler,0,0
katsina|nigeria,Katsina,Nigeria,12.98943,7.60063,1560,30000,chandler,0,0
zaria|nigeria,Zaria,Nigeria,11.11128,7.7227,1560,40000,chandler,0,0
newcastle upon tyne|united kingdom,Newcastle upon Tyne,United Kingdom,54.978253,-1.617781,1560,10000,chandler,0,0
toulouse|france,Toulouse,France,43.60426,1.44367,1562,28000,chandler,0,0
florence|italy,Florence,Italy,43.771033,11.248,1562,59216,chandler,0,0
venice|italy,Venice,Italy,45.440847,12.315514,1563,182000,chandler,0,0
warsaw|poland,Warsaw,Poland,52.22977,21.01178,1564,10000,chandler,0,0
vijayanagar|india,Vijayanagar,India,15.335,76.462,1565,480000,chandler,0,0
tenayuca|mexico,Tenayuca,Mexico,19.532167,-99.168472,1565,4100,chandler,0,0
kano|nigeria,Kano,Nigeria,12.00012,8.51672,1565,50000,chandler,0,0
antwerp|belgium,Antwerp,Belgium,51.219217,4.402883,1568,104984,chandler,0,0
chittoor|india,Chittoor,India,13.217176,79.100329,1568,40000,chandler,0,0
bogota|columbia,Bogota,Columbia,4.598056,-74.075833,1569,12000,chandler,0,0
bologna|italy,Bologna,Italy,44.49381,11.33875,1569,61731,chandler,0,0
bordeaux|france,Bordeaux,France,44.84044,-0.5805,1570,26000,chandler,0,0
metz|france,Metz,France,49.11911,6.17269,1570,23000,chandler,0,0
messina|italy,Messina,Italy,38.19327,15.54969,1570,50000,chandler,0,0
palermo|italy,Palermo,Italy,38.115689,13.361267,1570,70000,chandler,1,0
fukuoka|japan,Fukuoka,Japan,33.591389,130.414722,1570,17000,chandler,1,0
moscow|russian federation,Moscow,Russian Federation,55.75222,37.61556,1570,120000,chandler,0,0
achin|indonesia,Achin,Indonesia,5.55,95.316667,1571,42000,chandler,1,0
kyoto|japan,Kyoto,Japan,35.02107,135.75385,1571,300000,chandler,0,0
cholula|mexico,Cholula,Mexico,19.06333,-98.306389,1571,24000,chandler,0,0
merida|mexico,Merida,Mexico,20.979719,-89.615789,1571,7500,chandler,0,0
zacatecas|mexico,Zacatecas,Mexico,22.76843,-102.58141,1571,20000,chandler,0,0
manila|philippines,Manila,Philippines,14.58,121,1571,12000,chandler,1,0
madrid|spain,Madrid,Spain,40.416775,-3.703789,1571,42000,chandler,0,0
toledo|spain,Toledo,Spain,39.862831,-4.027322,1571,74000,chandler,0,0
dijon|france,Dijon,France,47.31667,5.01667,1572,25000,chandler,0,0
szekesfehervar|hungary,Szekesfehervar,Hungary,47.18995,18.41034,1572,11660,chandler,0,0
fuzhou|china,Fuzhou,China,26.076111,119.306389,1573,76530,chandler,0,0
bursa|turkey,Bursa,Turkey,40.19266,29.08403,1573,77000,chandler,0,0
potosi|bolivia,Potosi,Bolivia,-19.58361,-65.75306,1574,120000,chandler,0,0
quito|ecuador,Quito,Ecuador,-0.22985,-78.52495,1574,15000,chandler,0,0
marseille|france,Marseille,France,43.29695,5.38107,1574,30000,chandler,1,0
cologne|germany,Cologne,Germany,50.937531,6.960278,1574,37000,chandler,0,0
nurnberg|germany,Nurnberg,Germany,49.452031,11.07675,1574,31000,chandler,0,0
arequipa|peru,Arequipa,Peru,-16.39889,-71.535,1574,13000,chandler,0,0
ayacucho|peru,Ayacucho,Peru,-13.1615,-74.22154,1574,13000,chandler,0,0
algiers|algiers,Algiers,Algiers,36.7525,3.04197,1575,70000,chandler,1,0
prague|austria,Prague,Austria,50.08804,14.42076,1575,70000,chandler,0,0
antwerp|belgium,Antwerp,Belgium,51.219217,4.402883,1575,110000,chandler,0,0
gent|belgium,Gent,Belgium,51.053469,3.730378,1575,50000,chandler,0,0
beijing|china,Beijing,China,39.9075,116.39723,1575,706000,chandler,0,0
chengdu|china,Chengdu,China,30.66667,104.06667,1575,95000,chandler,0,0
fuzhou|china,Fuzhou,China,26.076111,119.306389,1575,76000,chandler,0,0
guangzhou|china,Guangzhou,China,23.11667,113.25,1575,170000,chandler,0,0
hangzhou|china,Hangzhou,China,30.25,120.166667,1575,260000,chandler,1,0
jingdezhen|china,Jingdezhen,China,29.268836,117.17842,1575,100000,chandler,0,0
kaifeng|china,Kaifeng,China,34.7986,114.30742,1575,80000,chandler,0,0
nanjing|china,Nanjing,China,32.05,118.766667,1575,188000,chandler,0,0
suzhou|china,Suzhou,China,31.3,120.6,1575,130000,chandler,0,0
taiyuan|china,Taiyuan,China,37.87059,112.548879,1575,79000,chandler,0,0
tsinkiang|china,Tsinkiang,China,24.913889,118.58583,1575,58000,chandler,1,0
wuhan|china,Wuhan,China,30.58333,114.26667,1575,72000,chandler,0,0
xian|china,Xian,China,34.341485,108.940404,1575,135000,chandler,0,0
cairo|egypt,Cairo,Egypt,30.06263,31.24967,1575,275000,chandler,0,0
paris|france,Paris,France,48.856614,2.352222,1575,220000,chandler,0,0
rouen|france,Rouen,France,49.44313,1.09932,1575,66000,chandler,0,0
agra|india,Agra,India,27.18333,78.01667,1575,200000,chandler,0,0
ahmedabad|india,Ahmedabad,India,23.039568,72.566004,1575,165000,chandler,0,0
cambay|india,Cambay,India,22.313114,72.619408,1575,70000,chandler,1,0
cuttack|india,Cuttack,India,20.46497,85.87927,1575,75000,chandler,0,0
goa|india,Goa,India,15.299333,74.124,1575,63000,chandler,0,0
surat|india,Surat,India,21.19594,72.83023,1575,60000,chandler,1,0
ujjain|india,Ujjain,India,23.18239,75.77643,1575,60000,chandler,0,0
qazvin|iran,Qazvin,Iran,36.26877,50.0041,1575,120000,chandler,0,0
tabriz|iran,Tabriz,Iran,38.08,46.2919,1575,150000,chandler,0,0
bologna|italy,Bologna,Italy,44.49381,11.33875,1575,65000,chandler,0,0
florence|italy,Florence,Italy,43.771033,11.248,1575,60000,chandler,0,0
genova|italy,Genova,Italy,44.40565,8.946256,1575,64000,chandler,0,0
messina|italy,Messina,Italy,38.19327,15.54969,1575,59000,chandler,0,0
milan|italy,Milan,Italy,45.465453,9.198786,1575,98000,chandler,0,0
naples|italy,Naples,Italy,40.851775,14.268122,1575,215000,chandler,0,0
palermo|italy,Palermo,Italy,38.115689,13.361267,1575,70000,chandler,1,0
rome|italy,Rome,Italy,41.89474,12.4839,1575,70000,chandler,0,0
venice|italy,Venice,Italy,45.440847,12.315514,1575,157000,chandler,0,0
verona|italy,Verona,Italy,45.43419,10.99779,1575,52000,chandler,0,0
sakai|japan,Sakai,Japan,34.573333,135.483056,1575,75000,chandler,1,0
yamaguchi|japan,Yamaguchi,Japan,34.185956,131.47065,1575,90000,chandler,1,1
gao|mali,Gao,Mali,16.27167,-0.04472,1575,75000,chandler,0,0
mexico city|mexico,Mexico City,Mexico,19.42847,-99.12766,1575,55000,chandler,0,0
fez|morocco,Fez,Morocco,34.033333,-5.01,1575,100000,chandler,0,0
marrakech|morocco,Marrakech,Morocco,31.63416,-7.99994,1575,100000,chandler,0,0
arakan|myanmar,Arakan,Myanmar,19.810092,93.987842,1575,70000,chandler,0,1
pegu|myanmar,Pegu,Myanmar,17.333333,96.483333,1575,175000,chandler,0,0
kano|nigeria,Kano,Nigeria,12.00012,8.51672,1575,55000,chandler,0,0
oyo|nigeria,Oyo,Nigeria,7.85,3.93333,1575,60000,chandler,0,0
zaria|nigeria,Zaria,Nigeria,11.11128,7.7227,1575,65000,chandler,0,0
lisbon|portugal,Lisbon,Portugal,38.71667,-9.13333,1575,85000,chandler,0,0
seoul|republic of korea,Seoul,Republic of Korea,37.56826,126.97783,1575,125000,chandler,0,0
bucharest|romania,Bucharest,Romania,44.43225,26.10626,1575,55000,chandler,0,0
moscow|russian federation,Moscow,Russian Federation,55.75222,37.61556,1575,60000,chandler,0,0
smolensk|russian federation,Smolensk,Russian Federation,54.7818,32.0401,1575,50000,chandler,0,0
granada|spain,Granada,Spain,37.177336,-3.598558,1575,60000,chandler,0,0
seville|spain,Seville,Spain,37.388097,-5.982331,1575,100000,chandler,0,0
toledo|spain,Toledo,Spain,39.862831,-4.027322,1575,72000,chandler,0,0
valencia|spain,Valencia,Spain,39.469908,-0.376289,1575,55000,chandler,1,0
aleppo|syria,Aleppo,Syria,36.216667,37.166667,1575,59000,chandler,0,0
damascus|syria,Damascus,Syria,33.5102,36.29128,1575,60000,chandler,0,0
bursa|turkey,Bursa,Turkey,40.19266,29.08403,1575,76000,chandler,0,0
edirne|turkey,Edirne,Turkey,41.681808,26.562269,1575,171000,chandler,0,0
istanbul|turkey,Istanbul,Turkey,41.005275,28.976944,1575,680000,chandler,0,0
london|united kingdom,London,United Kingdom,51.511214,-0.119825,1575,112000,chandler,0,0
bukhara|uzbekistan,Bukhara,Uzbekistan,39.765869,64.422347,1575,85000,chandler,0,0
samarkand|uzbekistan,Samarkand,Uzbekistan,39.6576,66.947561,1575,50000,chandler,0,0
milan|italy,Milan,Italy,45.465453,9.198786,1576,98000,chandler,0,0
pavia|italy,Pavia,Italy,45.18446,9.16145,1576,17000,chandler,0,0
tsinkiang|china,Tsinkiang,China,24.913889,118.58583,1577,58000,chandler,1,0
verona|italy,Verona,Italy,45.43419,10.99779,1577,53280,chandler,0,0
athens|greece,Athens,Greece,37.97945,23.71622,1578,36000,chandler,1,0
edirne|turkey,Edirne,Turkey,41.681808,26.562269,1578,173000,chandler,0,0
beijing|china,Beijing,China,39.9075,116.39723,1579,706861,chandler,0,0
wroclaw|germany,Wroclaw,Germany,51.116667,17.033333,1579,34200,chandler,0,0
fukuoka|japan,Fukuoka,Japan,33.591389,130.414722,1579,35000,chandler,1,0
norwich|united kingdom,Norwich,United Kingdom,52.62783,1.29834,1579,16000,chandler,0,0
thana|india,Thana,India,19.218331,72.97809,1580,30000,chandler,1,0
cholula|mexico,Cholula,Mexico,19.06333,-98.306389,1581,18000,chandler,0,0
marseille|france,Marseille,France,43.29695,5.38107,1582,36000,chandler,1,0
sakai|japan,Sakai,Japan,34.573333,135.483056,1582,80000,chandler,1,0
yamaguchi|japan,Yamaguchi,Japan,34.185956,131.47065,1582,90000,chandler,1,1
st. john's|canada,St. John's,Canada,47.5615,-52.7126,1583,2000,manual_override_canada_ports,1,1
messina|italy,Messina,Italy,38.19327,15.54969,1583,53000,chandler,0,0
nagasaki|japan,Nagasaki,Japan,32.752558,129.878192,1583,25000,chandler,1,0
brugge|belgium,Brugge,Belgium,51.210819,3.224936,1584,29000,chandler,1,0
ahmedabad|india,Ahmedabad,India,23.039568,72.566004,1584,180000,chandler,0,0
qazvin|iran,Qazvin,Iran,36.26877,50.0041,1584,120000,chandler,0,0
limerick|ireland,Limerick,Ireland,52.6653,-8.630497,1584,4800,chandler,0,0
gao|mali,Gao,Mali,16.27167,-0.04472,1585,75000,chandler,0,0
kano|nigeria,Kano,Nigeria,12.00012,8.51672,1585,60000,chandler,0,0
kilwa|tanzania,Kilwa,Tanzania,-9.149644,38.987675,1587,18000,chandler,0,0
amber|india,Amber,India,26.985847,75.888251,1588,30000,chandler,0,0
bologna|italy,Bologna,Italy,44.49381,11.33875,1588,72395,chandler,0,0
seville|spain,Seville,Spain,37.388097,-5.982331,1588,125000,chandler,0,0
manchester|united kingdom,Manchester,United Kingdom,53.48095,-2.23743,1588,10000,chandler,0,0
paris|france,Paris,France,48.856614,2.352222,1590,220000,chandler,0,0
tours|france,Tours,France,47.38333,0.68333,1590,56000,chandler,0,0
lahore|pakistan,Lahore,Pakistan,31.54972,74.34361,1590,300000,chandler,0,0
palermo|italy,Palermo,Italy,38.115689,13.361267,1591,99631,chandler,1,0
gao|mali,Gao,Mali,16.27167,-0.04472,1591,75000,chandler,0,0
manila|philippines,Manila,Philippines,14.58,121,1591,28000,chandler,1,0
palma|spain,Palma,Spain,39.56939,2.65024,1591,23161,chandler,1,0
valladolid|spain,Valladolid,Spain,41.65518,-4.72372,1591,48000,chandler,0,0
nanjing|china,Nanjing,China,32.05,118.766667,1592,194000,chandler,0,0
nimes|france,Nimes,France,43.83333,4.35,1592,10000,chandler,0,0
huancavelica|peru,Huancavelica,Peru,-12.78542,-74.97501,1592,20000,chandler,0,0
venice|italy,Venice,Italy,45.440847,12.315514,1593,150000,chandler,0,0
london|united kingdom,London,United Kingdom,51.511214,-0.119825,1593,152000,chandler,0,0
reims|france,Reims,France,49.25,4.03333,1594,14000,chandler,0,0
cambay|india,Cambay,India,22.313114,72.619408,1594,72000,chandler,1,0
almeria|spain,Almeria,Spain,36.83814,-2.45974,1594,4000,chandler,0,0
cadiz|spain,Cadiz,Spain,36.52978,-6.29465,1594,10000,chandler,0,0
cartagena|spain,Cartagena,Spain,37.625683,-0.996583,1594,5000,chandler,1,0
cordoba|spain,Cordoba,Spain,38.046133,-4.893564,1594,32000,chandler,0,0
granada|spain,Granada,Spain,37.177336,-3.598558,1594,68000,chandler,0,0
medina del campo|spain,Medina del Campo,Spain,41.31239,-4.91413,1594,13000,chandler,0,0
seville|spain,Seville,Spain,37.388097,-5.982331,1594,126000,chandler,0,0
toledo|spain,Toledo,Spain,39.862831,-4.027322,1594,65000,chandler,0,0
antwerp|belgium,Antwerp,Belgium,51.219217,4.402883,1595,47000,chandler,0,0
salerno|italy,Salerno,Italy,40.67797,14.76599,1595,11000,chandler,1,0
warsaw|poland,Warsaw,Poland,52.22977,21.01178,1595,20000,chandler,0,0
london|united kingdom,London,United Kingdom,51.511214,-0.119825,1595,152000,chandler,0,0
kabul|afghanistan,Kabul,Afghanistan,34.52813,69.17233,1596,25000,chandler,0,0
lyon|france,Lyon,France,45.74846,4.84671,1596,30000,chandler,0,0
paris|france,Paris,France,48.856614,2.352222,1596,230000,chandler,0,0
ahmedabad|india,Ahmedabad,India,23.039568,72.566004,1596,180000,chandler,0,0
delhi|india,Delhi,India,28.65381,77.22897,1596,8000,chandler,0,0
surat|india,Surat,India,21.19594,72.83023,1596,70000,chandler,1,0
pegu|myanmar,Pegu,Myanmar,17.333333,96.483333,1596,150000,chandler,0,0
multan|pakistan,Multan,Pakistan,30.19556,71.47528,1596,20000,chandler,0,0
burgos|spain,Burgos,Spain,42.35,-3.7,1596,10000,chandler,0,0
genova|italy,Genova,Italy,44.40565,8.946256,1597,65000,chandler,0,0
madrid|spain,Madrid,Spain,40.416775,-3.703789,1597,75000,chandler,0,0
esfahan|iran,Esfahan,Iran,32.651389,51.679192,1598,40000,chandler,0,0
burhanpur|india,Burhanpur,India,21.30898,76.22996,1599,60000,chandler,0,0
calicut|india,Calicut,India,11.258753,75.78041,1599,42000,chandler,1,0
esfahan|iran,Esfahan,Iran,32.651389,51.679192,1599,80000,chandler,0,0
cremona|italy,Cremona,Italy,45.13617,10.02797,1599,37184,chandler,0,0
kabul|afghanistan,Kabul,Afghanistan,34.52813,69.17233,1600,25000,chandler,0,0
constantine|algeria,Constantine,Algeria,36.365,6.61472,1600,30000,chandler,0,0
tlemcen|algeria,Tlemcen,Algeria,34.87833,-1.315,1600,25000,chandler,0,0
algiers|algiers,Algiers,Algiers,36.7525,3.04197,1600,75000,chandler,1,0
dongo|angola,Dongo,Angola,-9.6625,15.583889,1600,30000,chandler,0,0
luanda|angola,Luanda,Angola,-8.838333,13.23444,1600,30000,chandler,1,0
prague|austria,Prague,Austria,50.08804,14.42076,1600,110000,chandler,0,0
vienna|austria,Vienna,Austria,48.20849,16.37208,1600,30000,chandler,0,0
antwerp|belgium,Antwerp,Belgium,51.219217,4.402883,1600,49000,chandler,0,0
brugge|belgium,Brugge,Belgium,51.210819,3.224936,1600,25000,chandler,1,0
gent|belgium,Gent,Belgium,51.053469,3.730378,1600,31000,chandler,0,0
liege|belgium,Liege,Belgium,50.63373,5.56749,1600,30000,chandler,0,0
potosi|bolivia,Potosi,Bolivia,-19.58361,-65.75306,1600,105000,chandler,0,0
sarajevo|bosnia and herzegovina,Sarajevo,Bosnia and Herzegovina,43.84864,18.35644,1600,25000,chandler,0,0
plovdiv|bulgaria,Plovdiv,Bulgaria,42.15,24.75,1600,28000,chandler,0,0
sofia|bulgaria,Sofia,Bulgaria,42.69751,23.32415,1600,30000,chandler,0,0
masenya|chad,Masenya,Chad,11.402536,16.171328,1600,20000,chandler,0,0
beijing|china,Beijing,China,39.9075,116.39723,1600,706000,chandler,0,0
changchun|china,Changchun,China,43.9,125.2,1600,85000,chandler,0,0
changsha|china,Changsha,China,28.196111,112.972222,1600,37000,chandler,0,0
changzhou|china,Changzhou,China,31.77358,119.95401,1600,85000,chandler,0,0
chengdu|china,Chengdu,China,30.66667,104.06667,1600,100000,chandler,0,0
chongqing|china,Chongqing,China,29.56301,106.551557,1600,36000,chandler,0,0
fuzhou|china,Fuzhou,China,26.076111,119.306389,1600,78000,chandler,0,0
guangzhou|china,Guangzhou,China,23.11667,113.25,1600,180000,chandler,0,0
guiyang|china,Guiyang,China,26.647661,106.630154,1600,20000,chandler,0,0
hangzhou|china,Hangzhou,China,30.25,120.166667,1600,270000,chandler,1,0
jingdezhen|china,Jingdezhen,China,29.268836,117.17842,1600,75000,chandler,0,0
kaifeng|china,Kaifeng,China,34.7986,114.30742,1600,80000,chandler,0,0
kunming|china,Kunming,China,25.03889,102.71833,1600,50000,chandler,0,0
nanchang|china,Nanchang,China,28.68333,115.88333,1600,45000,chandler,0,0
nanjing|china,Nanjing,China,32.05,118.766667,1600,194000,chandler,0,0
suzhou|china,Suzhou,China,31.3,120.6,1600,134000,chandler,0,0
taiyuan|china,Taiyuan,China,37.87059,112.548879,1600,80000,chandler,0,0
tsinkiang|china,Tsinkiang,China,24.913889,118.58583,1600,56000,chandler,1,0
wuhan|china,Wuhan,China,30.58333,114.26667,1600,75000,chandler,0,0
xiamen|china,Xiamen,China,24.47979,118.08187,1600,50000,chandler,1,0
xian|china,Xian,China,34.341485,108.940404,1600,138000,chandler,0,0
havana|cuba,Havana,Cuba,23.13302,-82.38304,1600,7000,chandler,1,0
copenhagen|denmark,Copenhagen,Denmark,55.67594,12.56553,1600,25000,chandler,1,0
quito|ecuador,Quito,Ecuador,-0.22985,-78.52495,1600,20000,chandler,0,0
cairo|egypt,Cairo,Egypt,30.06263,31.24967,1600,200000,chandler,0,0
angers|france,Angers,France,47.46667,-0.55,1600,20000,chandler,0,0
avignon|france,Avignon,France,43.94834,4.80892,1600,21000,chandler,0,0
bordeaux|france,Bordeaux,France,44.84044,-0.5805,1600,30000,chandler,0,0
caen|france,Caen,France,49.18585,-0.35912,1600,25000,chandler,1,0
dijon|france,Dijon,France,47.31667,5.01667,1600,24000,chandler,0,0
lyon|france,Lyon,France,45.74846,4.84671,1600,30000,chandler,0,0
marseille|france,Marseille,France,43.29695,5.38107,1600,36000,chandler,1,0
metz|france,Metz,France,49.11911,6.17269,1600,18000,chandler,0,0
montauban|france,Montauban,France,44.01667,1.35,1600,20000,chandler,0,0
paris|france,Paris,France,48.856614,2.352222,1600,245000,chandler,0,0
reims|france,Reims,France,49.25,4.03333,1600,18000,chandler,0,0
rouen|france,Rouen,France,49.44313,1.09932,1600,60000,chandler,0,0
toulouse|france,Toulouse,France,43.60426,1.44367,1600,30000,chandler,0,0
tours|france,Tours,France,47.38333,0.68333,1600,20000,chandler,0,0
augsberg|germany,Augsberg,Germany,48.371444,10.898239,1600,42000,chandler,0,0
bremen|germany,Bremen,Germany,53.07516,8.80777,1600,21000,chandler,0,0
cologne|germany,Cologne,Germany,50.937531,6.960278,1600,37000,chandler,0,0
hamburg|germany,Hamburg,Germany,53.57532,10.01534,1600,29000,chandler,0,0
konigsberg|germany,Konigsberg,Germany,54.716667,20.516667,1600,25000,chandler,0,0
lubeck|germany,Lubeck,Germany,53.865886,10.687097,1600,28000,chandler,0,0
magdeburg|germany,Magdeburg,Germany,52.130808,11.628878,1600,23000,chandler,0,0
nurnberg|germany,Nurnberg,Germany,49.452031,11.07675,1600,24000,chandler,0,0
soest|germany,Soest,Germany,51.57558,8.10619,1600,5000,chandler,0,0
wroclaw|germany,Wroclaw,Germany,51.116667,17.033333,1600,33000,chandler,0,0
athens|greece,Athens,Greece,37.97945,23.71622,1600,33000,chandler,1,0
thessaloniki|greece,Thessaloniki,Greece,40.63935,22.944606,1600,50000,chandler,1,0
guatemala city|guatemala,Guatemala City,Guatemala,14.64072,-90.51327,1600,25000,chandler,0,0
budapest|hungary,Budapest,Hungary,47.49801,19.03991,1600,25000,chandler,0,0
agra|india,Agra,India,27.18333,78.01667,1600,500000,chandler,0,0
ahmedabad|india,Ahmedabad,India,23.039568,72.566004,1600,190000,chandler,0,0
amber|india,Amber,India,26.985847,75.888251,1600,50000,chandler,0,0
bijapur|india,Bijapur,India,16.82442,75.71537,1600,200000,chandler,0,0
burhanpur|india,Burhanpur,India,21.30898,76.22996,1600,50000,chandler,0,0
calicut|india,Calicut,India,11.258753,75.78041,1600,42000,chandler,1,0
cambay|india,Cambay,India,22.313114,72.619408,1600,70000,chandler,1,0
cochin|india,Cochin,India,9.93988,76.26022,1600,56000,chandler,0,0
cuttack|india,Cuttack,India,20.46497,85.87927,1600,60000,chandler,0,0
diu|india,Diu,India,21.081554,76.091401,1600,50000,chandler,0,0
goa|india,Goa,India,15.299333,74.124,1600,61500,chandler,0,0
hugli-chuchura|india,Hugli-Chuchura,India,22.9,88.39,1600,60000,chandler,0,0
ikkeri|india,Ikkeri,India,14.135,75.0226,1600,48000,chandler,0,0
jodhpur|india,Jodhpur,India,26.26841,73.00594,1600,45000,chandler,0,0
kolar|india,Kolar,India,13.13671,78.12917,1600,40000,chandler,0,0
madurai|india,Madurai,India,9.91735,78.11962,1600,50000,chandler,0,0
mandu|india,Mandu,India,22.36667,75.38333,1600,40000,chandler,0,0
patna|india,Patna,India,25.610533,85.14145,1600,80000,chandler,0,0
quilon|india,Quilon,India,8.88,76.6,1600,35000,chandler,0,0
rajmahal|india,Rajmahal,India,25.05303,87.83048,1600,80000,chandler,0,0
surat|india,Surat,India,21.19594,72.83023,1600,75000,chandler,1,0
udaipur|india,Udaipur,India,24.57127,73.691544,1600,72000,chandler,0,0
ujjain|india,Ujjain,India,23.18239,75.77643,1600,60000,chandler,0,0
bantam|indonesia,Bantam,Indonesia,-6.405369,106.064081,1600,50000,chandler,0,0
surabaya|indonesia,Surabaya,Indonesia,-7.24917,112.75083,1600,50000,chandler,0,0
esfahan|iran,Esfahan,Iran,32.651389,51.679192,1600,100000,chandler,0,0
kerman|iran,Kerman,Iran,30.28321,57.07879,1600,40000,chandler,0,0
qazvin|iran,Qazvin,Iran,36.26877,50.0041,1600,60000,chandler,0,0
tabriz|iran,Tabriz,Iran,38.08,46.2919,1600,80000,chandler,0,0
dublin|ireland,Dublin,Ireland,53.33306,-6.24889,1600,24000,chandler,1,0
bologna|italy,Bologna,Italy,44.49381,11.33875,1600,62844,chandler,0,0
florence|italy,Florence,Italy,43.771033,11.248,1600,65000,chandler,0,0
genova|italy,Genova,Italy,44.40565,8.946256,1600,65000,chandler,0,0
messina|italy,Messina,Italy,38.19327,15.54969,1600,63000,chandler,0,0
milan|italy,Milan,Italy,45.465453,9.198786,1600,107000,chandler,0,0
naples|italy,Naples,Italy,40.851775,14.268122,1600,224110,chandler,0,0
palermo|italy,Palermo,Italy,38.115689,13.361267,1600,105000,chandler,1,0
pavia|italy,Pavia,Italy,45.18446,9.16145,1600,18000,chandler,0,0
rome|italy,Rome,Italy,41.89474,12.4839,1600,102000,chandler,0,0
venice|italy,Venice,Italy,45.440847,12.315514,1600,151000,chandler,0,0
verona|italy,Verona,Italy,45.43419,10.99779,1600,54000,chandler,0,0
fukuoka|japan,Fukuoka,Japan,33.591389,130.414722,1600,50000,chandler,1,0
kagoshima|japan,Kagoshima,Japan,31.5966,130.557183,1600,45000,chandler,1,0
kyoto|japan,Kyoto,Japan,35.02107,135.75385,1600,300000,chandler,0,0
nagasaki|japan,Nagasaki,Japan,32.752558,129.878192,1600,24000,chandler,1,0
osaka|japan,Osaka,Japan,34.693216,135.502082,1600,360000,chandler,1,0
yamaguchi|japan,Yamaguchi,Japan,34.185956,131.47065,1600,80000,chandler,1,1
tripoli|libya,Tripoli,Libya,32.876175,13.187508,1600,15000,chandler,1,1
vilnius|lithuania,Vilnius,Lithuania,54.683333,25.283333,1600,40000,chandler,0,0
tombouctou|mali,Tombouctou,Mali,16.77348,-3.00742,1600,25000,chandler,0,0
cholula|mexico,Cholula,Mexico,19.06333,-98.306389,1600,13000,chandler,0,0
mexico city|mexico,Mexico City,Mexico,19.42847,-99.12766,1600,58500,chandler,0,0
zacatecas|mexico,Zacatecas,Mexico,22.76843,-102.58141,1600,25000,chandler,0,0
fez|morocco,Fez,Morocco,34.033333,-5.01,1600,100000,chandler,0,0
marrakech|morocco,Marrakech,Morocco,31.63416,-7.99994,1600,125000,chandler,0,0
arakan|myanmar,Arakan,Myanmar,19.810092,93.987842,1600,90000,chandler,0,1
toungoo|myanmar,Toungoo,Myanmar,18.933333,96.433333,1600,60000,chandler,0,0
amsterdam|netherlands,Amsterdam,Netherlands,52.37403,4.88969,1600,48000,chandler,0,0
haarlem|netherlands,Haarlem,Netherlands,52.38084,4.63683,1600,25000,chandler,1,0
leiden|netherlands,Leiden,Netherlands,52.15833,4.49306,1600,24000,chandler,1,0
agades|niger,Agades,Niger,16.966667,7.983333,1600,30000,chandler,0,0
alkalawa|nigeria,Alkalawa,Nigeria,9.2833,8.4,1600,35000,chandler,0,0
benin|nigeria,Benin,Nigeria,6.339081,5.626483,1600,50000,chandler,0,0
kano|nigeria,Kano,Nigeria,12.00012,8.51672,1600,40000,chandler,0,0
katsina|nigeria,Katsina,Nigeria,12.98943,7.60063,1600,60000,chandler,0,0
nkazargamu|nigeria,Nkazargamu,Nigeria,13.047222,12.227778,1600,60000,chandler,0,0
oyo|nigeria,Oyo,Nigeria,7.85,3.93333,1600,60000,chandler,0,0
surame|nigeria,Surame,Nigeria,13.0875,4.898611,1600,40000,chandler,0,0
zaria|nigeria,Zaria,Nigeria,11.11128,7.7227,1600,60000,chandler,0,0
lahore|pakistan,Lahore,Pakistan,31.54972,74.34361,1600,34000,chandler,0,0
ayacucho|peru,Ayacucho,Peru,-13.1615,-74.22154,1600,14000,chandler,0,0
cuzco|peru,Cuzco,Peru,-13.525,-71.972222,1600,24000,chandler,0,0
manila|philippines,Manila,Philippines,14.58,121,1600,28000,chandler,1,0
gdansk|poland,Gdansk,Poland,54.352025,18.64663,1600,49000,chandler,1,0
krakow|poland,Krakow,Poland,50.06143,19.93658,1600,26000,chandler,0,0
lvov|poland,Lvov,Poland,49.839683,24.029717,1600,10000,chandler,0,0
poznan|poland,Poznan,Poland,52.40692,16.92993,1600,25000,chandler,0,0
szczecin|poland,Szczecin,Poland,53.416667,14.583333,1600,12200,chandler,0,0
warsaw|poland,Warsaw,Poland,52.22977,21.01178,1600,35000,chandler,0,0
lisbon|portugal,Lisbon,Portugal,38.71667,-9.13333,1600,100000,chandler,0,0
bucharest|romania,Bucharest,Romania,44.43225,26.10626,1600,60000,chandler,0,0
suceava|romania,Suceava,Romania,47.63333,26.25,1600,13000,chandler,0,0
targoviste|romania,Targoviste,Romania,44.924167,25.456667,1600,20000,chandler,0,0
feodosia|russian federation,Feodosia,Russian Federation,45.048889,35.379167,1600,30000,chandler,1,0
moscow|russian federation,Moscow,Russian Federation,55.75222,37.61556,1600,80000,chandler,0,0
smolensk|russian federation,Smolensk,Russian Federation,54.7818,32.0401,1600,50000,chandler,0,0
mecca|saudi arabia,Mecca,Saudi Arabia,21.42667,39.82611,1600,50000,chandler,0,0
medina|saudi arabia,Medina,Saudi Arabia,24.4609,39.620189,1600,30000,chandler,0,0
belgrade|serbia,Belgrade,Serbia,44.80401,20.46513,1600,40000,chandler,0,0
nis|serbia,Nis,Serbia,43.319381,21.896328,1600,15000,chandler,0,0
skopje|serbia,Skopje,Serbia,41.99646,21.43141,1600,50000,chandler,0,0
barcelona|spain,Barcelona,Spain,41.38879,2.15899,1600,35000,chandler,1,0
cordoba|spain,Cordoba,Spain,38.046133,-4.893564,1600,32000,chandler,0,0
granada|spain,Granada,Spain,37.177336,-3.598558,1600,68000,chandler,0,0
madrid|spain,Madrid,Spain,40.416775,-3.703789,1600,80000,chandler,0,0
palma|spain,Palma,Spain,39.56939,2.65024,1600,23000,chandler,1,0
seville|spain,Seville,Spain,37.388097,-5.982331,1600,126000,chandler,0,0
toledo|spain,Toledo,Spain,39.862831,-4.027322,1600,57000,chandler,0,0
valencia|spain,Valencia,Spain,39.469908,-0.376289,1600,61000,chandler,1,0
valladolid|spain,Valladolid,Spain,41.65518,-4.72372,1600,42000,chandler,0,0
zaragoza|spain,Zaragoza,Spain,41.648792,-0.889581,1600,26000,chandler,0,0
sennar|sudan,Sennar,Sudan,13.567469,33.567203,1600,40000,chandler,0,0
stockholm|sweden,Stockholm,Sweden,59.33258,18.0649,1600,16000,chandler,1,0
aleppo|syria,Aleppo,Syria,36.216667,37.166667,1600,61000,chandler,0,0
damascus|syria,Damascus,Syria,33.5102,36.29128,1600,60000,chandler,0,0
ayutthaya|thailand,Ayutthaya,Thailand,14.35,100.55,1600,100000,chandler,0,0
tunis|tunisia,Tunis,Tunisia,36.818811,10.165961,1600,50000,chandler,1,1
bursa|turkey,Bursa,Turkey,40.19266,29.08403,1600,70000,chandler,0,0
edirne|turkey,Edirne,Turkey,41.681808,26.562269,1600,150000,chandler,0,0
istanbul|turkey,Istanbul,Turkey,41.005275,28.976944,1600,700000,chandler,0,0
bakhchiserai|ukraine,Bakhchiserai,Ukraine,44.755286,33.867233,1600,30000,chandler,0,0
edinburgh|united kingdom,Edinburgh,United Kingdom,55.95206,-3.19648,1600,35000,chandler,1,0
glasgow|united kingdom,Glasgow,United Kingdom,55.86515,-4.25763,1600,7000,chandler,0,0
london|united kingdom,London,United Kingdom,51.511214,-0.119825,1600,187000,chandler,0,0
bukhara|uzbekistan,Bukhara,Uzbekistan,39.765869,64.422347,1600,100000,chandler,0,0
hue|vietnam,Hue,Vietnam,16.46667,107.6,1600,50000,chandler,1,0
gdansk|poland,Gdansk,Poland,54.352025,18.64663,1601,49000,chandler,1,0
buenos aires|argentina,Buenos Aires,Argentina,-34.61315,-58.37723,1602,500,chandler,1,0
potosi|bolivia,Potosi,Bolivia,-19.58361,-65.75306,1602,105000,chandler,0,0
bandar seri begawan|brunei,Bandar Seri Begawan,Brunei,4.890283,114.942217,1602,30000,chandler,1,1
dijon|france,Dijon,France,47.31667,5.01667,1602,24000,chandler,0,0
nurnberg|germany,Nurnberg,Germany,49.452031,11.07675,1602,24000,chandler,0,0
verona|italy,Verona,Italy,45.43419,10.99779,1604,55176,chandler,0,0
toungoo|myanmar,Toungoo,Myanmar,18.933333,96.433333,1604,60000,chandler,0,0
oruro|bolivia,Oruro,Bolivia,-17.98333,-67.15,1606,12000,chandler,0,0
angers|france,Angers,France,47.46667,-0.55,1606,22000,chandler,0,0
calicut|india,Calicut,India,11.258753,75.78041,1606,42000,chandler,1,0
messina|italy,Messina,Italy,38.19327,15.54969,1606,67000,chandler,0,0
palermo|italy,Palermo,Italy,38.115689,13.361267,1606,110000,chandler,1,0
wroclaw|germany,Wroclaw,Germany,51.116667,17.033333,1607,37000,chandler,0,0
caracas|venezuela,Caracas,Venezuela,10.48801,-66.87919,1607,3000,chandler,1,0
vienna|austria,Vienna,Austria,48.20849,16.37208,1608,30000,chandler,0,0
tsinkiang|china,Tsinkiang,China,24.913889,118.58583,1608,56159,chandler,1,0
tokyo|japan,Tokyo,Japan,35.6895,139.69171,1609,150000,chandler,1,0
valencia|spain,Valencia,Spain,39.469908,-0.376289,1609,61000,chandler,1,0
gent|belgium,Gent,Belgium,51.053469,3.730378,1610,31000,chandler,0,0
metz|france,Metz,France,49.11911,6.17269,1610,19432,chandler,0,0
agra|india,Agra,India,27.18333,78.01667,1610,500000,chandler,0,0
burhanpur|india,Burhanpur,India,21.30898,76.22996,1610,90000,chandler,0,0
madurai|india,Madurai,India,9.91735,78.11962,1610,50000,chandler,0,0
dublin|ireland,Dublin,Ireland,53.33306,-6.24889,1610,26000,chandler,1,0
limerick|ireland,Limerick,Ireland,52.6653,-8.630497,1610,5000,chandler,0,0
potosi|bolivia,Potosi,Bolivia,-19.58361,-65.75306,1611,114000,chandler,0,0
wroclaw|germany,Wroclaw,Germany,51.116667,17.033333,1611,37000,chandler,0,0
udaipur|india,Udaipur,India,24.57127,73.691544,1611,72000,chandler,0,0
moscow|russian federation,Moscow,Russian Federation,55.75222,37.61556,1611,130000,chandler,0,0
granada|spain,Granada,Spain,37.177336,-3.598558,1611,53000,chandler,0,0
algiers|algiers,Algiers,Algiers,36.7525,3.04197,1612,80000,chandler,1,0
antwerp|belgium,Antwerp,Belgium,51.219217,4.402883,1612,53918,chandler,0,0
jerusalem|israel,Jerusalem,Israel,31.76904,35.21633,1613,10000,chandler,0,0
reims|france,Reims,France,49.25,4.03333,1615,21000,chandler,0,0
syracuse|greece,Syracuse,Greece,37.06082237,15.29420264,1615,12432,chandler,0,0
cuzco|peru,Cuzco,Peru,-13.525,-71.972222,1615,25000,chandler,0,0
lvov|poland,Lvov,Poland,49.839683,24.029717,1615,10000,chandler,0,0
avignon|france,Avignon,France,43.94834,4.80892,1616,23000,chandler,0,0
hamburg|germany,Hamburg,Germany,53.57532,10.01534,1616,31000,chandler,0,0
nagasaki|japan,Nagasaki,Japan,32.752558,129.878192,1616,24693,chandler,1,0
huancavelica|peru,Huancavelica,Peru,-12.78542,-74.97501,1616,20000,chandler,0,0
leipzig|germany,Leipzig,Germany,51.33962,12.37129,1617,15136,chandler,0,0
madrid|spain,Madrid,Spain,40.416775,-3.703789,1617,108000,chandler,0,0
vienna|austria,Vienna,Austria,48.20849,16.37208,1619,40000,chandler,0,0
nizhniy novgorod|russian federation,Nizhniy Novgorod,Russian Federation,56.3269,44.0075,1619,5000,chandler,0,0
augsberg|germany,Augsberg,Germany,48.371444,10.898239,1620,45000,chandler,0,0
erfurt|germany,Erfurt,Germany,50.9787,11.03283,1620,19014,chandler,0,0
burhanpur|india,Burhanpur,India,21.30898,76.22996,1620,130000,chandler,0,0
cholula|mexico,Cholula,Mexico,19.06333,-98.306389,1620,9000,chandler,0,0
lisbon|portugal,Lisbon,Portugal,38.71667,-9.13333,1620,113265,chandler,0,0
nurnberg|germany,Nurnberg,Germany,49.452031,11.07675,1622,24000,chandler,0,0
madurai|india,Madurai,India,9.91735,78.11962,1622,42000,chandler,0,0
amsterdam|netherlands,Amsterdam,Netherlands,52.37403,4.88969,1622,104932,chandler,0,0
haarlem|netherlands,Haarlem,Netherlands,52.38084,4.63683,1622,39455,chandler,1,0
leiden|netherlands,Leiden,Netherlands,52.15833,4.49306,1622,44745,chandler,1,0
lahore|pakistan,Lahore,Pakistan,31.54972,74.34361,1622,500000,chandler,0,0
oporto|portugal,Oporto,Portugal,41.167972,-8.627064,1622,19000,chandler,1,0
kiev|ukraine,Kiev,Ukraine,50.45466,30.5238,1622,10500,chandler,0,0
xiamen|china,Xiamen,China,24.47979,118.08187,1623,60000,chandler,1,0
montauban|france,Montauban,France,44.01667,1.35,1623,24000,chandler,0,0
bremen|germany,Bremen,Germany,53.07516,8.80777,1623,23000,chandler,0,0
prague|austria,Prague,Austria,50.08804,14.42076,1624,100297,chandler,0,0
taiyuan|china,Taiyuan,China,37.87059,112.548879,1624,81200,chandler,0,0
venice|italy,Venice,Italy,45.440847,12.315514,1624,156000,chandler,0,0
kyoto|japan,Kyoto,Japan,35.02107,135.75385,1624,410000,chandler,0,0
warsaw|poland,Warsaw,Poland,52.22977,21.01178,1624,48000,chandler,0,0
hangzhou|china,Hangzhou,China,30.25,120.166667,1625,275000,chandler,1,0
palermo|italy,Palermo,Italy,38.115689,13.361267,1625,136000,chandler,1,0
mexico city|mexico,Mexico City,Mexico,19.42847,-99.12766,1625,60000,chandler,0,0
rabat|morocco,Rabat,Morocco,34.01325,-6.83255,1625,50000,chandler,1,0
surat|india,Surat,India,21.19594,72.83023,1626,90000,chandler,1,0
lisbon|portugal,Lisbon,Portugal,38.71667,-9.13333,1626,126000,chandler,0,0
pskov|russian federation,Pskov,Russian Federation,57.8136,28.3496,1626,2660,chandler,0,0
zaragoza|spain,Zaragoza,Spain,41.648792,-0.889581,1626,24000,chandler,0,0
lahore|pakistan,Lahore,Pakistan,31.54972,74.34361,1627,500000,chandler,0,0
barcelona|spain,Barcelona,Spain,41.38879,2.15899,1627,43000,chandler,1,0
prague|austria,Prague,Austria,50.08804,14.42076,1628,43523,chandler,0,0
bordeaux|france,Bordeaux,France,44.84044,-0.5805,1628,36000,chandler,0,0
mandu|india,Mandu,India,22.36667,75.38333,1628,40000,chandler,0,0
esfahan|iran,Esfahan,Iran,32.651389,51.679192,1628,325000,chandler,0,0
milan|italy,Milan,Italy,45.465453,9.198786,1628,118000,chandler,0,0
guatemala city|guatemala,Guatemala City,Guatemala,14.64072,-90.51327,1629,26000,chandler,0,0
florence|italy,Florence,Italy,43.771033,11.248,1629,70000,chandler,0,0
marseille|france,Marseille,France,43.29695,5.38107,1630,48000,chandler,1,0
bantam|indonesia,Bantam,Indonesia,-6.405369,106.064081,1630,50000,chandler,0,0
toledo|spain,Toledo,Spain,39.862831,-4.027322,1630,20000,chandler,0,0
shenyang|china,Shenyang,China,41.79222,123.43278,1631,200000,chandler,0,0
magdeburg|germany,Magdeburg,Germany,52.130808,11.628878,1631,25000,chandler,0,0
lahore|pakistan,Lahore,Pakistan,31.54972,74.34361,1631,84000,chandler,0,0
lyon|france,Lyon,France,45.74846,4.84671,1632,30000,chandler,0,0
augsberg|germany,Augsberg,Germany,48.371444,10.898239,1632,90000,chandler,0,0
nurnberg|germany,Nurnberg,Germany,49.452031,11.07675,1632,28000,chandler,0,0
hugli-chuchura|india,Hugli-Chuchura,India,22.9,88.39,1632,65000,chandler,0,0
patna|india,Patna,India,25.610533,85.14145,1632,100000,chandler,0,0
kyoto|japan,Kyoto,Japan,35.02107,135.75385,1632,410098,chandler,0,0
belgrade|serbia,Belgrade,Serbia,44.80401,20.46513,1632,40000,chandler,0,0
cuttack|india,Cuttack,India,20.46497,85.87927,1633,60000,chandler,0,0
puri|india,Puri,India,19.810556,85.831389,1633,36000,chandler,1,0
kagoshima|japan,Kagoshima,Japan,31.5966,130.557183,1633,48000,chandler,1,0
algiers|algiers,Algiers,Algiers,36.7525,3.04197,1634,100000,chandler,1,0
mexico city|mexico,Mexico City,Mexico,19.42847,-99.12766,1634,40000,chandler,0,0
recife|brazil,Recife,Brazil,-8.05389,-34.88111,1635,7000,chandler,0,0
macao|china,Macao,China,22.1667,113.55,1635,35000,chandler,0,0
augsberg|germany,Augsberg,Germany,48.371444,10.898239,1635,16432,chandler,0,0
konigsberg|germany,Konigsberg,Germany,54.716667,20.516667,1635,33000,chandler,0,0
sofia|bulgaria,Sofia,Bulgaria,42.69751,23.32415,1636,40000,chandler,0,0
puebla|mexico,Puebla,Mexico,19.0514,-98.2178,1636,50000,chandler,0,0
texcoco|mexico,Texcoco,Mexico,19.504422,-98.891425,1636,2000,chandler,0,0
astrakhan|russian federation,Astrakhan,Russian Federation,46.366681,48.083239,1636,18000,chandler,0,0
ayutthaya|thailand,Ayutthaya,Thailand,14.35,100.55,1636,120000,chandler,0,0
vienna|austria,Vienna,Austria,48.20849,16.37208,1637,60000,chandler,0,0
changsha|china,Changsha,China,28.196111,112.972222,1637,37000,chandler,0,0
paris|france,Paris,France,48.856614,2.352222,1637,412000,chandler,0,0
achin|indonesia,Achin,Indonesia,5.55,95.316667,1637,60000,chandler,1,0
agra|india,Agra,India,27.18333,78.01667,1638,400000,chandler,0,0
ahmedabad|india,Ahmedabad,India,23.039568,72.566004,1638,266000,chandler,0,0
baghdad|iraq,Baghdad,Iraq,33.34058,44.40088,1638,30000,chandler,0,0
granada|spain,Granada,Spain,37.177336,-3.598558,1638,45000,chandler,0,0
tours|france,Tours,France,47.38333,0.68333,1639,22000,chandler,0,0
bijapur|india,Bijapur,India,16.82442,75.71537,1639,300000,chandler,0,0
tzintzuntzan|mexico,Tzintzuntzan,Mexico,19.62903,-101.57857,1639,1000,chandler,0,0
lisbon|portugal,Lisbon,Portugal,38.71667,-9.13333,1639,165000,chandler,0,0
copenhagen|denmark,Copenhagen,Denmark,55.67594,12.56553,1640,29850,chandler,1,0
toulouse|france,Toulouse,France,43.60426,1.44367,1640,42000,chandler,0,0
hannover|germany,Hannover,Germany,52.37052,9.73322,1640,10000,chandler,0,0
cochin|india,Cochin,India,9.93988,76.26022,1640,56000,chandler,0,0
dhaka|india,Dhaka,India,23.709921,90.407143,1640,150000,chandler,0,0
diu|india,Diu,India,21.081554,76.091401,1640,50000,chandler,0,0
varanasi|india,Varanasi,India,25.317645,82.973914,1640,50000,chandler,0,0
kerman|iran,Kerman,Iran,30.28321,57.07879,1640,45000,chandler,0,0
asuncion|paraguay,Asuncion,Paraguay,-25.30066,-57.63591,1640,4000,chandler,0,0
bucharest|romania,Bucharest,Romania,44.43225,26.10626,1640,60000,chandler,0,0
konigsberg|germany,Konigsberg,Germany,54.716667,20.516667,1641,33000,chandler,0,0
ayacucho|peru,Ayacucho,Peru,-13.1615,-74.22154,1641,20000,chandler,0,0
kaifeng|china,Kaifeng,China,34.7986,114.30742,1642,80000,chandler,0,0
pisa|italy,Pisa,Italy,43.71553,10.39659,1642,12902,chandler,1,0
amber|india,Amber,India,26.985847,75.888251,1644,84000,chandler,0,0
seville|spain,Seville,Spain,37.388097,-5.982331,1644,120000,chandler,0,0
antwerp|belgium,Antwerp,Belgium,51.219217,4.402883,1645,56948,chandler,0,0
kolar|india,Kolar,India,13.13671,78.12917,1645,40000,chandler,0,0
amsterdam|netherlands,Amsterdam,Netherlands,52.37403,4.88969,1645,145000,chandler,0,0
kazan|russian federation,Kazan,Russian Federation,55.790278,49.134722,1646,6000,chandler,0,0
cordoba|spain,Cordoba,Spain,38.046133,-4.893564,1646,34000,chandler,0,0
medina del campo|spain,Medina del Campo,Spain,41.31239,-4.91413,1646,3000,chandler,0,0
toledo|spain,Toledo,Spain,39.862831,-4.027322,1646,25000,chandler,0,0
valladolid|spain,Valladolid,Spain,41.65518,-4.72372,1646,15000,chandler,0,0
guangzhou|china,Guangzhou,China,23.11667,113.25,1647,200000,chandler,0,0
taiyuan|china,Taiyuan,China,37.87059,112.548879,1647,75000,chandler,0,0
bijapur|india,Bijapur,India,16.82442,75.71537,1648,340000,chandler,0,0
chengdu|china,Chengdu,China,30.66667,104.06667,1649,120000,chandler,0,0
fuzhou|china,Fuzhou,China,26.076111,119.306389,1649,84000,chandler,0,0
nanchang|china,Nanchang,China,28.68333,115.88333,1649,45000,chandler,0,0
nizhniy novgorod|russian federation,Nizhniy Novgorod,Russian Federation,56.3269,44.0075,1649,14000,chandler,0,0
algiers|algiers,Algiers,Algiers,36.7525,3.04197,1650,100000,chandler,1,0
vienna|austria,Vienna,Austria,48.20849,16.37208,1650,65000,chandler,0,0
liege|belgium,Liege,Belgium,50.63373,5.56749,1650,33000,chandler,0,0
recife|brazil,Recife,Brazil,-8.05389,-34.88111,1650,11000,chandler,0,0
salvador|brazil,Salvador,Brazil,-12.97111,-38.51083,1650,10000,chandler,0,0
plovdiv|bulgaria,Plovdiv,Bulgaria,42.15,24.75,1650,27000,chandler,0,0
sofia|bulgaria,Sofia,Bulgaria,42.69751,23.32415,1650,31000,chandler,0,0
beijing|china,Beijing,China,39.9075,116.39723,1650,470000,chandler,0,0
changsha|china,Changsha,China,28.196111,112.972222,1650,40000,chandler,0,0
guangzhou|china,Guangzhou,China,23.11667,113.25,1650,200000,chandler,0,0
guiyang|china,Guiyang,China,26.647661,106.630154,1650,34000,chandler,0,0
hangzhou|china,Hangzhou,China,30.25,120.166667,1650,281000,chandler,1,0
nanjing|china,Nanjing,China,32.05,118.766667,1650,178000,chandler,0,0
suzhou|china,Suzhou,China,31.3,120.6,1650,128000,chandler,0,0
taiyuan|china,Taiyuan,China,37.87059,112.548879,1650,27339,chandler,0,0
wuhan|china,Wuhan,China,30.58333,114.26667,1650,75000,chandler,0,0
xiamen|china,Xiamen,China,24.47979,118.08187,1650,60000,chandler,1,0
xian|china,Xian,China,34.341485,108.940404,1650,147000,chandler,0,0
quito|ecuador,Quito,Ecuador,-0.22985,-78.52495,1650,31500,chandler,0,0
cairo|egypt,Cairo,Egypt,30.06263,31.24967,1650,175000,chandler,0,0
lyon|france,Lyon,France,45.74846,4.84671,1650,80000,chandler,0,0
paris|france,Paris,France,48.856614,2.352222,1650,455000,chandler,0,0
rouen|france,Rouen,France,49.44313,1.09932,1650,81000,chandler,0,0
agra|india,Agra,India,27.18333,78.01667,1650,120000,chandler,0,0
ahmedabad|india,Ahmedabad,India,23.039568,72.566004,1650,275000,chandler,0,0
amber|india,Amber,India,26.985847,75.888251,1650,84000,chandler,0,0
bijapur|india,Bijapur,India,16.82442,75.71537,1650,340000,chandler,0,0
dhaka|india,Dhaka,India,23.709921,90.407143,1650,100000,chandler,0,0
hugli-chuchura|india,Hugli-Chuchura,India,22.9,88.39,1650,60000,chandler,0,0
jodhpur|india,Jodhpur,India,26.26841,73.00594,1650,60000,chandler,0,0
srinagar|india,Srinagar,India,34.08842,74.80298,1650,115000,chandler,0,0
surat|india,Surat,India,21.19594,72.83023,1650,125000,chandler,1,0
udaipur|india,Udaipur,India,24.57127,73.691544,1650,60000,chandler,0,0
ujjain|india,Ujjain,India,23.18239,75.77643,1650,65000,chandler,0,0
achin|indonesia,Achin,Indonesia,5.55,95.316667,1650,60000,chandler,1,0
esfahan|iran,Esfahan,Iran,32.651389,51.679192,1650,350000,chandler,0,0
qazvin|iran,Qazvin,Iran,36.26877,50.0041,1650,60000,chandler,0,0
basra|iraq,Basra,Iraq,30.5,47.816667,1650,60000,chandler,0,0
florence|italy,Florence,Italy,43.771033,11.248,1650,66000,chandler,0,0
genova|italy,Genova,Italy,44.40565,8.946256,1650,72000,chandler,0,0
milan|italy,Milan,Italy,45.465453,9.198786,1650,105000,chandler,0,0
naples|italy,Naples,Italy,40.851775,14.268122,1650,265000,chandler,0,0
palermo|italy,Palermo,Italy,38.115689,13.361267,1650,132000,chandler,1,0
rome|italy,Rome,Italy,41.89474,12.4839,1650,110000,chandler,0,0
venice|italy,Venice,Italy,45.440847,12.315514,1650,134000,chandler,0,0
osaka|japan,Osaka,Japan,34.693216,135.502082,1650,346000,chandler,1,0
tokyo|japan,Tokyo,Japan,35.6895,139.69171,1650,500000,chandler,1,0
vilnius|lithuania,Vilnius,Lithuania,54.683333,25.283333,1650,45000,chandler,0,0
fez|morocco,Fez,Morocco,34.033333,-5.01,1650,70000,chandler,0,0
marrakech|morocco,Marrakech,Morocco,31.63416,-7.99994,1650,125000,chandler,0,0
arakan|myanmar,Arakan,Myanmar,19.810092,93.987842,1650,90000,chandler,0,1
amsterdam|netherlands,Amsterdam,Netherlands,52.37403,4.88969,1650,165000,chandler,0,0
leiden|netherlands,Leiden,Netherlands,52.15833,4.49306,1650,63000,chandler,1,0
benin|nigeria,Benin,Nigeria,6.339081,5.626483,1650,60000,chandler,0,0
katsina|nigeria,Katsina,Nigeria,12.98943,7.60063,1650,60000,chandler,0,0
nkazargamu|nigeria,Nkazargamu,Nigeria,13.047222,12.227778,1650,60000,chandler,0,0
oyo|nigeria,Oyo,Nigeria,7.85,3.93333,1650,60000,chandler,0,0
lahore|pakistan,Lahore,Pakistan,31.54972,74.34361,1650,360000,chandler,0,0
huancavelica|peru,Huancavelica,Peru,-12.78542,-74.97501,1650,22000,chandler,0,0
gdansk|poland,Gdansk,Poland,54.352025,18.64663,1650,77000,chandler,1,0
lisbon|portugal,Lisbon,Portugal,38.71667,-9.13333,1650,170000,chandler,0,0
seoul|republic of korea,Seoul,Republic of Korea,37.56826,126.97783,1650,150000,chandler,0,0
targoviste|romania,Targoviste,Romania,44.924167,25.456667,1650,60000,chandler,0,0
moscow|russian federation,Moscow,Russian Federation,55.75222,37.61556,1650,105000,chandler,0,0
barcelona|spain,Barcelona,Spain,41.38879,2.15899,1650,59000,chandler,1,0
madrid|spain,Madrid,Spain,40.416775,-3.703789,1650,125000,chandler,0,0
zaragoza|spain,Zaragoza,Spain,41.648792,-0.889581,1650,28000,chandler,0,0
aleppo|syria,Aleppo,Syria,36.216667,37.166667,1650,64000,chandler,0,0
damascus|syria,Damascus,Syria,33.5102,36.29128,1650,65000,chandler,0,0
kilwa|tanzania,Kilwa,Tanzania,-9.149644,38.987675,1650,12500,chandler,0,0
ayutthaya|thailand,Ayutthaya,Thailand,14.35,100.55,1650,125000,chandler,0,0
bursa|turkey,Bursa,Turkey,40.19266,29.08403,1650,60000,chandler,0,0
edirne|turkey,Edirne,Turkey,41.681808,26.562269,1650,120000,chandler,0,0
istanbul|turkey,Istanbul,Turkey,41.005275,28.976944,1650,700000,chandler,0,0
smyrna|turkey,Smyrna,Turkey,38.41273,27.13838,1650,75000,chandler,1,0
edinburgh|united kingdom,Edinburgh,United Kingdom,55.95206,-3.19648,1650,48000,chandler,1,0
london|united kingdom,London,United Kingdom,51.511214,-0.119825,1650,410000,chandler,0,0
bukhara|uzbekistan,Bukhara,Uzbekistan,39.765869,64.422347,1650,90000,chandler,0,0
tainan city|china,Tainan City,China,22.983333,120.18333,1651,40000,chandler,1,0
baghdad|iraq,Baghdad,Iraq,33.34058,44.40088,1652,14000,chandler,0,0
messina|italy,Messina,Italy,38.19327,15.54969,1653,47000,chandler,0,0
poznan|poland,Poznan,Poland,52.40692,16.92993,1653,21000,chandler,0,0
tula|russian federation,Tula,Russian Federation,54.107722,37.573261,1654,2568,chandler,0,0
rajmahal|india,Rajmahal,India,25.05303,87.83048,1655,100000,chandler,0,0
bucharest|romania,Bucharest,Romania,44.43225,26.10626,1655,50000,chandler,0,0
santiago|chile,Santiago,Chile,-33.45,-70.666667,1657,4918,chandler,0,0
hangzhou|china,Hangzhou,China,30.25,120.166667,1657,281851,chandler,1,0
suzhou|china,Suzhou,China,31.3,120.6,1657,127000,chandler,0,0
angers|france,Angers,France,47.46667,-0.55,1657,28000,chandler,0,0
izmail|romania,Izmail,Romania,45.351667,28.836389,1657,10000,chandler,0,0
barcelona|spain,Barcelona,Spain,41.38879,2.15899,1657,64000,chandler,1,0
agra|india,Agra,India,27.18333,78.01667,1658,120000,chandler,0,0
jodhpur|india,Jodhpur,India,26.26841,73.00594,1658,60000,chandler,0,0
medina|saudi arabia,Medina,Saudi Arabia,24.4609,39.620189,1658,37000,chandler,0,0
limerick|ireland,Limerick,Ireland,52.6653,-8.630497,1659,3105,chandler,0,0
leiden|netherlands,Leiden,Netherlands,52.15833,4.49306,1659,70000,chandler,1,0
madrid|spain,Madrid,Spain,40.416775,-3.703789,1659,129653,chandler,0,0
fuzhou|china,Fuzhou,China,26.076111,119.306389,1660,54730,chandler,0,0
marseille|france,Marseille,France,43.29695,5.38107,1660,52000,chandler,1,0
srinagar|india,Srinagar,India,34.08842,74.80298,1660,135000,chandler,0,0
glasgow|united kingdom,Glasgow,United Kingdom,55.86515,-4.25763,1660,14678,chandler,0,0
xiamen|china,Xiamen,China,24.47979,118.08187,1661,90000,chandler,1,0
quilon|india,Quilon,India,8.88,76.6,1661,35000,chandler,0,0
basra|iraq,Basra,Iraq,30.5,47.816667,1661,60000,chandler,0,0
martaban|myanmar,Martaban,Myanmar,16.52834,97.6157,1661,45000,chandler,1,0
skopje|serbia,Skopje,Serbia,41.99646,21.43141,1661,50000,chandler,0,0
amsterdam|netherlands,Amsterdam,Netherlands,52.37403,4.88969,1662,200000,chandler,0,0
surat|india,Surat,India,21.19594,72.83023,1663,100000,chandler,1,0
baghdad|iraq,Baghdad,Iraq,33.34058,44.40088,1663,16000,chandler,0,0
stockholm|sweden,Stockholm,Sweden,59.33258,18.0649,1663,40000,chandler,1,0
athens|greece,Athens,Greece,37.97945,23.71622,1664,22000,chandler,1,0
diyarbakir|turkey,Diyarbakir,Turkey,37.914411,40.230628,1664,30000,chandler,0,0
smyrna|turkey,Smyrna,Turkey,38.41273,27.13838,1664,90000,chandler,1,0
guangzhou|china,Guangzhou,China,23.11667,113.25,1665,116000,chandler,0,0
xian|china,Xian,China,34.341485,108.940404,1665,147109,chandler,0,0
osaka|japan,Osaka,Japan,34.693216,135.502082,1665,338128,chandler,1,0
hanoi|vietnam,Hanoi,Vietnam,21.033333,105.85,1665,35000,chandler,0,0
nanjing|china,Nanjing,China,32.05,118.766667,1666,173000,chandler,0,0
delhi|india,Delhi,India,28.65381,77.22897,1666,400000,chandler,0,0
lyon|france,Lyon,France,45.74846,4.84671,1667,117000,chandler,0,0
barcelona|spain,Barcelona,Spain,41.38879,2.15899,1667,60000,chandler,1,0
benin|nigeria,Benin,Nigeria,6.339081,5.626483,1668,65000,chandler,0,0
athens|greece,Athens,Greece,37.97945,23.71622,1669,9000,chandler,1,0
iraklion|greece,Iraklion,Greece,35.338736,25.144214,1669,11700,chandler,1,0
diu|india,Diu,India,21.081554,76.091401,1669,18000,chandler,0,0
warsaw|poland,Warsaw,Poland,52.22977,21.01178,1669,14400,chandler,0,0
cologne|germany,Cologne,Germany,50.937531,6.960278,1670,37000,chandler,0,0
hannover|germany,Hannover,Germany,52.37052,9.73322,1670,7000,chandler,0,0
patna|india,Patna,India,25.610533,85.14145,1670,170000,chandler,0,0
srinagar|india,Srinagar,India,34.08842,74.80298,1670,130000,chandler,0,0
patna|india,Patna,India,25.610533,85.14145,1671,170000,chandler,0,0
feodosia|russian federation,Feodosia,Russian Federation,45.048889,35.379167,1671,20000,chandler,1,0
tours|france,Tours,France,47.38333,0.68333,1672,60000,chandler,0,0
diu|india,Diu,India,21.081554,76.091401,1672,18000,chandler,0,0
qazvin|iran,Qazvin,Iran,36.26877,50.0041,1672,60000,chandler,0,0
qum|iran,Qum,Iran,34.64,50.876389,1672,37000,chandler,0,0
utrecht|netherlands,Utrecht,Netherlands,52.09083,5.12222,1672,17000,chandler,0,0
hue|vietnam,Hue,Vietnam,16.46667,107.6,1672,54000,chandler,1,0
masulipatam|india,Masulipatam,India,16.18438,81.134933,1673,30000,chandler,1,0
jakarta|indonesia,Jakarta,Indonesia,-6.21462,106.84513,1673,33687,chandler,1,0
esfahan|iran,Esfahan,Iran,32.651389,51.679192,1673,360000,chandler,0,0
tabriz|iran,Tabriz,Iran,38.08,46.2919,1673,75000,chandler,0,0
tripoli|libya,Tripoli,Libya,32.876175,13.187508,1673,20000,chandler,1,1
tunis|tunisia,Tunis,Tunisia,36.818811,10.165961,1673,60000,chandler,1,1
bejaia|algeria,Bejaia,Algeria,36.75,5.066667,1674,3000,chandler,1,0
metz|france,Metz,France,49.11911,6.17269,1675,28000,chandler,0,0
paris|france,Paris,France,48.856614,2.352222,1675,540000,chandler,0,0
bursa|turkey,Bursa,Turkey,40.19266,29.08403,1675,55000,chandler,0,0
gelibolu|turkey,Gelibolu,Turkey,40.333333,26.499992,1675,18000,chandler,1,0
smyrna|turkey,Smyrna,Turkey,38.41273,27.13838,1675,111000,chandler,1,0
oruro|bolivia,Oruro,Bolivia,-17.98333,-67.15,1678,37960,chandler,0,0
puebla|mexico,Puebla,Mexico,19.0514,-98.2178,1678,69800,chandler,0,0
edinburgh|united kingdom,Edinburgh,United Kingdom,55.95206,-3.19648,1678,35000,chandler,1,0
aleppo|syria,Aleppo,Syria,36.216667,37.166667,1679,66000,chandler,0,0
bogota|columbia,Bogota,Columbia,4.598056,-74.075833,1680,15000,chandler,0,0
metz|france,Metz,France,49.11911,6.17269,1680,28000,chandler,0,0
hamburg|germany,Hamburg,Germany,53.57532,10.01534,1680,54000,chandler,0,0
bologna|italy,Bologna,Italy,44.49381,11.33875,1680,65002,chandler,0,0
hangzhou|china,Hangzhou,China,30.25,120.166667,1681,292420,chandler,1,0
delhi|india,Delhi,India,28.65381,77.22897,1681,60000,chandler,0,0
genova|italy,Genova,Italy,44.40565,8.946256,1681,65000,chandler,0,0
mexico city|mexico,Mexico City,Mexico,19.42847,-99.12766,1681,75000,chandler,0,0
allada|benin,Allada,Benin,6.66547,2.15138,1682,40000,chandler,0,0
nimes|france,Nimes,France,43.83333,4.35,1682,18000,chandler,0,0
magdeburg|germany,Magdeburg,Germany,52.130808,11.628878,1682,8000,chandler,0,0
dublin|ireland,Dublin,Ireland,53.33306,-6.24889,1682,64483,chandler,1,0
amsterdam|netherlands,Amsterdam,Netherlands,52.37403,4.88969,1682,187000,chandler,0,0
benin|nigeria,Benin,Nigeria,6.339081,5.626483,1682,65000,chandler,0,0
vienna|austria,Vienna,Austria,48.20849,16.37208,1683,90000,chandler,0,0
paris|france,Paris,France,48.856614,2.352222,1683,559000,chandler,0,0
kagoshima|japan,Kagoshima,Japan,31.5966,130.557183,1684,49096,chandler,1,0
rouen|france,Rouen,France,49.44313,1.09932,1685,80000,chandler,0,0
amsterdam|netherlands,Amsterdam,Netherlands,52.37403,4.88969,1685,212000,chandler,0,0
madrid|spain,Madrid,Spain,40.416775,-3.703789,1685,105000,chandler,0,0
guatemala city|guatemala,Guatemala City,Guatemala,14.64072,-90.51327,1686,30000,chandler,0,0
budapest|hungary,Budapest,Hungary,47.49801,19.03991,1686,29000,chandler,0,0
cremona|italy,Cremona,Italy,45.13617,10.02797,1686,23000,chandler,0,0
agades|niger,Agades,Niger,16.966667,7.983333,1687,50000,chandler,0,0
achin|indonesia,Achin,Indonesia,5.55,95.316667,1688,48000,chandler,1,0
florence|italy,Florence,Italy,43.771033,11.248,1688,66000,chandler,0,0
milan|italy,Milan,Italy,45.465453,9.198786,1688,113000,chandler,0,0
naples|italy,Naples,Italy,40.851775,14.268122,1688,186759,chandler,0,0
cologne|germany,Cologne,Germany,50.937531,6.960278,1689,36000,chandler,0,0
gent|belgium,Gent,Belgium,51.053469,3.730378,1690,52000,chandler,0,0
taiyuan|china,Taiyuan,China,37.87059,112.548879,1690,31735,chandler,0,0
lyon|france,Lyon,France,45.74846,4.84671,1690,105700,chandler,0,0
budapest|hungary,Budapest,Hungary,47.49801,19.03991,1690,18000,chandler,0,0
achin|indonesia,Achin,Indonesia,5.55,95.316667,1690,48000,chandler,1,0
palermo|italy,Palermo,Italy,38.115689,13.361267,1690,126000,chandler,1,0
marrakech|morocco,Marrakech,Morocco,31.63416,-7.99994,1690,25000,chandler,0,0
istanbul|turkey,Istanbul,Turkey,41.005275,28.976944,1690,750000,chandler,0,0
london|united kingdom,London,United Kingdom,51.511214,-0.119825,1690,527000,chandler,0,0
medina del campo|spain,Medina del Campo,Spain,41.31239,-4.91413,1692,4000,chandler,0,0
alexandria|egypt,Alexandria,Egypt,31.200092,29.918739,1693,15000,chandler,1,0
edirne|turkey,Edirne,Turkey,41.681808,26.562269,1693,90000,chandler,0,0
gelibolu|turkey,Gelibolu,Turkey,40.333333,26.499992,1693,6000,chandler,1,0
norwich|united kingdom,Norwich,United Kingdom,52.62783,1.29834,1693,28881,chandler,0,0
kunming|china,Kunming,China,25.03889,102.71833,1694,38946,chandler,0,0
rouen|france,Rouen,France,49.44313,1.09932,1694,60000,chandler,0,0
shiraz|iran,Shiraz,Iran,29.61031,52.53114,1694,20000,chandler,0,0
burgos|spain,Burgos,Spain,42.35,-3.7,1694,9000,chandler,0,0
cadiz|spain,Cadiz,Spain,36.52978,-6.29465,1694,31000,chandler,0,0
cartagena|spain,Cartagena,Spain,37.625683,-0.996583,1694,12000,chandler,1,0
cordoba|spain,Cordoba,Spain,38.046133,-4.893564,1694,27000,chandler,0,0
seville|spain,Seville,Spain,37.388097,-5.982331,1694,80000,chandler,0,0
toledo|spain,Toledo,Spain,39.862831,-4.027322,1694,25000,chandler,0,0
valladolid|spain,Valladolid,Spain,41.65518,-4.72372,1694,18000,chandler,0,0
trabzon|turkey,Trabzon,Turkey,41.00145,39.717806,1694,20000,chandler,1,1
goa|india,Goa,India,15.299333,74.124,1695,20000,chandler,0,0
messina|italy,Messina,Italy,38.19327,15.54969,1695,45000,chandler,0,0
leiden|netherlands,Leiden,Netherlands,52.15833,4.49306,1695,63000,chandler,1,0
venice|italy,Venice,Italy,45.440847,12.315514,1696,143000,chandler,0,0
kyoto|japan,Kyoto,Japan,35.02107,135.75385,1696,350986,chandler,0,0
nagasaki|japan,Nagasaki,Japan,32.752558,129.878192,1696,64523,chandler,1,0
sarajevo|bosnia and herzegovina,Sarajevo,Bosnia and Herzegovina,43.84864,18.35644,1697,30000,chandler,0,0
caen|france,Caen,France,49.18585,-0.35912,1697,35000,chandler,1,0
manila|philippines,Manila,Philippines,14.58,121,1697,30000,chandler,1,0
barcelona|spain,Barcelona,Spain,41.38879,2.15899,1697,43000,chandler,1,0
beziers|france,Beziers,France,43.34762,3.21899,1698,18000,chandler,1,0
bordeaux|france,Bordeaux,France,44.84044,-0.5805,1698,40000,chandler,0,0
dijon|france,Dijon,France,47.31667,5.01667,1698,34000,chandler,0,0
narbonne|france,Narbonne,France,43.18333,3,1698,8000,chandler,0,0
toulouse|france,Toulouse,France,43.60426,1.44367,1698,38237,chandler,0,0
tours|france,Tours,France,47.38333,0.68333,1698,33000,chandler,0,0
berlin|germany,Berlin,Germany,52.52437,13.41053,1698,22400,chandler,0,0
meknes|morocco,Meknes,Morocco,33.89352,-5.54727,1698,60000,chandler,0,0
antwerp|belgium,Antwerp,Belgium,51.219217,4.402883,1699,67132,chandler,0,0
brugge|belgium,Brugge,Belgium,51.210819,3.224936,1699,35156,chandler,1,0
copenhagen|denmark,Copenhagen,Denmark,55.67594,12.56553,1699,62000,chandler,1,0
gondar|ethiopia,Gondar,Ethiopia,12.600003,37.466669,1699,72000,chandler,0,0
dresden|germany,Dresden,Germany,51.05089,13.73832,1699,21298,chandler,0,0
hamburg|germany,Hamburg,Germany,53.57532,10.01534,1699,63000,chandler,0,0
shkoder|albania,Shkoder,Albania,42.0743,19.527661,1700,12000,chandler,0,0
constantine|algeria,Constantine,Algeria,36.365,6.61472,1700,30000,chandler,0,0
algiers|algiers,Algiers,Algiers,36.7525,3.04197,1700,85000,chandler,1,0
buenos aires|argentina,Buenos Aires,Argentina,-34.61315,-58.37723,1700,1600,chandler,1,0
prague|austria,Prague,Austria,50.08804,14.42076,1700,48000,chandler,0,0
vienna|austria,Vienna,Austria,48.20849,16.37208,1700,105000,chandler,0,0
antwerp|belgium,Antwerp,Belgium,51.219217,4.402883,1700,67000,chandler,0,0
brugge|belgium,Brugge,Belgium,51.210819,3.224936,1700,35000,chandler,1,0
gent|belgium,Gent,Belgium,51.053469,3.730378,1700,49000,chandler,0,0
liege|belgium,Liege,Belgium,50.63373,5.56749,1700,35000,chandler,0,0
allada|benin,Allada,Benin,6.66547,2.15138,1700,40000,chandler,0,0
oruro|bolivia,Oruro,Bolivia,-17.98333,-67.15,1700,35000,chandler,0,0
potosi|bolivia,Potosi,Bolivia,-19.58361,-65.75306,1700,82000,chandler,0,0
recife|brazil,Recife,Brazil,-8.05389,-34.88111,1700,16000,chandler,0,0
rio de janeiro|brazil,Rio de Janeiro,Brazil,-22.90278,-43.2075,1700,20000,chandler,0,0
salvador|brazil,Salvador,Brazil,-12.97111,-38.51083,1700,26000,chandler,0,0
plovdiv|bulgaria,Plovdiv,Bulgaria,42.15,24.75,1700,27000,chandler,0,0
sofia|bulgaria,Sofia,Bulgaria,42.69751,23.32415,1700,30000,chandler,0,0
masenya|chad,Masenya,Chad,11.402536,16.171328,1700,30000,chandler,0,0
beijing|china,Beijing,China,39.9075,116.39723,1700,650000,chandler,0,0
changsha|china,Changsha,China,28.196111,112.972222,1700,60000,chandler,0,0
chengdu|china,Chengdu,China,30.66667,104.06667,1700,50000,chandler,0,0
fuzhou|china,Fuzhou,China,26.076111,119.306389,1700,67000,chandler,0,0
guangzhou|china,Guangzhou,China,23.11667,113.25,1700,200000,chandler,0,0
guiyang|china,Guiyang,China,26.647661,106.630154,1700,37000,chandler,0,0
hangzhou|china,Hangzhou,China,30.25,120.166667,1700,303000,chandler,1,0
jingdezhen|china,Jingdezhen,China,29.268836,117.17842,1700,100000,chandler,0,0
kunming|china,Kunming,China,25.03889,102.71833,1700,39000,chandler,0,0
lhasa|china,Lhasa,China,29.645563,91.140749,1700,80000,chandler,0,0
luoyang|china,Luoyang,China,34.669722,112.442222,1700,35000,chandler,0,0
macao|china,Macao,China,22.1667,113.55,1700,19500,chandler,0,0
nanchang|china,Nanchang,China,28.68333,115.88333,1700,30000,chandler,0,0
nanjing|china,Nanjing,China,32.05,118.766667,1700,140000,chandler,0,0
shenyang|china,Shenyang,China,41.79222,123.43278,1700,30000,chandler,0,0
suzhou|china,Suzhou,China,31.3,120.6,1700,140000,chandler,0,0
tainan city|china,Tainan City,China,22.983333,120.18333,1700,55000,chandler,1,0
tsinkiang|china,Tsinkiang,China,24.913889,118.58583,1700,43000,chandler,1,0
wuhan|china,Wuhan,China,30.58333,114.26667,1700,110000,chandler,0,0
xiamen|china,Xiamen,China,24.47979,118.08187,1700,60000,chandler,1,0
xian|china,Xian,China,34.341485,108.940404,1700,167000,chandler,0,0
yinchuan|china,Yinchuan,China,38.4667,106.2667,1700,90000,chandler,0,0
loango|congo,Loango,Congo,-4.630225,11.835006,1700,30000,chandler,1,0
havana|cuba,Havana,Cuba,23.13302,-82.38304,1700,25000,chandler,1,0
pyongyang|dem. people's republic of korea,Pyongyang,Dem. People's Republic of Korea,39.03385,125.75432,1700,55000,chandler,0,0
copenhagen|denmark,Copenhagen,Denmark,55.67594,12.56553,1700,62000,chandler,1,0
quito|ecuador,Quito,Ecuador,-0.22985,-78.52495,1700,30000,chandler,0,0
cairo|egypt,Cairo,Egypt,30.06263,31.24967,1700,175000,chandler,0,0
gondar|ethiopia,Gondar,Ethiopia,12.600003,37.466669,1700,72000,chandler,0,0
angers|france,Angers,France,47.46667,-0.55,1700,23000,chandler,0,0
arles|france,Arles,France,43.6767,4.6278,1700,24000,chandler,0,0
avignon|france,Avignon,France,43.94834,4.80892,1700,23000,chandler,0,0
bordeaux|france,Bordeaux,France,44.84044,-0.5805,1700,40000,chandler,0,0
caen|france,Caen,France,49.18585,-0.35912,1700,35000,chandler,1,0
lyon|france,Lyon,France,45.74846,4.84671,1700,97000,chandler,0,0
marseille|france,Marseille,France,43.29695,5.38107,1700,75000,chandler,1,0
metz|france,Metz,France,49.11911,6.17269,1700,28000,chandler,0,0
montauban|france,Montauban,France,44.01667,1.35,1700,12000,chandler,0,0
montpellier|france,Montpellier,France,43.61092,3.87723,1700,22500,chandler,1,0
paris|france,Paris,France,48.856614,2.352222,1700,530000,chandler,0,0
poitiers|france,Poitiers,France,46.58333,0.33333,1700,18000,chandler,0,0
reims|france,Reims,France,49.25,4.03333,1700,22000,chandler,0,0
rouen|france,Rouen,France,49.44313,1.09932,1700,63000,chandler,0,0
toulon|france,Toulon,France,43.11667,5.93333,1700,39648,chandler,1,0
toulouse|france,Toulouse,France,43.60426,1.44367,1700,38000,chandler,0,0
tours|france,Tours,France,47.38333,0.68333,1700,33000,chandler,0,0
tbilisi|georgia,Tbilisi,Georgia,41.709975,44.792989,1700,20000,chandler,0,0
augsberg|germany,Augsberg,Germany,48.371444,10.898239,1700,26000,chandler,0,0
berlin|germany,Berlin,Germany,52.52437,13.41053,1700,26000,chandler,0,0
braunschweig|germany,Braunschweig,Germany,52.268875,10.526769,1700,17000,chandler,0,0
bremen|germany,Bremen,Germany,53.07516,8.80777,1700,22000,chandler,0,0
cologne|germany,Cologne,Germany,50.937531,6.960278,1700,37000,chandler,0,0
dresden|germany,Dresden,Germany,51.05089,13.73832,1700,22000,chandler,0,0
hamburg|germany,Hamburg,Germany,53.57532,10.01534,1700,63000,chandler,0,0
konigsberg|germany,Konigsberg,Germany,54.716667,20.516667,1700,37000,chandler,0,0
leipzig|germany,Leipzig,Germany,51.33962,12.37129,1700,21696,chandler,0,0
lubeck|germany,Lubeck,Germany,53.865886,10.687097,1700,21000,chandler,0,0
mainz|germany,Mainz,Germany,49.98419,8.2791,1700,24000,chandler,0,0
worms|germany,Worms,Germany,49.63278,8.35916,1700,2000,chandler,0,0
wroclaw|germany,Wroclaw,Germany,51.116667,17.033333,1700,40000,chandler,0,0
chibiri|ghana,Chibiri,Ghana,6.82,-2.42,1700,30000,chandler,0,0
thessaloniki|greece,Thessaloniki,Greece,40.63935,22.944606,1700,40000,chandler,1,0
guatemala city|guatemala,Guatemala City,Guatemala,14.64072,-90.51327,1700,30000,chandler,0,0
agra|india,Agra,India,27.18333,78.01667,1700,70000,chandler,0,0
ahmedabad|india,Ahmedabad,India,23.039568,72.566004,1700,385000,chandler,0,0
amber|india,Amber,India,26.985847,75.888251,1700,54000,chandler,0,0
aurangabad|india,Aurangabad,India,19.876165,75.343314,1700,200000,chandler,0,0
cambay|india,Cambay,India,22.313114,72.619408,1700,35000,chandler,1,0
cuttack|india,Cuttack,India,20.46497,85.87927,1700,35000,chandler,0,0
dhaka|india,Dhaka,India,23.709921,90.407143,1700,150000,chandler,0,0
goa|india,Goa,India,15.299333,74.124,1700,20000,chandler,0,0
jodhpur|india,Jodhpur,India,26.26841,73.00594,1700,40000,chandler,0,0
patna|india,Patna,India,25.610533,85.14145,1700,100000,chandler,0,0
pondicherry|india,Pondicherry,India,11.91386,79.814472,1700,25000,chandler,0,0
srinagar|india,Srinagar,India,34.08842,74.80298,1700,125000,chandler,0,0
surat|india,Surat,India,21.19594,72.83023,1700,50000,chandler,1,0
tiruchirappalli|india,Tiruchirappalli,India,10.805,78.685556,1700,30000,chandler,0,0
udaipur|india,Udaipur,India,24.57127,73.691544,1700,54000,chandler,0,0
ujjain|india,Ujjain,India,23.18239,75.77643,1700,60000,chandler,0,0
varanasi|india,Varanasi,India,25.317645,82.973914,1700,75000,chandler,0,0
achin|indonesia,Achin,Indonesia,5.55,95.316667,1700,48000,chandler,1,0
jakarta|indonesia,Jakarta,Indonesia,-6.21462,106.84513,1700,35000,chandler,1,0
esfahan|iran,Esfahan,Iran,32.651389,51.679192,1700,350000,chandler,0,0
kerman|iran,Kerman,Iran,30.28321,57.07879,1700,45000,chandler,0,0
qazvin|iran,Qazvin,Iran,36.26877,50.0041,1700,60000,chandler,0,0
qum|iran,Qum,Iran,34.64,50.876389,1700,37000,chandler,0,0
tabriz|iran,Tabriz,Iran,38.08,46.2919,1700,75000,chandler,0,0
baghdad|iraq,Baghdad,Iraq,33.34058,44.40088,1700,50000,chandler,0,0
basra|iraq,Basra,Iraq,30.5,47.816667,1700,45000,chandler,0,0
dublin|ireland,Dublin,Ireland,53.33306,-6.24889,1700,80000,chandler,1,0
bologna|italy,Bologna,Italy,44.49381,11.33875,1700,63000,chandler,0,0
cremona|italy,Cremona,Italy,45.13617,10.02797,1700,23000,chandler,0,0
florence|italy,Florence,Italy,43.771033,11.248,1700,68000,chandler,0,0
genova|italy,Genova,Italy,44.40565,8.946256,1700,67000,chandler,0,0
messina|italy,Messina,Italy,38.19327,15.54969,1700,45000,chandler,0,0
milan|italy,Milan,Italy,45.465453,9.198786,1700,113000,chandler,0,0
naples|italy,Naples,Italy,40.851775,14.268122,1700,207000,chandler,0,0
palermo|italy,Palermo,Italy,38.115689,13.361267,1700,125000,chandler,1,0
pavia|italy,Pavia,Italy,45.18446,9.16145,1700,22000,chandler,0,0
rome|italy,Rome,Italy,41.89474,12.4839,1700,138000,chandler,0,0
turin|italy,Turin,Italy,45.07049,7.68682,1700,43000,chandler,0,0
venice|italy,Venice,Italy,45.440847,12.315514,1700,144000,chandler,0,0
verona|italy,Verona,Italy,45.43419,10.99779,1700,50000,chandler,0,0
kagoshima|japan,Kagoshima,Japan,31.5966,130.557183,1700,51000,chandler,1,0
kyoto|japan,Kyoto,Japan,35.02107,135.75385,1700,350000,chandler,0,0
nagasaki|japan,Nagasaki,Japan,32.752558,129.878192,1700,59000,chandler,1,0
osaka|japan,Osaka,Japan,34.693216,135.502082,1700,380000,chandler,1,0
tokushima|japan,Tokushima,Japan,34.070269,134.554844,1700,25000,chandler,1,0
tokyo|japan,Tokyo,Japan,35.6895,139.69171,1700,688000,chandler,1,0
vilnius|lithuania,Vilnius,Lithuania,54.683333,25.283333,1700,40000,chandler,0,0
guadalajara|mexico,Guadalajara,Mexico,20.673819,-103.343489,1700,15000,chandler,0,0
merida|mexico,Merida,Mexico,20.979719,-89.615789,1700,23000,chandler,0,0
mexico city|mexico,Mexico City,Mexico,19.42847,-99.12766,1700,85000,chandler,0,0
puebla|mexico,Puebla,Mexico,19.0514,-98.2178,1700,63000,chandler,0,0
zacatecas|mexico,Zacatecas,Mexico,22.76843,-102.58141,1700,35000,chandler,0,0
fez|morocco,Fez,Morocco,34.033333,-5.01,1700,80000,chandler,0,0
marrakech|morocco,Marrakech,Morocco,31.63416,-7.99994,1700,25000,chandler,0,0
meknes|morocco,Meknes,Morocco,33.89352,-5.54727,1700,70000,chandler,0,0
rabat|morocco,Rabat,Morocco,34.01325,-6.83255,1700,50000,chandler,1,0
arakan|myanmar,Arakan,Myanmar,19.810092,93.987842,1700,70000,chandler,0,1
amsterdam|netherlands,Amsterdam,Netherlands,52.37403,4.88969,1700,210000,chandler,0,0
haarlem|netherlands,Haarlem,Netherlands,52.38084,4.63683,1700,48000,chandler,1,0
leiden|netherlands,Leiden,Netherlands,52.15833,4.49306,1700,56000,chandler,1,0
utrecht|netherlands,Utrecht,Netherlands,52.09083,5.12222,1700,20000,chandler,0,0
agades|niger,Agades,Niger,16.966667,7.983333,1700,45000,chandler,0,0
benin|nigeria,Benin,Nigeria,6.339081,5.626483,1700,25000,chandler,0,0
kano|nigeria,Kano,Nigeria,12.00012,8.51672,1700,35000,chandler,0,0
katsina|nigeria,Katsina,Nigeria,12.98943,7.60063,1700,60000,chandler,0,0
nkazargamu|nigeria,Nkazargamu,Nigeria,13.047222,12.227778,1700,50000,chandler,0,0
oyo|nigeria,Oyo,Nigeria,7.85,3.93333,1700,50000,chandler,0,0
zaria|nigeria,Zaria,Nigeria,11.11128,7.7227,1700,50000,chandler,0,0
lahore|pakistan,Lahore,Pakistan,31.54972,74.34361,1700,54000,chandler,0,0
ayacucho|peru,Ayacucho,Peru,-13.1615,-74.22154,1700,24000,chandler,0,0
cuzco|peru,Cuzco,Peru,-13.525,-71.972222,1700,30000,chandler,0,0
lima|peru,Lima,Peru,-12.04318,-77.02824,1700,37259,chandler,1,0
manila|philippines,Manila,Philippines,14.58,121,1700,30000,chandler,1,0
gdansk|poland,Gdansk,Poland,54.352025,18.64663,1700,50000,chandler,1,0
krakow|poland,Krakow,Poland,50.06143,19.93658,1700,30000,chandler,0,0
lvov|poland,Lvov,Poland,49.839683,24.029717,1700,20000,chandler,0,0
warsaw|poland,Warsaw,Poland,52.22977,21.01178,1700,21000,chandler,0,0
lisbon|portugal,Lisbon,Portugal,38.71667,-9.13333,1700,188000,chandler,0,0
oporto|portugal,Oporto,Portugal,41.167972,-8.627064,1700,23000,chandler,1,0
seoul|republic of korea,Seoul,Republic of Korea,37.56826,126.97783,1700,158000,chandler,0,0
targoviste|romania,Targoviste,Romania,44.924167,25.456667,1700,20000,chandler,0,0
feodosia|russian federation,Feodosia,Russian Federation,45.048889,35.379167,1700,23000,chandler,1,0
kazan|russian federation,Kazan,Russian Federation,55.790278,49.134722,1700,18000,chandler,0,0
moscow|russian federation,Moscow,Russian Federation,55.75222,37.61556,1700,114000,chandler,0,0
mecca|saudi arabia,Mecca,Saudi Arabia,21.42667,39.82611,1700,50000,chandler,0,0
medina|saudi arabia,Medina,Saudi Arabia,24.4609,39.620189,1700,37000,chandler,0,0
belgrade|serbia,Belgrade,Serbia,44.80401,20.46513,1700,40000,chandler,0,0
prizren|serbia,Prizren,Serbia,42.21389,20.73972,1700,17000,chandler,0,0
barcelona|spain,Barcelona,Spain,41.38879,2.15899,1700,43000,chandler,1,0
cadiz|spain,Cadiz,Spain,36.52978,-6.29465,1700,31000,chandler,0,0
cordoba|spain,Cordoba,Spain,38.046133,-4.893564,1700,27000,chandler,0,0
granada|spain,Granada,Spain,37.177336,-3.598558,1700,35000,chandler,0,0
madrid|spain,Madrid,Spain,40.416775,-3.703789,1700,105000,chandler,0,0
seville|spain,Seville,Spain,37.388097,-5.982331,1700,80000,chandler,0,0
toledo|spain,Toledo,Spain,39.862831,-4.027322,1700,25000,chandler,0,0
valencia|spain,Valencia,Spain,39.469908,-0.376289,1700,40000,chandler,1,0
valladolid|spain,Valladolid,Spain,41.65518,-4.72372,1700,18000,chandler,0,0
zaragoza|spain,Zaragoza,Spain,41.648792,-0.889581,1700,29000,chandler,0,0
sennar|sudan,Sennar,Sudan,13.567469,33.567203,1700,30000,chandler,0,0
stockholm|sweden,Stockholm,Sweden,59.33258,18.0649,1700,48000,chandler,1,0
aleppo|syria,Aleppo,Syria,36.216667,37.166667,1700,67000,chandler,0,0
damascus|syria,Damascus,Syria,33.5102,36.29128,1700,70000,chandler,0,0
ayutthaya|thailand,Ayutthaya,Thailand,14.35,100.55,1700,150000,chandler,0,0
tunis|tunisia,Tunis,Tunisia,36.818811,10.165961,1700,69000,chandler,1,1
ankara|turkey,Ankara,Turkey,39.91987,32.85427,1700,45000,chandler,0,0
bursa|turkey,Bursa,Turkey,40.19266,29.08403,1700,60000,chandler,0,0
diyarbakir|turkey,Diyarbakir,Turkey,37.914411,40.230628,1700,35000,chandler,0,0
edirne|turkey,Edirne,Turkey,41.681808,26.562269,1700,85000,chandler,0,0
istanbul|turkey,Istanbul,Turkey,41.005275,28.976944,1700,700000,chandler,0,0
smyrna|turkey,Smyrna,Turkey,38.41273,27.13838,1700,135000,chandler,1,0
bakhchiserai|ukraine,Bakhchiserai,Ukraine,44.755286,33.867233,1700,18000,chandler,0,0
edinburgh|united kingdom,Edinburgh,United Kingdom,55.95206,-3.19648,1700,35000,chandler,1,0
london|united kingdom,London,United Kingdom,51.511214,-0.119825,1700,550000,chandler,0,0
newcastle upon tyne|united kingdom,Newcastle upon Tyne,United Kingdom,54.978253,-1.617781,1700,25000,chandler,0,0
norwich|united kingdom,Norwich,United Kingdom,52.62783,1.29834,1700,29000,chandler,0,0
boston|united states of america,Boston,United States of America,42.358431,-71.059772,1700,6700,chandler,0,0
philadelphia|united states of america,Philadelphia,United States of America,39.95,-75.1667,1700,4400,chandler,0,0
bukhara|uzbekistan,Bukhara,Uzbekistan,39.765869,64.422347,1700,80000,chandler,0,0
caracas|venezuela,Caracas,Venezuela,10.48801,-66.87919,1700,12500,chandler,1,0
hanoi|vietnam,Hanoi,Vietnam,21.033333,105.85,1700,40000,chandler,0,0
hue|vietnam,Hue,Vietnam,16.46667,107.6,1700,59000,chandler,1,0
bologna|italy,Bologna,Italy,44.49381,11.33875,1701,63346,chandler,0,0
tokyo|japan,Tokyo,Japan,35.6895,139.69171,1701,689000,chandler,1,0
moscow|russian federation,Moscow,Russian Federation,55.75222,37.61556,1701,114000,chandler,0,0
bursa|turkey,Bursa,Turkey,40.19266,29.08403,1701,60000,chandler,0,0
turin|italy,Turin,Italy,45.07049,7.68682,1702,43936,chandler,0,0
leiden|netherlands,Leiden,Netherlands,52.15833,4.49306,1702,54000,chandler,1,0
benin|nigeria,Benin,Nigeria,6.339081,5.626483,1702,25000,chandler,0,0
prague|austria,Prague,Austria,50.08804,14.42076,1703,48427,chandler,0,0
augsberg|germany,Augsberg,Germany,48.371444,10.898239,1703,26300,chandler,0,0
new york|united states of america,New York,United States of America,40.714353,-74.005972,1703,4436,chandler,1,0
surat|india,Surat,India,21.19594,72.83023,1705,50000,chandler,1,0
gdansk|poland,Gdansk,Poland,54.352025,18.64663,1705,50400,chandler,1,0
edinburgh|united kingdom,Edinburgh,United Kingdom,55.95206,-3.19648,1705,35692,chandler,1,0
salvador|brazil,Salvador,Brazil,-12.97111,-38.51083,1706,26000,chandler,0,0
pondicherry|india,Pondicherry,India,11.91386,79.814472,1706,30000,chandler,0,0
salvador|brazil,Salvador,Brazil,-12.97111,-38.51083,1707,27000,chandler,0,0
delhi|india,Delhi,India,28.65381,77.22897,1707,60000,chandler,0,0
naples|italy,Naples,Italy,40.851775,14.268122,1707,220000,chandler,0,0
lahore|pakistan,Lahore,Pakistan,31.54972,74.34361,1707,54000,chandler,0,0
cuttack|india,Cuttack,India,20.46497,85.87927,1708,35000,chandler,0,0
barcelona|spain,Barcelona,Spain,41.38879,2.15899,1708,43000,chandler,1,0
glasgow|united kingdom,Glasgow,United Kingdom,55.86515,-4.25763,1708,12766,chandler,0,0
manchester|united kingdom,Manchester,United Kingdom,53.48095,-2.23743,1708,8000,chandler,0,0
berlin|germany,Berlin,Germany,52.52437,13.41053,1709,56600,chandler,0,0
szczecin|poland,Szczecin,Poland,53.416667,14.583333,1709,10900,chandler,0,0
vienna|austria,Vienna,Austria,48.20849,16.37208,1710,113800,chandler,0,0
oruro|bolivia,Oruro,Bolivia,-17.98333,-67.15,1710,35000,chandler,0,0
brest|france,Brest,France,48.3908,-4.486075,1710,16000,chandler,0,0
hamburg|germany,Hamburg,Germany,53.57532,10.01534,1710,68000,chandler,0,0
jodhpur|india,Jodhpur,India,26.26841,73.00594,1710,50000,chandler,0,0
riga|russian federation,Riga,Russian Federation,56.946,24.10589,1710,14000,chandler,1,0
jilin|china,Jilin,China,43.896536,125.32599,1711,33025,chandler,0,0
wroclaw|germany,Wroclaw,Germany,51.116667,17.033333,1711,40890,chandler,0,0
ujjain|india,Ujjain,India,23.18239,75.77643,1712,60000,chandler,0,0
cadiz|spain,Cadiz,Spain,36.52978,-6.29465,1712,28000,chandler,0,0
seville|spain,Seville,Spain,37.388097,-5.982331,1712,81844,chandler,0,0
syracuse|greece,Syracuse,Greece,37.06082237,15.29420264,1713,17205,chandler,0,0
messina|italy,Messina,Italy,38.19327,15.54969,1713,44000,chandler,0,0
ayacucho|peru,Ayacucho,Peru,-13.1615,-74.22154,1713,24000,chandler,0,0
paris|france,Paris,France,48.856614,2.352222,1714,509640,chandler,0,0
thessaloniki|greece,Thessaloniki,Greece,40.63935,22.944606,1714,30000,chandler,1,0
farrukhabad|india,Farrukhabad,India,27.39048,79.58006,1714,72000,chandler,0,0
milan|italy,Milan,Italy,45.465453,9.198786,1714,103082,chandler,0,0
tainan city|china,Tainan City,China,22.983333,120.18333,1715,60000,chandler,1,0
bordeaux|france,Bordeaux,France,44.84044,-0.5805,1715,50000,chandler,0,0
nagasaki|japan,Nagasaki,Japan,32.752558,129.878192,1715,41553,chandler,1,0
kyoto|japan,Kyoto,Japan,35.02107,135.75385,1716,350367,chandler,0,0
bucharest|romania,Bucharest,Romania,44.43225,26.10626,1716,50000,chandler,0,0
barcelona|spain,Barcelona,Spain,41.38879,2.15899,1716,32791,chandler,1,0
potosi|bolivia,Potosi,Bolivia,-19.58361,-65.75306,1719,82000,chandler,0,0
amber|india,Amber,India,26.985847,75.888251,1719,54000,chandler,0,0
barcelona|spain,Barcelona,Spain,41.38879,2.15899,1719,51000,chandler,1,0
potosi|bolivia,Potosi,Bolivia,-19.58361,-65.75306,1720,56000,chandler,0,0
quebec|canada,Quebec,Canada,46.81228,-71.21454,1720,7000,chandler,1,0
arles|france,Arles,France,43.6767,4.6278,1720,23178,chandler,0,0
toulon|france,Toulon,France,43.11667,5.93333,1720,26277,chandler,1,0
lubeck|germany,Lubeck,Germany,53.865886,10.687097,1720,18000,chandler,0,0
budapest|hungary,Budapest,Hungary,47.49801,19.03991,1720,12200,chandler,0,0
ayutthaya|thailand,Ayutthaya,Thailand,14.35,100.55,1720,160000,chandler,0,0
agra|india,Agra,India,27.18333,78.01667,1721,60000,chandler,0,0
tokyo|japan,Tokyo,Japan,35.6895,139.69171,1721,700000,chandler,1,0
belgrade|serbia,Belgrade,Serbia,44.80401,20.46513,1721,30000,chandler,0,0
nimes|france,Nimes,France,43.83333,4.35,1722,18141,chandler,0,0
konigsberg|germany,Konigsberg,Germany,54.716667,20.516667,1723,39475,chandler,0,0
jakarta|indonesia,Jakarta,Indonesia,-6.21462,106.84513,1723,33000,chandler,1,0
palermo|italy,Palermo,Italy,38.115689,13.361267,1723,108000,chandler,1,0
madrid|spain,Madrid,Spain,40.416775,-3.703789,1723,104000,chandler,0,0
yinchuan|china,Yinchuan,China,38.4667,106.2667,1724,90000,chandler,0,0
jingdezhen|china,Jingdezhen,China,29.268836,117.17842,1725,125000,chandler,0,0
wuzhou|china,Wuzhou,China,23.476963,111.279115,1725,45000,chandler,0,0
zhangye|china,Zhangye,China,38.93333,100.45,1725,30000,chandler,0,0
leiden|netherlands,Leiden,Netherlands,52.15833,4.49306,1725,49000,chandler,1,0
zaragoza|spain,Zaragoza,Spain,41.648792,-0.889581,1725,30000,chandler,0,0
caen|france,Caen,France,49.18585,-0.35912,1726,34000,chandler,1,0
lyon|france,Lyon,France,45.74846,4.84671,1726,95000,chandler,0,0
metz|france,Metz,France,49.11911,6.17269,1726,23000,chandler,0,0
reims|france,Reims,France,49.25,4.03333,1726,22300,chandler,0,0
rouen|france,Rouen,France,49.44313,1.09932,1726,80690,chandler,0,0
tours|france,Tours,France,47.38333,0.68333,1726,26600,chandler,0,0
dresden|germany,Dresden,Germany,51.05089,13.73832,1727,46472,chandler,0,0
erfurt|germany,Erfurt,Germany,50.9787,11.03283,1727,17320,chandler,0,0
jaipur|india,Jaipur,India,26.91962,75.78781,1727,75000,chandler,0,0
fez|morocco,Fez,Morocco,34.033333,-5.01,1727,70000,chandler,0,0
meknes|morocco,Meknes,Morocco,33.89352,-5.54727,1727,200000,chandler,0,0
kiev|ukraine,Kiev,Ukraine,50.45466,30.5238,1727,11000,chandler,0,0
chengdu|china,Chengdu,China,30.66667,104.06667,1728,62000,chandler,0,0
copenhagen|denmark,Copenhagen,Denmark,55.67594,12.56553,1728,76000,chandler,1,0
kazan|russian federation,Kazan,Russian Federation,55.790278,49.134722,1728,25000,chandler,0,0
lisbon|portugal,Lisbon,Portugal,38.71667,-9.13333,1729,200000,chandler,0,0
taiyuan|china,Taiyuan,China,37.87059,112.548879,1730,34761,chandler,0,0
trier|germany,Trier,Germany,49.75565,6.63935,1730,7778,chandler,0,0
tabriz|iran,Tabriz,Iran,38.08,46.2919,1730,30000,chandler,0,0
zamfara|nigeria,Zamfara,Nigeria,12.184417,6.237594,1730,50000,chandler,0,0
tunis|tunisia,Tunis,Tunisia,36.818811,10.165961,1730,78000,chandler,1,1
guiyang|china,Guiyang,China,26.647661,106.630154,1731,40000,chandler,0,0
hangzhou|china,Hangzhou,China,30.25,120.166667,1731,322300,chandler,1,0
burhanpur|india,Burhanpur,India,21.30898,76.22996,1731,32000,chandler,0,0
jaipur|india,Jaipur,India,26.91962,75.78781,1732,90000,chandler,0,0
udaipur|india,Udaipur,India,24.57127,73.691544,1732,54000,chandler,0,0
cork|ireland,Cork,Ireland,51.89797,-8.47061,1732,39000,chandler,1,0
zacatecas|mexico,Zacatecas,Mexico,22.76843,-102.58141,1732,49000,chandler,0,0
haarlem|netherlands,Haarlem,Netherlands,52.38084,4.63683,1732,48000,chandler,1,0
leiden|netherlands,Leiden,Netherlands,52.15833,4.49306,1732,54000,chandler,1,0
coimbra|portugal,Coimbra,Portugal,40.20564,-8.41955,1732,15000,chandler,0,0
oporto|portugal,Oporto,Portugal,41.167972,-8.627064,1732,25000,chandler,1,0
moscow|russian federation,Moscow,Russian Federation,55.75222,37.61556,1732,135000,chandler,0,0
guayaquil|ecuador,Guayaquil,Ecuador,-2.18194,-79.89167,1734,15500,chandler,0,0
nimes|france,Nimes,France,43.83333,4.35,1734,20225,chandler,0,0
thessaloniki|greece,Thessaloniki,Greece,40.63935,22.944606,1734,40000,chandler,1,0
nanjing|china,Nanjing,China,32.05,118.766667,1735,130000,chandler,0,0
suzhou|china,Suzhou,China,31.3,120.6,1735,152000,chandler,0,0
magdeburg|germany,Magdeburg,Germany,52.130808,11.628878,1735,18060,chandler,0,0
srinagar|india,Srinagar,India,34.08842,74.80298,1735,120000,chandler,0,0
belgrade|serbia,Belgrade,Serbia,44.80401,20.46513,1735,30000,chandler,0,0
guayaquil|ecuador,Guayaquil,Ecuador,-2.18194,-79.89167,1736,20000,chandler,0,0
cartagena|spain,Cartagena,Spain,37.625683,-0.996583,1736,38971,chandler,1,0
bakhchiserai|ukraine,Bakhchiserai,Ukraine,44.755286,33.867233,1736,10000,chandler,0,0
havana|cuba,Havana,Cuba,23.13302,-82.38304,1737,33000,chandler,1,0
aleppo|syria,Aleppo,Syria,36.216667,37.166667,1737,70000,chandler,0,0
kandahar|afghanistan,Kandahar,Afghanistan,31.61332,65.71013,1738,24000,chandler,0,0
buenos aires|argentina,Buenos Aires,Argentina,-34.61315,-58.37723,1738,4436,chandler,1,0
brugge|belgium,Brugge,Belgium,51.210819,3.224936,1738,27821,chandler,1,0
florence|italy,Florence,Italy,43.771033,11.248,1738,77835,chandler,0,0
verona|italy,Verona,Italy,45.43419,10.99779,1738,48013,chandler,0,0
delhi|india,Delhi,India,28.65381,77.22897,1739,180000,chandler,0,0
mashhad|iran,Mashhad,Iran,36.3,59.6,1739,300000,chandler,0,0
gent|belgium,Gent,Belgium,51.053469,3.730378,1740,38000,chandler,0,0
riobamba|ecuador,Riobamba,Ecuador,-1.67083,-78.64861,1740,18000,chandler,0,0
katsina|nigeria,Katsina,Nigeria,12.98943,7.60063,1740,75000,chandler,0,0
arequipa|peru,Arequipa,Peru,-16.39889,-71.535,1740,26000,chandler,0,0
ayacucho|peru,Ayacucho,Peru,-13.1615,-74.22154,1740,24000,chandler,0,0
barcelona|spain,Barcelona,Spain,41.38879,2.15899,1740,49000,chandler,1,0
newcastle upon tyne|united kingdom,Newcastle upon Tyne,United Kingdom,54.978253,-1.617781,1740,28000,chandler,0,0
srinagar|india,Srinagar,India,34.08842,74.80298,1741,120000,chandler,0,0
bologna|italy,Bologna,Italy,44.49381,11.33875,1741,64429,chandler,0,0
naples|italy,Naples,Italy,40.851775,14.268122,1742,305021,chandler,0,0
mexico city|mexico,Mexico City,Mexico,19.42847,-99.12766,1742,98000,chandler,0,0
pskov|russian federation,Pskov,Russian Federation,57.8136,28.3496,1742,4000,chandler,0,0
voronezh|russian federation,Voronezh,Russian Federation,51.67204,39.1843,1742,15000,chandler,0,0
kiev|ukraine,Kiev,Ukraine,50.45466,30.5238,1742,20000,chandler,0,0
madrid|spain,Madrid,Spain,40.416775,-3.703789,1743,111268,chandler,0,0
buenos aires|argentina,Buenos Aires,Argentina,-34.61315,-58.37723,1744,9656,chandler,1,0
quito|ecuador,Quito,Ecuador,-0.22985,-78.52495,1744,30000,chandler,0,0
bremen|germany,Bremen,Germany,53.07516,8.80777,1744,22000,chandler,0,0
mumbai|india,Mumbai,India,19.07283,72.88261,1744,70000,chandler,1,0
esfahan|iran,Esfahan,Iran,32.651389,51.679192,1744,45000,chandler,0,0
angers|france,Angers,France,47.46667,-0.55,1745,19000,chandler,0,0
caen|france,Caen,France,49.18585,-0.35912,1745,33000,chandler,1,0
dijon|france,Dijon,France,47.31667,5.01667,1745,34000,chandler,0,0
lyon|france,Lyon,France,45.74846,4.84671,1745,108000,chandler,0,0
marseille|france,Marseille,France,43.29695,5.38107,1745,70000,chandler,1,0
montpellier|france,Montpellier,France,43.61092,3.87723,1745,32000,chandler,1,0
reims|france,Reims,France,49.25,4.03333,1745,22810,chandler,0,0
nurnberg|germany,Nurnberg,Germany,49.452031,11.07675,1745,23000,chandler,0,0
pisa|italy,Pisa,Italy,43.71553,10.39659,1745,14015,chandler,1,0
gdansk|poland,Gdansk,Poland,54.352025,18.64663,1745,47600,chandler,1,0
astrakhan|russian federation,Astrakhan,Russian Federation,46.366681,48.083239,1745,18000,chandler,0,0
kazan|russian federation,Kazan,Russian Federation,55.790278,49.134722,1745,23000,chandler,0,0
moscow|russian federation,Moscow,Russian Federation,55.75222,37.61556,1745,145000,chandler,0,0
nizhniy novgorod|russian federation,Nizhniy Novgorod,Russian Federation,56.3269,44.0075,1745,15000,chandler,0,0
smolensk|russian federation,Smolensk,Russian Federation,54.7818,32.0401,1745,15000,chandler,0,0
tula|russian federation,Tula,Russian Federation,54.107722,37.573261,1745,36000,chandler,0,0
tver|russian federation,Tver,Russian Federation,56.858722,35.917597,1745,16000,chandler,0,0
cholula|mexico,Cholula,Mexico,19.06333,-98.306389,1746,7000,chandler,0,0
puebla|mexico,Puebla,Mexico,19.0514,-98.2178,1746,50366,chandler,0,0
seville|spain,Seville,Spain,37.388097,-5.982331,1746,67000,chandler,0,0
wroclaw|germany,Wroclaw,Germany,51.116667,17.033333,1747,49986,chandler,0,0
mashhad|iran,Mashhad,Iran,36.3,59.6,1747,250000,chandler,0,0
palermo|italy,Palermo,Italy,38.115689,13.361267,1747,110000,chandler,1,0
kandahar|afghanistan,Kandahar,Afghanistan,31.61332,65.71013,1748,72000,chandler,0,0
paris|france,Paris,France,48.856614,2.352222,1748,553000,chandler,0,0
leipzig|germany,Leipzig,Germany,51.33962,12.37129,1748,29760,chandler,0,0
messina|italy,Messina,Italy,38.19327,15.54969,1748,29000,chandler,0,0
utrecht|netherlands,Utrecht,Netherlands,52.09083,5.12222,1748,20000,chandler,0,0
rio de janeiro|brazil,Rio de Janeiro,Brazil,-22.90278,-43.2075,1749,29000,chandler,0,0
halifax|canada,Halifax,Canada,44.6488,-63.5752,1749,2500,manual_override_canada_ports,0,0
farrukhabad|india,Farrukhabad,India,27.39048,79.58006,1749,60000,chandler,0,0
nagpur|india,Nagpur,India,21.15,79.1,1749,60000,chandler,0,0
cork|ireland,Cork,Ireland,51.89797,-8.47061,1749,46000,chandler,1,0
new york|united states of america,New York,United States of America,40.714353,-74.005972,1749,13296,chandler,1,0
kabul|afghanistan,Kabul,Afghanistan,34.52813,69.17233,1750,20000,chandler,0,0
kandahar|afghanistan,Kandahar,Afghanistan,31.61332,65.71013,1750,75000,chandler,0,0
constantine|algeria,Constantine,Algeria,36.365,6.61472,1750,30000,chandler,0,0
algiers|algiers,Algiers,Algiers,36.7525,3.04197,1750,75000,chandler,1,0
buenos aires|argentina,Buenos Aires,Argentina,-34.61315,-58.37723,1750,13840,chandler,1,0
prague|austria,Prague,Austria,50.08804,14.42076,1750,58000,chandler,0,0
vienna|austria,Vienna,Austria,48.20849,16.37208,1750,169000,chandler,0,0
antwerp|belgium,Antwerp,Belgium,51.219217,4.402883,1750,43000,chandler,0,0
brugge|belgium,Brugge,Belgium,51.210819,3.224936,1750,27000,chandler,1,0
gent|belgium,Gent,Belgium,51.053469,3.730378,1750,35000,chandler,0,0
liege|belgium,Liege,Belgium,50.63373,5.56749,1750,37000,chandler,0,0
oruro|bolivia,Oruro,Bolivia,-17.98333,-67.15,1750,21000,chandler,0,0
potosi|bolivia,Potosi,Bolivia,-19.58361,-65.75306,1750,39000,chandler,0,0
mariana|brazil,Mariana,Brazil,-20.37778,-43.41611,1750,20000,chandler,0,0
ouro preto|brazil,Ouro Preto,Brazil,-20.39484,-43.50517,1750,40000,chandler,0,0
recife|brazil,Recife,Brazil,-8.05389,-34.88111,1750,23000,chandler,0,0
rio de janeiro|brazil,Rio de Janeiro,Brazil,-22.90278,-43.2075,1750,29000,chandler,0,0
salvador|brazil,Salvador,Brazil,-12.97111,-38.51083,1750,37000,chandler,0,0
masenya|chad,Masenya,Chad,11.402536,16.171328,1750,30000,chandler,0,0
beijing|china,Beijing,China,39.9075,116.39723,1750,900000,chandler,0,0
changsha|china,Changsha,China,28.196111,112.972222,1750,70000,chandler,0,0
chengdu|china,Chengdu,China,30.66667,104.06667,1750,74000,chandler,0,0
fuzhou|china,Fuzhou,China,26.076111,119.306389,1750,83000,chandler,0,0
guangzhou|china,Guangzhou,China,23.11667,113.25,1750,400000,chandler,0,0
guiyang|china,Guiyang,China,26.647661,106.630154,1750,45000,chandler,0,0
hangzhou|china,Hangzhou,China,30.25,120.166667,1750,340000,chandler,1,0
jingdezhen|china,Jingdezhen,China,29.268836,117.17842,1750,136000,chandler,0,0
kaifeng|china,Kaifeng,China,34.7986,114.30742,1750,78000,chandler,0,0
kashi|china,Kashi,China,39.4704,75.989756,1750,40000,chandler,0,0
kunming|china,Kunming,China,25.03889,102.71833,1750,42000,chandler,0,0
lanzhou|china,Lanzhou,China,36.061089,103.834304,1750,25000,chandler,0,0
lhasa|china,Lhasa,China,29.645563,91.140749,1750,50000,chandler,0,0
macao|china,Macao,China,22.1667,113.55,1750,24000,chandler,0,0
nanchang|china,Nanchang,China,28.68333,115.88333,1750,35000,chandler,0,0
nanjing|china,Nanjing,China,32.05,118.766667,1750,100000,chandler,0,0
suzhou|china,Suzhou,China,31.3,120.6,1750,173000,chandler,0,0
tsinkiang|china,Tsinkiang,China,24.913889,118.58583,1750,43000,chandler,1,0
wuhan|china,Wuhan,China,30.58333,114.26667,1750,136000,chandler,0,0
wuzhou|china,Wuzhou,China,23.476963,111.279115,1750,45000,chandler,0,0
xiamen|china,Xiamen,China,24.47979,118.08187,1750,60000,chandler,1,0
xian|china,Xian,China,34.341485,108.940404,1750,195000,chandler,0,0
yinchuan|china,Yinchuan,China,38.4667,106.2667,1750,90000,chandler,0,0
havana|cuba,Havana,Cuba,23.13302,-82.38304,1750,34000,chandler,1,0
pyongyang|dem. people's republic of korea,Pyongyang,Dem. People's Republic of Korea,39.03385,125.75432,1750,65000,chandler,0,0
copenhagen|denmark,Copenhagen,Denmark,55.67594,12.56553,1750,79000,chandler,1,0
guayaquil|ecuador,Guayaquil,Ecuador,-2.18194,-79.89167,1750,20000,chandler,0,0
quito|ecuador,Quito,Ecuador,-0.22985,-78.52495,1750,30000,chandler,0,0
cairo|egypt,Cairo,Egypt,30.06263,31.24967,1750,175000,chandler,0,0
gondar|ethiopia,Gondar,Ethiopia,12.600003,37.466669,1750,40000,chandler,0,0
angers|france,Angers,France,47.46667,-0.55,1750,20000,chandler,0,0
arles|france,Arles,France,43.6767,4.6278,1750,22000,chandler,0,0
avignon|france,Avignon,France,43.94834,4.80892,1750,24000,chandler,0,0
bordeaux|france,Bordeaux,France,44.84044,-0.5805,1750,61000,chandler,0,0
brest|france,Brest,France,48.3908,-4.486075,1750,20000,chandler,0,0
caen|france,Caen,France,49.18585,-0.35912,1750,32000,chandler,1,0
dijon|france,Dijon,France,47.31667,5.01667,1750,31000,chandler,0,0
lyon|france,Lyon,France,45.74846,4.84671,1750,111000,chandler,0,0
marseille|france,Marseille,France,43.29695,5.38107,1750,71000,chandler,1,0
metz|france,Metz,France,49.11911,6.17269,1750,31000,chandler,0,0
montpellier|france,Montpellier,France,43.61092,3.87723,1750,29000,chandler,1,0
nimes|france,Nimes,France,43.83333,4.35,1750,31000,chandler,0,0
paris|france,Paris,France,48.856614,2.352222,1750,556000,chandler,0,0
reims|france,Reims,France,49.25,4.03333,1750,23000,chandler,0,0
rouen|france,Rouen,France,49.44313,1.09932,1750,67000,chandler,0,0
toulon|france,Toulon,France,43.11667,5.93333,1750,27000,chandler,1,0
toulouse|france,Toulouse,France,43.60426,1.44367,1750,42000,chandler,0,0
tours|france,Tours,France,47.38333,0.68333,1750,23000,chandler,0,0
augsberg|germany,Augsberg,Germany,48.371444,10.898239,1750,28000,chandler,0,0
berlin|germany,Berlin,Germany,52.52437,13.41053,1750,113289,chandler,0,0
bremen|germany,Bremen,Germany,53.07516,8.80777,1750,23000,chandler,0,0
cologne|germany,Cologne,Germany,50.937531,6.960278,1750,44000,chandler,0,0
dresden|germany,Dresden,Germany,51.05089,13.73832,1750,60000,chandler,0,0
hamburg|germany,Hamburg,Germany,53.57532,10.01534,1750,72000,chandler,0,0
konigsberg|germany,Konigsberg,Germany,54.716667,20.516667,1750,52000,chandler,0,0
leipzig|germany,Leipzig,Germany,51.33962,12.37129,1750,30000,chandler,0,0
lubeck|germany,Lubeck,Germany,53.865886,10.687097,1750,19000,chandler,0,0
magdeburg|germany,Magdeburg,Germany,52.130808,11.628878,1750,22000,chandler,0,0
mainz|germany,Mainz,Germany,49.98419,8.2791,1750,23600,chandler,0,0
nurnberg|germany,Nurnberg,Germany,49.452031,11.07675,1750,23000,chandler,0,0
wroclaw|germany,Wroclaw,Germany,51.116667,17.033333,1750,51000,chandler,0,0
chibiri|ghana,Chibiri,Ghana,6.82,-2.42,1750,45000,chandler,0,0
thessaloniki|greece,Thessaloniki,Greece,40.63935,22.944606,1750,45000,chandler,1,0
guatemala city|guatemala,Guatemala City,Guatemala,14.64072,-90.51327,1750,34000,chandler,0,0
budapest|hungary,Budapest,Hungary,47.49801,19.03991,1750,24000,chandler,0,0
debrecen|hungary,Debrecen,Hungary,47.53333,21.63333,1750,20000,chandler,0,0
ahmedabad|india,Ahmedabad,India,23.039568,72.566004,1750,101000,chandler,0,0
aurangabad|india,Aurangabad,India,19.876165,75.343314,1750,30000,chandler,0,0
broach|india,Broach,India,21.724644,73.002294,1750,40000,chandler,1,0
calcutta|india,Calcutta,India,22.56263,88.36304,1750,110000,chandler,0,0
chandannagar|india,Chandannagar,India,22.87,88.38,1750,95000,chandler,0,0
cuttack|india,Cuttack,India,20.46497,85.87927,1750,30000,chandler,0,0
delhi|india,Delhi,India,28.65381,77.22897,1750,150000,chandler,0,0
dhaka|india,Dhaka,India,23.709921,90.407143,1750,100000,chandler,0,0
faizabad|india,Faizabad,India,26.779386,82.142169,1750,60000,chandler,0,0
farrukhabad|india,Farrukhabad,India,27.39048,79.58006,1750,60000,chandler,0,0
hyderabad|india,Hyderabad,India,17.38405,78.45636,1750,175000,chandler,0,0
jaipur|india,Jaipur,India,26.91962,75.78781,1750,90000,chandler,0,0
jodhpur|india,Jodhpur,India,26.26841,73.00594,1750,129000,chandler,0,0
lucknow|india,Lucknow,India,26.83928,80.92313,1750,50000,chandler,0,0
mumbai|india,Mumbai,India,19.07283,72.88261,1750,77000,chandler,1,0
murshidabad|india,Murshidabad,India,24.1839,88.27171,1750,180000,chandler,0,0
nagpur|india,Nagpur,India,21.15,79.1,1750,62000,chandler,0,0
patna|india,Patna,India,25.610533,85.14145,1750,60000,chandler,0,0
pondicherry|india,Pondicherry,India,11.91386,79.814472,1750,45000,chandler,0,0
srinagar|india,Srinagar,India,34.08842,74.80298,1750,100000,chandler,0,0
surat|india,Surat,India,21.19594,72.83023,1750,85000,chandler,1,0
thanjavur|india,Thanjavur,India,10.786999,79.137827,1750,30000,chandler,0,0
tiruchirappalli|india,Tiruchirappalli,India,10.805,78.685556,1750,25000,chandler,0,0
udaipur|india,Udaipur,India,24.57127,73.691544,1750,50000,chandler,0,0
ujjain|india,Ujjain,India,23.18239,75.77643,1750,54000,chandler,0,0
varanasi|india,Varanasi,India,25.317645,82.973914,1750,125000,chandler,0,0
achin|indonesia,Achin,Indonesia,5.55,95.316667,1750,45000,chandler,1,0
jakarta|indonesia,Jakarta,Indonesia,-6.21462,106.84513,1750,44000,chandler,1,0
surakarta|indonesia,Surakarta,Indonesia,-7.55611,110.83167,1750,70000,chandler,0,0
esfahan|iran,Esfahan,Iran,32.651389,51.679192,1750,45000,chandler,0,0
kerman|iran,Kerman,Iran,30.28321,57.07879,1750,45000,chandler,0,0
mashhad|iran,Mashhad,Iran,36.3,59.6,1750,200000,chandler,0,0
qazvin|iran,Qazvin,Iran,36.26877,50.0041,1750,50000,chandler,0,0
shiraz|iran,Shiraz,Iran,29.61031,52.53114,1750,40000,chandler,0,0
baghdad|iraq,Baghdad,Iraq,33.34058,44.40088,1750,65000,chandler,0,0
basra|iraq,Basra,Iraq,30.5,47.816667,1750,50000,chandler,0,0
cork|ireland,Cork,Ireland,51.89797,-8.47061,1750,46000,chandler,1,0
dublin|ireland,Dublin,Ireland,53.33306,-6.24889,1750,125000,chandler,1,0
bologna|italy,Bologna,Italy,44.49381,11.33875,1750,66000,chandler,0,0
cremona|italy,Cremona,Italy,45.13617,10.02797,1750,24110,chandler,0,0
florence|italy,Florence,Italy,43.771033,11.248,1750,74000,chandler,0,0
genova|italy,Genova,Italy,44.40565,8.946256,1750,72000,chandler,0,0
messina|italy,Messina,Italy,38.19327,15.54969,1750,29000,chandler,0,0
milan|italy,Milan,Italy,45.465453,9.198786,1750,110118,chandler,0,0
naples|italy,Naples,Italy,40.851775,14.268122,1750,310000,chandler,0,0
palermo|italy,Palermo,Italy,38.115689,13.361267,1750,111000,chandler,1,0
pavia|italy,Pavia,Italy,45.18446,9.16145,1750,24432,chandler,0,0
rome|italy,Rome,Italy,41.89474,12.4839,1750,146000,chandler,0,0
turin|italy,Turin,Italy,45.07049,7.68682,1750,52000,chandler,0,0
venice|italy,Venice,Italy,45.440847,12.315514,1750,158000,chandler,0,0
verona|italy,Verona,Italy,45.43419,10.99779,1750,49000,chandler,0,0
kagoshima|japan,Kagoshima,Japan,31.5966,130.557183,1750,57000,chandler,1,0
kyoto|japan,Kyoto,Japan,35.02107,135.75385,1750,362000,chandler,0,0
nagasaki|japan,Nagasaki,Japan,32.752558,129.878192,1750,37000,chandler,1,0
osaka|japan,Osaka,Japan,34.693216,135.502082,1750,413000,chandler,1,0
tokushima|japan,Tokushima,Japan,34.070269,134.554844,1750,32000,chandler,1,0
tokyo|japan,Tokyo,Japan,35.6895,139.69171,1750,694000,chandler,1,0
wakayama|japan,Wakayama,Japan,34.225986,135.167508,1750,56000,chandler,1,0
vilnius|lithuania,Vilnius,Lithuania,54.683333,25.283333,1750,21000,chandler,0,0
segou|mali,Segou,Mali,13.440597,-6.265319,1750,25000,chandler,0,0
guadalajara|mexico,Guadalajara,Mexico,20.673819,-103.343489,1750,20000,chandler,0,0
merida|mexico,Merida,Mexico,20.979719,-89.615789,1750,24000,chandler,0,0
mexico city|mexico,Mexico City,Mexico,19.42847,-99.12766,1750,102000,chandler,0,0
puebla|mexico,Puebla,Mexico,19.0514,-98.2178,1750,53000,chandler,0,0
zacatecas|mexico,Zacatecas,Mexico,22.76843,-102.58141,1750,50000,chandler,0,0
fez|morocco,Fez,Morocco,34.033333,-5.01,1750,60000,chandler,0,0
marrakech|morocco,Marrakech,Morocco,31.63416,-7.99994,1750,30000,chandler,0,0
meknes|morocco,Meknes,Morocco,33.89352,-5.54727,1750,35000,chandler,0,0
rabat|morocco,Rabat,Morocco,34.01325,-6.83255,1750,45000,chandler,1,0
arakan|myanmar,Arakan,Myanmar,19.810092,93.987842,1750,45000,chandler,0,1
amsterdam|netherlands,Amsterdam,Netherlands,52.37403,4.88969,1750,219000,chandler,0,0
haarlem|netherlands,Haarlem,Netherlands,52.38084,4.63683,1750,38000,chandler,1,0
leiden|netherlands,Leiden,Netherlands,52.15833,4.49306,1750,36000,chandler,1,0
utrecht|netherlands,Utrecht,Netherlands,52.09083,5.12222,1750,20000,chandler,0,0
agades|niger,Agades,Niger,16.966667,7.983333,1750,40000,chandler,0,0
benin|nigeria,Benin,Nigeria,6.339081,5.626483,1750,50000,chandler,0,0
kano|nigeria,Kano,Nigeria,12.00012,8.51672,1750,30000,chandler,0,0
katsina|nigeria,Katsina,Nigeria,12.98943,7.60063,1750,75000,chandler,0,0
nkazargamu|nigeria,Nkazargamu,Nigeria,13.047222,12.227778,1750,50000,chandler,0,0
oyo|nigeria,Oyo,Nigeria,7.85,3.93333,1750,75000,chandler,0,0
zamfara|nigeria,Zamfara,Nigeria,12.184417,6.237594,1750,40000,chandler,0,0
arequipa|peru,Arequipa,Peru,-16.39889,-71.535,1750,26000,chandler,0,0
ayacucho|peru,Ayacucho,Peru,-13.1615,-74.22154,1750,25000,chandler,0,0
cuzco|peru,Cuzco,Peru,-13.525,-71.972222,1750,40000,chandler,0,0
lima|peru,Lima,Peru,-12.04318,-77.02824,1750,40000,chandler,1,0
manila|philippines,Manila,Philippines,14.58,121,1750,50000,chandler,1,0
gdansk|poland,Gdansk,Poland,54.352025,18.64663,1750,47000,chandler,1,0
lvov|poland,Lvov,Poland,49.839683,24.029717,1750,25000,chandler,0,0
szczecin|poland,Szczecin,Poland,53.416667,14.583333,1750,12966,chandler,0,0
warsaw|poland,Warsaw,Poland,52.22977,21.01178,1750,28000,chandler,0,0
lisbon|portugal,Lisbon,Portugal,38.71667,-9.13333,1750,213000,chandler,0,0
oporto|portugal,Oporto,Portugal,41.167972,-8.627064,1750,32000,chandler,1,0
seoul|republic of korea,Seoul,Republic of Korea,37.56826,126.97783,1750,187000,chandler,0,0
bucharest|romania,Bucharest,Romania,44.43225,26.10626,1750,25000,chandler,0,0
iasi|romania,Iasi,Romania,47.16667,27.6,1750,20000,chandler,0,0
feodosia|russian federation,Feodosia,Russian Federation,45.048889,35.379167,1750,28000,chandler,1,0
kazan|russian federation,Kazan,Russian Federation,55.790278,49.134722,1750,23000,chandler,0,0
moscow|russian federation,Moscow,Russian Federation,55.75222,37.61556,1750,146000,chandler,0,0
saint petersburg|russian federation,Saint Petersburg,Russian Federation,59.89444,30.26417,1750,74200,chandler,1,0
tula|russian federation,Tula,Russian Federation,54.107722,37.573261,1750,34000,chandler,0,0
mecca|saudi arabia,Mecca,Saudi Arabia,21.42667,39.82611,1750,50000,chandler,0,0
belgrade|serbia,Belgrade,Serbia,44.80401,20.46513,1750,30000,chandler,0,0
barcelona|spain,Barcelona,Spain,41.38879,2.15899,1750,53000,chandler,1,0
cadiz|spain,Cadiz,Spain,36.52978,-6.29465,1750,60000,chandler,0,0
cordoba|spain,Cordoba,Spain,38.046133,-4.893564,1750,22000,chandler,0,0
granada|spain,Granada,Spain,37.177336,-3.598558,1750,45000,chandler,0,0
madrid|spain,Madrid,Spain,40.416775,-3.703789,1750,110000,chandler,0,0
malaga|spain,Malaga,Spain,36.721261,-4.421267,1750,36000,chandler,1,0
murcia|spain,Murcia,Spain,37.98704,-1.13004,1750,33000,chandler,0,0
seville|spain,Seville,Spain,37.388097,-5.982331,1750,68000,chandler,0,0
toledo|spain,Toledo,Spain,39.862831,-4.027322,1750,22000,chandler,0,0
valencia|spain,Valencia,Spain,39.469908,-0.376289,1750,40000,chandler,1,0
valladolid|spain,Valladolid,Spain,41.65518,-4.72372,1750,25000,chandler,0,0
zaragoza|spain,Zaragoza,Spain,41.648792,-0.889581,1750,35000,chandler,0,0
sennar|sudan,Sennar,Sudan,13.567469,33.567203,1750,30000,chandler,0,0
stockholm|sweden,Stockholm,Sweden,59.33258,18.0649,1750,60018,chandler,1,0
aleppo|syria,Aleppo,Syria,36.216667,37.166667,1750,70000,chandler,0,0
damascus|syria,Damascus,Syria,33.5102,36.29128,1750,80000,chandler,0,0
ayutthaya|thailand,Ayutthaya,Thailand,14.35,100.55,1750,160000,chandler,0,0
tunis|tunisia,Tunis,Tunisia,36.818811,10.165961,1750,70000,chandler,1,1
ankara|turkey,Ankara,Turkey,39.91987,32.85427,1750,37000,chandler,0,0
bursa|turkey,Bursa,Turkey,40.19266,29.08403,1750,55000,chandler,0,0
diyarbakir|turkey,Diyarbakir,Turkey,37.914411,40.230628,1750,40000,chandler,0,0
edirne|turkey,Edirne,Turkey,41.681808,26.562269,1750,83000,chandler,0,0
istanbul|turkey,Istanbul,Turkey,41.005275,28.976944,1750,625000,chandler,0,0
smyrna|turkey,Smyrna,Turkey,38.41273,27.13838,1750,130000,chandler,1,0
bakhchiserai|ukraine,Bakhchiserai,Ukraine,44.755286,33.867233,1750,15000,chandler,0,0
kiev|ukraine,Kiev,Ukraine,50.45466,30.5238,1750,22000,chandler,0,0
edinburgh|united kingdom,Edinburgh,United Kingdom,55.95206,-3.19648,1750,55000,chandler,1,0
glasgow|united kingdom,Glasgow,United Kingdom,55.86515,-4.25763,1750,21000,chandler,0,0
london|united kingdom,London,United Kingdom,51.511214,-0.119825,1750,676000,chandler,0,0
newcastle upon tyne|united kingdom,Newcastle upon Tyne,United Kingdom,54.978253,-1.617781,1750,29000,chandler,0,0
norwich|united kingdom,Norwich,United Kingdom,52.62783,1.29834,1750,36000,chandler,0,0
boston|united states of america,Boston,United States of America,42.358431,-71.059772,1750,20000,chandler,0,0
hanoi|vietnam,Hanoi,Vietnam,21.033333,105.85,1750,50000,chandler,0,0
hue|vietnam,Hue,Vietnam,16.46667,107.6,1750,68000,chandler,1,0
plovdiv|bulgaria,Plovdiv,Bulgaria,42.15,24.75,1751,30000,chandler,0,0
fuzhou|china,Fuzhou,China,26.076111,119.306389,1751,83411,chandler,0,0
kaifeng|china,Kaifeng,China,34.7986,114.30742,1751,79000,chandler,0,0
mumbai|india,Mumbai,India,19.07283,72.88261,1751,77000,chandler,1,0
songadh|india,Songadh,India,22.702178,74.938414,1751,60000,chandler,0,0
florence|italy,Florence,Italy,43.771033,11.248,1751,73951,chandler,0,0
calcutta|india,Calcutta,India,22.56263,88.36304,1752,117000,chandler,0,0
norwich|united kingdom,Norwich,United Kingdom,52.62783,1.29834,1752,36169,chandler,0,0
dijon|france,Dijon,France,47.31667,5.01667,1753,30302,chandler,0,0
leipzig|germany,Leipzig,Germany,51.33962,12.37129,1753,32384,chandler,0,0
chandannagar|india,Chandannagar,India,22.87,88.38,1753,102000,chandler,0,0
dublin|ireland,Dublin,Ireland,53.33306,-6.24889,1753,128570,chandler,1,0
philadelphia|united states of america,Philadelphia,United States of America,39.95,-75.1667,1753,14563,chandler,0,0
prague|austria,Prague,Austria,50.08804,14.42076,1754,59000,chandler,0,0
vienna|austria,Vienna,Austria,48.20849,16.37208,1754,175460,chandler,0,0
cologne|germany,Cologne,Germany,50.937531,6.960278,1754,44512,chandler,0,0
antwerp|belgium,Antwerp,Belgium,51.219217,4.402883,1755,43215,chandler,0,0
marseille|france,Marseille,France,43.29695,5.38107,1755,72000,chandler,1,0
montpellier|france,Montpellier,France,43.61092,3.87723,1755,29000,chandler,1,0
dresden|germany,Dresden,Germany,51.05089,13.73832,1755,63209,chandler,0,0
konigsberg|germany,Konigsberg,Germany,54.716667,20.516667,1755,55000,chandler,0,0
edinburgh|united kingdom,Edinburgh,United Kingdom,55.95206,-3.19648,1755,57195,chandler,1,0
bukhara|uzbekistan,Bukhara,Uzbekistan,39.765869,64.422347,1755,60000,chandler,0,0
lyon|france,Lyon,France,45.74846,4.84671,1756,115836,chandler,0,0
paris|france,Paris,France,48.856614,2.352222,1756,576630,chandler,0,0
rouen|france,Rouen,France,49.44313,1.09932,1756,63588,chandler,0,0
wroclaw|germany,Wroclaw,Germany,51.116667,17.033333,1756,54774,chandler,0,0
murshidabad|india,Murshidabad,India,24.1839,88.27171,1756,180000,chandler,0,0
pondicherry|india,Pondicherry,India,11.91386,79.814472,1756,50000,chandler,0,0
salvador|brazil,Salvador,Brazil,-12.97111,-38.51083,1757,39672,chandler,0,0
angers|france,Angers,France,47.46667,-0.55,1757,21000,chandler,0,0
toulon|france,Toulon,France,43.11667,5.93333,1757,30044,chandler,1,0
madrid|spain,Madrid,Spain,40.416775,-3.703789,1757,109753,chandler,0,0
glasgow|united kingdom,Glasgow,United Kingdom,55.86515,-4.25763,1757,23546,chandler,0,0
chongqing|china,Chongqing,China,29.56301,106.551557,1758,16504,chandler,0,0
braunschweig|germany,Braunschweig,Germany,52.268875,10.526769,1758,25800,chandler,0,0
basra|iraq,Basra,Iraq,30.5,47.816667,1758,65000,chandler,0,0
lisbon|portugal,Lisbon,Portugal,38.71667,-9.13333,1758,208000,chandler,0,0
manchester|united kingdom,Manchester,United Kingdom,53.48095,-2.23743,1758,19839,chandler,0,0
quebec|canada,Quebec,Canada,46.81228,-71.21454,1759,9000,chandler,1,0
kashi|china,Kashi,China,39.4704,75.989756,1759,18000,chandler,0,0
avignon|france,Avignon,France,43.94834,4.80892,1759,24000,chandler,0,0
hamburg|germany,Hamburg,Germany,53.57532,10.01534,1759,73000,chandler,0,0
mumbai|india,Mumbai,India,19.07283,72.88261,1759,88000,chandler,1,0
bologna|italy,Bologna,Italy,44.49381,11.33875,1759,68882,chandler,0,0
caracas|venezuela,Caracas,Venezuela,10.48801,-66.87919,1759,18986,chandler,1,0
limerick|ireland,Limerick,Ireland,52.6653,-8.630497,1760,16000,chandler,0,0
warsaw|poland,Warsaw,Poland,52.22977,21.01178,1760,30000,chandler,0,0
chongqing|china,Chongqing,China,29.56301,106.551557,1761,30000,chandler,0,0
tsinkiang|china,Tsinkiang,China,24.913889,118.58583,1761,43727,chandler,1,0
havana|cuba,Havana,Cuba,23.13302,-82.38304,1761,36000,chandler,1,0
patna|india,Patna,India,25.610533,85.14145,1761,50000,chandler,0,0
pondicherry|india,Pondicherry,India,11.91386,79.814472,1761,52000,chandler,0,0
ujjain|india,Ujjain,India,23.18239,75.77643,1761,54000,chandler,0,0
venice|italy,Venice,Italy,45.440847,12.315514,1761,161000,chandler,0,0
manila|philippines,Manila,Philippines,14.58,121,1762,54000,chandler,1,0
soest|germany,Soest,Germany,51.57558,8.10619,1763,3800,chandler,0,0
rabat|morocco,Rabat,Morocco,34.01325,-6.83255,1763,45000,chandler,1,0
plovdiv|bulgaria,Plovdiv,Bulgaria,42.15,24.75,1764,30000,chandler,0,0
charlottetown|canada,Charlottetown,Canada,46.2382,-63.1311,1764,1200,manual_override_canada_ports,0,0
mumbai|india,Mumbai,India,19.07283,72.88261,1764,60000,chandler,1,0
kagoshima|japan,Kagoshima,Japan,31.5966,130.557183,1764,59727,chandler,1,0
granada|spain,Granada,Spain,37.177336,-3.598558,1764,52000,chandler,0,0
malaga|spain,Malaga,Spain,36.721261,-4.421267,1764,42000,chandler,1,0
caracas|venezuela,Caracas,Venezuela,10.48801,-66.87919,1764,26340,chandler,1,0
arles|france,Arles,France,43.6767,4.6278,1765,21562,chandler,0,0
dhaka|india,Dhaka,India,23.709921,90.407143,1765,100000,chandler,0,0
murshidabad|india,Murshidabad,India,24.1839,88.27171,1765,210000,chandler,0,0
kaifeng|china,Kaifeng,China,34.7986,114.30742,1766,79000,chandler,0,0
hannover|germany,Hannover,Germany,52.37052,9.73322,1766,15448,chandler,0,0
naples|italy,Naples,Italy,40.851775,14.268122,1766,322786,chandler,0,0
oporto|portugal,Oporto,Portugal,41.167972,-8.627064,1766,40000,chandler,1,0
kiev|ukraine,Kiev,Ukraine,50.45466,30.5238,1766,28877,chandler,0,0
hyderabad|india,Hyderabad,India,17.38405,78.45636,1767,150000,chandler,0,0
ayutthaya|thailand,Ayutthaya,Thailand,14.35,100.55,1767,180000,chandler,0,0
brugge|belgium,Brugge,Belgium,51.210819,3.224936,1768,26000,chandler,1,0
tripoli|libya,Tripoli,Libya,32.876175,13.187508,1768,16000,chandler,1,1
tula|russian federation,Tula,Russian Federation,54.107722,37.573261,1768,30000,chandler,0,0
wanxian|china,Wanxian,China,30.9,108.467,1769,16000,chandler,0,0
copenhagen|denmark,Copenhagen,Denmark,55.67594,12.56553,1769,82086,chandler,1,0
angers|france,Angers,France,47.46667,-0.55,1769,21579,chandler,0,0
laon|france,Laon,France,49.56667,3.61667,1769,10000,chandler,0,0
bergen|norway,Bergen,Norway,60.391264,5.322053,1769,13735,chandler,1,0
barcelona|spain,Barcelona,Spain,41.38879,2.15899,1769,62000,chandler,1,0
axum|ethiopia,Axum,Ethiopia,14.131781,38.714081,1770,3000,chandler,0,0
gondar|ethiopia,Gondar,Ethiopia,12.600003,37.466669,1770,30000,chandler,0,0
augsberg|germany,Augsberg,Germany,48.371444,10.898239,1770,30000,chandler,0,0
trier|germany,Trier,Germany,49.75565,6.63935,1770,10413,chandler,0,0
debrecen|hungary,Debrecen,Hungary,47.53333,21.63333,1770,23546,chandler,0,0
lucknow|india,Lucknow,India,26.83928,80.92313,1770,125000,chandler,0,0
vilnius|lithuania,Vilnius,Lithuania,54.683333,25.283333,1770,21320,chandler,0,0
inwa|myanmar,Inwa,Myanmar,21.857353,95.981936,1770,170000,chandler,0,0
moscow|russian federation,Moscow,Russian Federation,55.75222,37.61556,1770,152790,chandler,0,0
newcastle upon tyne|united kingdom,Newcastle upon Tyne,United Kingdom,54.978253,-1.617781,1770,31000,chandler,0,0
puebla|mexico,Puebla,Mexico,19.0514,-98.2178,1771,71366,chandler,0,0
mexico city|mexico,Mexico City,Mexico,19.42847,-99.12766,1772,120000,chandler,0,0
krakow|poland,Krakow,Poland,50.06143,19.93658,1772,15000,chandler,0,0
lvov|poland,Lvov,Poland,49.839683,24.029717,1772,30000,chandler,0,0
caracas|venezuela,Caracas,Venezuela,10.48801,-66.87919,1772,24187,chandler,1,0
reims|france,Reims,France,49.25,4.03333,1773,27554,chandler,0,0
guatemala city|guatemala,Guatemala City,Guatemala,14.64072,-90.51327,1773,34000,chandler,0,0
manchester|united kingdom,Manchester,United Kingdom,53.48095,-2.23743,1773,29151,chandler,0,0
hue|vietnam,Hue,Vietnam,16.46667,107.6,1773,72000,chandler,1,0
kandahar|afghanistan,Kandahar,Afghanistan,31.61332,65.71013,1774,150000,chandler,0,0
kingston|jamaica,Kingston,Jamaica,17.992731,-76.8,1774,11000,chandler,1,0
kazan|russian federation,Kazan,Russian Federation,55.790278,49.134722,1774,14000,chandler,0,0
saratov|russian federation,Saratov,Russian Federation,51.54056,46.00861,1774,7000,chandler,0,0
salvador|brazil,Salvador,Brazil,-12.97111,-38.51083,1775,40922,chandler,0,0
guayaquil|ecuador,Guayaquil,Ecuador,-2.18194,-79.89167,1775,22000,chandler,0,0
riobamba|ecuador,Riobamba,Ecuador,-1.67083,-78.64861,1775,19000,chandler,0,0
cairo|egypt,Cairo,Egypt,30.06263,31.24967,1775,215000,chandler,0,0
caen|france,Caen,France,49.18585,-0.35912,1775,29000,chandler,1,0
lyon|france,Lyon,France,45.74846,4.84671,1775,151786,chandler,0,0
metz|france,Metz,France,49.11911,6.17269,1775,39256,chandler,0,0
montpellier|france,Montpellier,France,43.61092,3.87723,1775,29000,chandler,1,0
nimes|france,Nimes,France,43.83333,4.35,1775,47000,chandler,0,0
paris|france,Paris,France,48.856614,2.352222,1775,600600,chandler,0,0
poitiers|france,Poitiers,France,46.58333,0.33333,1775,17172,chandler,0,0
tours|france,Tours,France,47.38333,0.68333,1775,21195,chandler,0,0
tbilisi|georgia,Tbilisi,Georgia,41.709975,44.792989,1775,24000,chandler,0,0
marrakech|morocco,Marrakech,Morocco,31.63416,-7.99994,1775,25000,chandler,0,0
meknes|morocco,Meknes,Morocco,33.89352,-5.54727,1775,40000,chandler,0,0
rabat|morocco,Rabat,Morocco,34.01325,-6.83255,1775,45000,chandler,1,0
ouro preto|brazil,Ouro Preto,Brazil,-20.39484,-43.50517,1776,22000,chandler,0,0
bogota|columbia,Bogota,Columbia,4.598056,-74.075833,1776,19479,chandler,0,0
goa|india,Goa,India,15.299333,74.124,1776,14000,chandler,0,0
riga|russian federation,Riga,Russian Federation,56.946,24.10589,1776,19058,chandler,1,0
budapest|hungary,Budapest,Hungary,47.49801,19.03991,1777,35059,chandler,0,0
dublin|ireland,Dublin,Ireland,53.33306,-6.24889,1777,138208,chandler,1,0
guadalajara|mexico,Guadalajara,Mexico,20.673819,-103.343489,1777,22163,chandler,0,0
buenos aires|argentina,Buenos Aires,Argentina,-34.61315,-58.37723,1778,28232,chandler,1,0
potosi|bolivia,Potosi,Bolivia,-19.58361,-65.75306,1779,22622,chandler,0,0
quito|ecuador,Quito,Ecuador,-0.22985,-78.52495,1779,24919,chandler,0,0
jakarta|indonesia,Jakarta,Indonesia,-6.21462,106.84513,1779,50000,chandler,1,0
quito|ecuador,Quito,Ecuador,-0.22985,-78.52495,1780,28451,chandler,0,0
mainz|germany,Mainz,Germany,49.98419,8.2791,1780,32482,chandler,0,0
thessaloniki|greece,Thessaloniki,Greece,40.63935,22.944606,1780,50000,chandler,1,0
ahmedabad|india,Ahmedabad,India,23.039568,72.566004,1780,100000,chandler,0,0
pune|india,Pune,India,18.52043,73.856744,1780,140000,chandler,0,0
jerusalem|israel,Jerusalem,Israel,31.76904,35.21633,1780,13000,chandler,0,0
lima|peru,Lima,Peru,-12.04318,-77.02824,1780,50000,chandler,1,0
belgrade|serbia,Belgrade,Serbia,44.80401,20.46513,1780,30000,chandler,0,0
tunis|tunisia,Tunis,Tunisia,36.818811,10.165961,1780,50000,chandler,1,1
glasgow|united kingdom,Glasgow,United Kingdom,55.86515,-4.25763,1780,42832,chandler,0,0
oruro|bolivia,Oruro,Bolivia,-17.98333,-67.15,1781,7000,chandler,0,0
delhi|india,Delhi,India,28.65381,77.22897,1781,190000,chandler,0,0
nagapattinam|india,Nagapattinam,India,10.768802,79.839427,1781,35000,chandler,1,0
jingdezhen|china,Jingdezhen,China,29.268836,117.17842,1782,151000,chandler,0,0
kazan|russian federation,Kazan,Russian Federation,55.790278,49.134722,1782,22000,chandler,0,0
kursk|russian federation,Kursk,Russian Federation,51.73733,36.18735,1782,19000,chandler,0,0
moscow|russian federation,Moscow,Russian Federation,55.75222,37.61556,1782,213000,chandler,0,0
nizhniy novgorod|russian federation,Nizhniy Novgorod,Russian Federation,56.3269,44.0075,1782,9000,chandler,0,0
novgorod|russian federation,Novgorod,Russian Federation,58.525569,31.274192,1782,11000,chandler,0,0
pskov|russian federation,Pskov,Russian Federation,57.8136,28.3496,1782,7000,chandler,0,0
tula|russian federation,Tula,Russian Federation,54.107722,37.573261,1782,25000,chandler,0,0
tver|russian federation,Tver,Russian Federation,56.858722,35.917597,1782,16000,chandler,0,0
voronezh|russian federation,Voronezh,Russian Federation,51.67204,39.1843,1782,13000,chandler,0,0
kiev|ukraine,Kiev,Ukraine,50.45466,30.5238,1782,30000,chandler,0,0
braunschweig|germany,Braunschweig,Germany,52.268875,10.526769,1783,27063,chandler,0,0
yaroslavl|russian federation,Yaroslavl,Russian Federation,57.626072,39.884464,1783,18996,chandler,0,0
tripoli|libya,Tripoli,Libya,32.876175,13.187508,1784,14000,chandler,1,1
astrakhan|russian federation,Astrakhan,Russian Federation,46.366681,48.083239,1784,18023,chandler,0,0
bakhchiserai|ukraine,Bakhchiserai,Ukraine,44.755286,33.867233,1784,5776,chandler,0,0
saint john|canada,Saint John,Canada,45.2733,-66.0633,1785,3000,manual_override_canada_ports,0,0
nanjing|china,Nanjing,China,32.05,118.766667,1785,50000,chandler,0,0
verona|italy,Verona,Italy,45.43419,10.99779,1785,52978,chandler,0,0
arequipa|peru,Arequipa,Peru,-16.39889,-71.535,1785,30000,chandler,0,0
cuzco|peru,Cuzco,Peru,-13.525,-71.972222,1785,26000,chandler,0,0
damascus|syria,Damascus,Syria,33.5102,36.29128,1785,80000,chandler,0,0
gent|belgium,Gent,Belgium,51.053469,3.730378,1786,26337,chandler,0,0
amarapura|myanmar,Amarapura,Myanmar,21.892983,96.05,1786,180000,chandler,0,0
barcelona|spain,Barcelona,Spain,41.38879,2.15899,1786,111410,chandler,1,0
kherson|ukraine,Kherson,Ukraine,46.635417,32.616867,1786,10000,chandler,1,0
copenhagen|denmark,Copenhagen,Denmark,55.67594,12.56553,1787,92671,chandler,1,0
angers|france,Angers,France,47.46667,-0.55,1787,24000,chandler,0,0
arles|france,Arles,France,43.6767,4.6278,1787,16281,chandler,0,0
beziers|france,Beziers,France,43.34762,3.21899,1787,13149,chandler,1,0
caen|france,Caen,France,49.18585,-0.35912,1787,29000,chandler,1,0
dijon|france,Dijon,France,47.31667,5.01667,1787,20025,chandler,0,0
lyon|france,Lyon,France,45.74846,4.84671,1787,135207,chandler,0,0
metz|france,Metz,France,49.11911,6.17269,1787,45090,chandler,0,0
montpellier|france,Montpellier,France,43.61092,3.87723,1787,26000,chandler,1,0
nimes|france,Nimes,France,43.83333,4.35,1787,41000,chandler,0,0
rouen|france,Rouen,France,49.44313,1.09932,1787,68040,chandler,0,0
toulon|france,Toulon,France,43.11667,5.93333,1787,27540,chandler,1,0
tours|france,Tours,France,47.38333,0.68333,1787,28161,chandler,0,0
debrecen|hungary,Debrecen,Hungary,47.53333,21.63333,1787,28873,chandler,0,0
jodhpur|india,Jodhpur,India,26.26841,73.00594,1787,90000,chandler,0,0
oporto|portugal,Oporto,Portugal,41.167972,-8.627064,1787,63505,chandler,1,0
burgos|spain,Burgos,Spain,42.35,-3.7,1787,10000,chandler,0,0
cadiz|spain,Cadiz,Spain,36.52978,-6.29465,1787,97000,chandler,0,0
cordoba|spain,Cordoba,Spain,38.046133,-4.893564,1787,28000,chandler,0,0
granada|spain,Granada,Spain,37.177336,-3.598558,1787,52345,chandler,0,0
madrid|spain,Madrid,Spain,40.416775,-3.703789,1787,156672,chandler,0,0
malaga|spain,Malaga,Spain,36.721261,-4.421267,1787,41592,chandler,1,0
murcia|spain,Murcia,Spain,37.98704,-1.13004,1787,38000,chandler,0,0
palma|spain,Palma,Spain,39.56939,2.65024,1787,29529,chandler,1,0
seville|spain,Seville,Spain,37.388097,-5.982331,1787,80268,chandler,0,0
toledo|spain,Toledo,Spain,39.862831,-4.027322,1787,21000,chandler,0,0
zaragoza|spain,Zaragoza,Spain,41.648792,-0.889581,1787,42600,chandler,0,0
genova|italy,Genova,Italy,44.40565,8.946256,1788,77563,chandler,0,0
salerno|italy,Salerno,Italy,40.67797,14.76599,1788,9181,chandler,1,0
kingston|jamaica,Kingston,Jamaica,17.992731,-76.8,1788,26478,chandler,1,0
marrakech|morocco,Marrakech,Morocco,31.63416,-7.99994,1788,30000,chandler,0,0
valladolid|spain,Valladolid,Spain,41.65518,-4.72372,1788,21000,chandler,0,0
brest|france,Brest,France,48.3908,-4.486075,1789,33852,chandler,0,0
dhaka|india,Dhaka,India,23.709921,90.407143,1789,125000,chandler,0,0
murshidabad|india,Murshidabad,India,24.1839,88.27171,1789,207000,chandler,0,0
nagasaki|japan,Nagasaki,Japan,32.752558,129.878192,1789,31893,chandler,1,0
bordeaux|france,Bordeaux,France,44.84044,-0.5805,1790,104000,chandler,0,0
marseille|france,Marseille,France,43.29695,5.38107,1790,106585,chandler,1,0
toulouse|france,Toulouse,France,43.60426,1.44367,1790,52000,chandler,0,0
augsberg|germany,Augsberg,Germany,48.371444,10.898239,1790,28534,chandler,0,0
cap-haitien|haiti,Cap-Haitien,Haiti,19.756219,-72.199669,1790,20000,chandler,0,0
jodhpur|india,Jodhpur,India,26.26841,73.00594,1790,80000,chandler,0,0
venice|italy,Venice,Italy,45.440847,12.315514,1790,148000,chandler,0,0
mexico city|mexico,Mexico City,Mexico,19.42847,-99.12766,1790,120000,chandler,0,0
iasi|romania,Iasi,Romania,47.16667,27.6,1790,14963,chandler,0,0
izmail|romania,Izmail,Romania,45.351667,28.836389,1790,35000,chandler,0,0
aleppo|syria,Aleppo,Syria,36.216667,37.166667,1790,70000,chandler,0,0
havana|cuba,Havana,Cuba,23.13302,-82.38304,1791,51307,chandler,1,0
laon|france,Laon,France,49.56667,3.61667,1791,7034,chandler,0,0
cork|ireland,Cork,Ireland,51.89797,-8.47061,1791,50000,chandler,1,0
edinburgh|united kingdom,Edinburgh,United Kingdom,55.95206,-3.19648,1791,85486,chandler,1,0
glasgow|united kingdom,Glasgow,United Kingdom,55.86515,-4.25763,1791,66578,chandler,0,0
regensburg|germany,Regensburg,Germany,49.015,12.09556,1792,22000,chandler,0,0
guadalajara|mexico,Guadalajara,Mexico,20.673819,-103.343489,1792,24249,chandler,0,0
warsaw|poland,Warsaw,Poland,52.22977,21.01178,1792,120000,chandler,0,0
balkh|afghanistan,Balkh,Afghanistan,36.75635,66.8972,1793,23000,chandler,0,0
kabul|afghanistan,Kabul,Afghanistan,34.52813,69.17233,1793,50000,chandler,0,0
kandahar|afghanistan,Kandahar,Afghanistan,31.61332,65.71013,1793,25000,chandler,0,0
jakarta|indonesia,Jakarta,Indonesia,-6.21462,106.84513,1793,55000,chandler,1,0
cholula|mexico,Cholula,Mexico,19.06333,-98.306389,1793,9000,chandler,0,0
merida|mexico,Merida,Mexico,20.979719,-89.615789,1793,28392,chandler,0,0
puebla|mexico,Puebla,Mexico,19.0514,-98.2178,1793,56859,chandler,0,0
tzintzuntzan|mexico,Tzintzuntzan,Mexico,19.62903,-101.57857,1793,2500,chandler,0,0
zacatecas|mexico,Zacatecas,Mexico,22.76843,-102.58141,1793,33000,chandler,0,0
asuncion|paraguay,Asuncion,Paraguay,-25.30066,-57.63591,1793,7088,chandler,0,0
lima|peru,Lima,Peru,-12.04318,-77.02824,1793,52627,chandler,1,0
kerman|iran,Kerman,Iran,30.28321,57.07879,1794,55000,chandler,0,0
ayacucho|peru,Ayacucho,Peru,-13.1615,-74.22154,1794,25970,chandler,0,0
cuzco|peru,Cuzco,Peru,-13.525,-71.972222,1794,32082,chandler,0,0
riga|russian federation,Riga,Russian Federation,56.946,24.10589,1794,28801,chandler,1,0
istanbul|turkey,Istanbul,Turkey,41.005275,28.976944,1794,560000,chandler,0,0
guatemala city|guatemala,Guatemala City,Guatemala,14.64072,-90.51327,1795,24434,chandler,0,0
amsterdam|netherlands,Amsterdam,Netherlands,52.37403,4.88969,1795,217024,chandler,0,0
lvov|poland,Lvov,Poland,49.839683,24.029717,1795,38749,chandler,0,0
coimbra|portugal,Coimbra,Portugal,40.20564,-8.41955,1795,15000,chandler,0,0
brugge|belgium,Brugge,Belgium,51.210819,3.224936,1796,31319,chandler,1,0
hannover|germany,Hannover,Germany,52.37052,9.73322,1796,18000,chandler,0,0
mashhad|iran,Mashhad,Iran,36.3,59.6,1796,18000,chandler,0,0
segou|mali,Segou,Mali,13.440597,-6.265319,1796,30000,chandler,0,0
amsterdam|netherlands,Amsterdam,Netherlands,52.37403,4.88969,1796,200560,chandler,0,0
utrecht|netherlands,Utrecht,Netherlands,52.09083,5.12222,1796,25000,chandler,0,0
barcelona|spain,Barcelona,Spain,41.38879,2.15899,1796,117000,chandler,1,0
edessa|turkey,Edessa,Turkey,37.15,38.8,1796,22000,chandler,0,0
leipzig|germany,Leipzig,Germany,51.33962,12.37129,1797,31847,chandler,0,0
gwalior|india,Gwalior,India,26.22982,78.17337,1797,30000,chandler,0,0
esfahan|iran,Esfahan,Iran,32.651389,51.679192,1797,50000,chandler,0,0
limerick|ireland,Limerick,Ireland,52.6653,-8.630497,1797,27000,chandler,0,0
naples|italy,Naples,Italy,40.851775,14.268122,1797,438000,chandler,0,0
poznan|poland,Poznan,Poland,52.40692,16.92993,1797,12376,chandler,0,0
granada|spain,Granada,Spain,37.177336,-3.598558,1797,52000,chandler,0,0
seville|spain,Seville,Spain,37.388097,-5.982331,1797,96000,chandler,0,0
zaragoza|spain,Zaragoza,Spain,41.648792,-0.889581,1797,55000,chandler,0,0
kiev|ukraine,Kiev,Ukraine,50.45466,30.5238,1797,19081,chandler,0,0
new orleans|united states of america,New Orleans,United States of America,29.95465,-90.07507,1797,8056,chandler,1,0
liege|belgium,Liege,Belgium,50.63373,5.56749,1798,39208,chandler,0,0
alexandria|egypt,Alexandria,Egypt,31.200092,29.918739,1798,4000,chandler,1,0
cairo|egypt,Cairo,Egypt,30.06263,31.24967,1798,186000,chandler,0,0
konigsberg|germany,Konigsberg,Germany,54.716667,20.516667,1798,49900,chandler,0,0
magdeburg|germany,Magdeburg,Germany,52.130808,11.628878,1798,37450,chandler,0,0
mainz|germany,Mainz,Germany,49.98419,8.2791,1798,26615,chandler,0,0
jaipur|india,Jaipur,India,26.91962,75.78781,1798,77000,chandler,0,0
messina|italy,Messina,Italy,38.19327,15.54969,1798,37000,chandler,0,0
palermo|italy,Palermo,Italy,38.115689,13.361267,1798,133000,chandler,1,0
kyoto|japan,Kyoto,Japan,35.02107,135.75385,1798,379274,chandler,0,0
tokyo|japan,Tokyo,Japan,35.6895,139.69171,1798,685000,chandler,1,0
haarlem|netherlands,Haarlem,Netherlands,52.38084,4.63683,1798,21227,chandler,1,0
leiden|netherlands,Leiden,Netherlands,52.15833,4.49306,1798,30967,chandler,1,0
krakow|poland,Krakow,Poland,50.06143,19.93658,1798,24543,chandler,0,0
bucharest|romania,Bucharest,Romania,44.43225,26.10626,1798,32185,chandler,0,0
rio de janeiro|brazil,Rio de Janeiro,Brazil,-22.90278,-43.2075,1799,43376,chandler,0,0
budapest|hungary,Budapest,Hungary,47.49801,19.03991,1799,54179,chandler,0,0
srirangapatna|india,Srirangapatna,India,12.417956,76.694687,1799,150000,chandler,0,0
florence|italy,Florence,Italy,43.771033,11.248,1799,58716,chandler,0,0
genova|italy,Genova,Italy,44.40565,8.946256,1799,90835,chandler,0,0
fez|morocco,Fez,Morocco,34.033333,-5.01,1799,70000,chandler,0,0
rabat|morocco,Rabat,Morocco,34.01325,-6.83255,1799,43000,chandler,1,0
barcelona|spain,Barcelona,Spain,41.38879,2.15899,1799,115000,chandler,1,0
madrid|spain,Madrid,Spain,40.416775,-3.703789,1799,184404,chandler,0,0
herat|afghanistan,Herat,Afghanistan,34.34817,62.19967,1800,45000,chandler,0,0
kabul|afghanistan,Kabul,Afghanistan,34.52813,69.17233,1800,50000,chandler,0,0
kandahar|afghanistan,Kandahar,Afghanistan,31.61332,65.71013,1800,25000,chandler,0,0
constantine|algeria,Constantine,Algeria,36.365,6.61472,1800,25000,chandler,0,0
algiers|algiers,Algiers,Algiers,36.7525,3.04197,1800,73000,chandler,1,0
buenos aires|argentina,Buenos Aires,Argentina,-34.61315,-58.37723,1800,34000,chandler,1,0
sydney|australia,Sydney,Australia,-33.86785,151.20732,1800,2000,chandler,1,0
prague|austria,Prague,Austria,50.08804,14.42076,1800,77403,chandler,0,0
vienna|austria,Vienna,Austria,48.20849,16.37208,1800,231079,chandler,0,0
antwerp|belgium,Antwerp,Belgium,51.219217,4.402883,1800,53906,chandler,0,0
brugge|belgium,Brugge,Belgium,51.210819,3.224936,1800,31000,chandler,1,0
gent|belgium,Gent,Belgium,51.053469,3.730378,1800,51000,chandler,0,0
liege|belgium,Liege,Belgium,50.63373,5.56749,1800,39000,chandler,0,0
potosi|bolivia,Potosi,Bolivia,-19.58361,-65.75306,1800,15000,chandler,0,0
sarajevo|bosnia and herzegovina,Sarajevo,Bosnia and Herzegovina,43.84864,18.35644,1800,18000,chandler,0,0
ouro preto|brazil,Ouro Preto,Brazil,-20.39484,-43.50517,1800,20000,chandler,0,0
recife|brazil,Recife,Brazil,-8.05389,-34.88111,1800,31000,chandler,0,0
rio de janeiro|brazil,Rio de Janeiro,Brazil,-22.90278,-43.2075,1800,44000,chandler,0,0
salvador|brazil,Salvador,Brazil,-12.97111,-38.51083,1800,43000,chandler,0,0
bandar seri begawan|brunei,Bandar Seri Begawan,Brunei,4.890283,114.942217,1800,18000,chandler,1,1
ohrid|bulgaria,Ohrid,Bulgaria,43.454967,23.380704,1800,16000,chandler,0,0
plovdiv|bulgaria,Plovdiv,Bulgaria,42.15,24.75,1800,30000,chandler,0,0
sofia|bulgaria,Sofia,Bulgaria,42.69751,23.32415,1800,46000,chandler,0,0
vidin|bulgaria,Vidin,Bulgaria,43.99,22.8725,1800,25000,chandler,0,0
charlottetown|canada,Charlottetown,Canada,46.2382,-63.1311,1800,2000,manual_override_canada_ports,0,0
halifax|canada,Halifax,Canada,44.6488,-63.5752,1800,10000,manual_override_canada_ports,0,0
quebec|canada,Quebec,Canada,46.81228,-71.21454,1800,12000,chandler,1,0
saint john|canada,Saint John,Canada,45.2733,-66.0633,1800,7000,manual_override_canada_ports,0,0
st. john's|canada,St. John's,Canada,47.5615,-52.7126,1800,9000,manual_override_canada_ports,1,1
masenya|chad,Masenya,Chad,11.402536,16.171328,1800,30000,chandler,0,0
santiago|chile,Santiago,Chile,-33.45,-70.666667,1800,21000,chandler,0,0
beijing|china,Beijing,China,39.9075,116.39723,1800,1100000,chandler,0,0
changchun|china,Changchun,China,43.9,125.2,1800,30000,chandler,0,0
changsha|china,Changsha,China,28.196111,112.972222,1800,85000,chandler,0,0
chengdu|china,Chengdu,China,30.66667,104.06667,1800,97000,chandler,0,0
chongqing|china,Chongqing,China,29.56301,106.551557,1800,53000,chandler,0,0
datong|china,Datong,China,40.083333,113.3,1800,35000,chandler,0,0
fuzhou|china,Fuzhou,China,26.076111,119.306389,1800,130000,chandler,0,0
guangzhou|china,Guangzhou,China,23.11667,113.25,1800,800000,chandler,0,0
guilin|china,Guilin,China,25.273566,110.290195,1800,38000,chandler,0,0
guiyang|china,Guiyang,China,26.647661,106.630154,1800,65000,chandler,0,0
hangzhou|china,Hangzhou,China,30.25,120.166667,1800,387000,chandler,1,0
hanzhong|china,Hanzhong,China,33.066667,107.016667,1800,50000,chandler,0,0
jilin|china,Jilin,China,43.896536,125.32599,1800,37000,chandler,0,0
jingdezhen|china,Jingdezhen,China,29.268836,117.17842,1800,164000,chandler,0,0
kaifeng|china,Kaifeng,China,34.7986,114.30742,1800,80000,chandler,0,0
kashi|china,Kashi,China,39.4704,75.989756,1800,50000,chandler,0,0
kunming|china,Kunming,China,25.03889,102.71833,1800,46000,chandler,0,0
lanzhou|china,Lanzhou,China,36.061089,103.834304,1800,90000,chandler,0,0
lhasa|china,Lhasa,China,29.645563,91.140749,1800,50000,chandler,0,0
macao|china,Macao,China,22.1667,113.55,1800,30000,chandler,0,0
nanchang|china,Nanchang,China,28.68333,115.88333,1800,36000,chandler,0,0
nanjing|china,Nanjing,China,32.05,118.766667,1800,50000,chandler,0,0
shenyang|china,Shenyang,China,41.79222,123.43278,1800,30000,chandler,0,0
suzhou|china,Suzhou,China,31.3,120.6,1800,243000,chandler,0,0
tainan city|china,Tainan City,China,22.983333,120.18333,1800,60000,chandler,1,0
taiyuan|china,Taiyuan,China,37.87059,112.548879,1800,40000,chandler,0,0
tsinkiang|china,Tsinkiang,China,24.913889,118.58583,1800,43000,chandler,1,0
urumqi|china,Urumqi,China,43.825644,87.616822,1800,40000,chandler,0,0
wanxian|china,Wanxian,China,30.9,108.467,1800,25000,chandler,0,0
wuhan|china,Wuhan,China,30.58333,114.26667,1800,160000,chandler,0,0
wuzhou|china,Wuzhou,China,23.476963,111.279115,1800,47000,chandler,0,0
xiamen|china,Xiamen,China,24.47979,118.08187,1800,65000,chandler,1,0
xian|china,Xian,China,34.341485,108.940404,1800,224000,chandler,0,0
yinchuan|china,Yinchuan,China,38.4667,106.2667,1800,60000,chandler,0,0
yining|china,Yining,China,43.916667,81.316667,1800,45000,chandler,0,0
zhangye|china,Zhangye,China,38.93333,100.45,1800,39000,chandler,0,0
bogota|columbia,Bogota,Columbia,4.598056,-74.075833,1800,21464,chandler,0,0
havana|cuba,Havana,Cuba,23.13302,-82.38304,1800,60000,chandler,1,0
kaesong|dem. people's republic of korea,Kaesong,Dem. People's Republic of Korea,37.97083,126.55444,1800,30000,chandler,1,0
pyongyang|dem. people's republic of korea,Pyongyang,Dem. People's Republic of Korea,39.03385,125.75432,1800,68000,chandler,0,0
copenhagen|denmark,Copenhagen,Denmark,55.67594,12.56553,1800,100000,chandler,1,0
roskilde|denmark,Roskilde,Denmark,55.64152,12.08035,1800,2000,chandler,0,0
guayaquil|ecuador,Guayaquil,Ecuador,-2.18194,-79.89167,1800,23000,chandler,0,0
quito|ecuador,Quito,Ecuador,-0.22985,-78.52495,1800,30000,chandler,0,0
cairo|egypt,Cairo,Egypt,30.06263,31.24967,1800,186000,chandler,0,0
bonga|ethiopia,Bonga,Ethiopia,7.28333,36.23333,1800,30000,chandler,0,0
angers|france,Angers,France,47.46667,-0.55,1800,28000,chandler,0,0
avignon|france,Avignon,France,43.94834,4.80892,1800,19000,chandler,0,0
bordeaux|france,Bordeaux,France,44.84044,-0.5805,1800,92000,chandler,0,0
brest|france,Brest,France,48.3908,-4.486075,1800,27000,chandler,0,0
caen|france,Caen,France,49.18585,-0.35912,1800,29000,chandler,1,0
dijon|france,Dijon,France,47.31667,5.01667,1800,21000,chandler,0,0
lyon|france,Lyon,France,45.74846,4.84671,1800,111000,chandler,0,0
marseille|france,Marseille,France,43.29695,5.38107,1800,83000,chandler,1,0
metz|france,Metz,France,49.11911,6.17269,1800,37000,chandler,0,0
montpellier|france,Montpellier,France,43.61092,3.87723,1800,31000,chandler,1,0
nimes|france,Nimes,France,43.83333,4.35,1800,37000,chandler,0,0
paris|france,Paris,France,48.856614,2.352222,1800,547000,chandler,0,0
reims|france,Reims,France,49.25,4.03333,1800,20000,chandler,0,0
rouen|france,Rouen,France,49.44313,1.09932,1800,80000,chandler,0,0
toulon|france,Toulon,France,43.11667,5.93333,1800,21000,chandler,1,0
toulouse|france,Toulouse,France,43.60426,1.44367,1800,44000,chandler,0,0
tours|france,Tours,France,47.38333,0.68333,1800,22000,chandler,0,0
augsberg|germany,Augsberg,Germany,48.371444,10.898239,1800,28000,chandler,0,0
berlin|germany,Berlin,Germany,52.52437,13.41053,1800,172132,chandler,0,0
braunschweig|germany,Braunschweig,Germany,52.268875,10.526769,1800,31000,chandler,0,0
bremen|germany,Bremen,Germany,53.07516,8.80777,1800,28000,chandler,0,0
cologne|germany,Cologne,Germany,50.937531,6.960278,1800,41000,chandler,0,0
dresden|germany,Dresden,Germany,51.05089,13.73832,1800,61000,chandler,0,0
hamburg|germany,Hamburg,Germany,53.57532,10.01534,1800,117000,chandler,0,0
konigsberg|germany,Konigsberg,Germany,54.716667,20.516667,1800,53000,chandler,0,0
leipzig|germany,Leipzig,Germany,51.33962,12.37129,1800,31000,chandler,0,0
lubeck|germany,Lubeck,Germany,53.865886,10.687097,1800,22000,chandler,0,0
magdeburg|germany,Magdeburg,Germany,52.130808,11.628878,1800,34000,chandler,0,0
mainz|germany,Mainz,Germany,49.98419,8.2791,1800,23000,chandler,0,0
nurnberg|germany,Nurnberg,Germany,49.452031,11.07675,1800,25000,chandler,0,0
regensburg|germany,Regensburg,Germany,49.015,12.09556,1800,23000,chandler,0,0
worms|germany,Worms,Germany,49.63278,8.35916,1800,4800,chandler,0,0
wroclaw|germany,Wroclaw,Germany,51.116667,17.033333,1800,64520,chandler,0,0
athens|greece,Athens,Greece,37.97945,23.71622,1800,12000,chandler,1,0
ioannina|greece,Ioannina,Greece,39.665028,20.853747,1800,30000,chandler,0,0
iraklion|greece,Iraklion,Greece,35.338736,25.144214,1800,15000,chandler,1,0
patras|greece,Patras,Greece,38.24664,21.734574,1800,20000,chandler,1,0
thessaloniki|greece,Thessaloniki,Greece,40.63935,22.944606,1800,62000,chandler,1,0
guatemala city|guatemala,Guatemala City,Guatemala,14.64072,-90.51327,1800,25000,chandler,0,0
kumasi|guinea,Kumasi,Guinea,6.68848,-1.62443,1800,40000,chandler,0,0
budapest|hungary,Budapest,Hungary,47.49801,19.03991,1800,54000,chandler,0,0
debrecen|hungary,Debrecen,Hungary,47.53333,21.63333,1800,27000,chandler,0,0
szeged|hungary,Szeged,Hungary,46.255,20.145,1800,23000,chandler,0,0
szekesfehervar|hungary,Szekesfehervar,Hungary,47.18995,18.41034,1800,12248,chandler,0,0
agra|india,Agra,India,27.18333,78.01667,1800,60000,chandler,0,0
ahmedabad|india,Ahmedabad,India,23.039568,72.566004,1800,89000,chandler,0,0
amritsar|india,Amritsar,India,31.63661,74.87476,1800,40000,chandler,0,0
aurangabad|india,Aurangabad,India,19.876165,75.343314,1800,30000,chandler,0,0
bharatpur|india,Bharatpur,India,27.21731,77.49009,1800,75000,chandler,0,0
bikaner|india,Bikaner,India,28.02094,73.30749,1800,35000,chandler,0,0
broach|india,Broach,India,21.724644,73.002294,1800,35000,chandler,1,0
calcutta|india,Calcutta,India,22.56263,88.36304,1800,162000,chandler,0,0
cambay|india,Cambay,India,22.313114,72.619408,1800,37000,chandler,1,0
chandannagar|india,Chandannagar,India,22.87,88.38,1800,45000,chandler,0,0
cuttack|india,Cuttack,India,20.46497,85.87927,1800,35000,chandler,0,0
delhi|india,Delhi,India,28.65381,77.22897,1800,140000,chandler,0,0
dhaka|india,Dhaka,India,23.709921,90.407143,1800,106000,chandler,0,0
faizabad|india,Faizabad,India,26.779386,82.142169,1800,45000,chandler,0,0
farrukhabad|india,Farrukhabad,India,27.39048,79.58006,1800,66000,chandler,0,0
gauda|india,Gauda,India,24.866667,88.133333,1800,20000,chandler,0,0
gwalior|india,Gwalior,India,26.22982,78.17337,1800,30000,chandler,0,0
hugli-chuchura|india,Hugli-Chuchura,India,22.9,88.39,1800,12000,chandler,0,0
hyderabad|india,Hyderabad,India,17.38405,78.45636,1800,175000,chandler,0,0
jaipur|india,Jaipur,India,26.91962,75.78781,1800,75000,chandler,0,0
jaunpur|india,Jaunpur,India,25.75506,82.68361,1800,16177,chandler,0,0
jodhpur|india,Jodhpur,India,26.26841,73.00594,1800,75000,chandler,0,0
kanchipuram|india,Kanchipuram,India,12.834173,79.70364,1800,35000,chandler,0,0
kumbakonam|india,Kumbakonam,India,10.96209,79.39124,1800,35000,chandler,0,0
lucknow|india,Lucknow,India,26.83928,80.92313,1800,240000,chandler,0,0
madras|india,Madras,India,13.08784,80.27847,1800,110000,chandler,1,0
madurai|india,Madurai,India,9.91735,78.11962,1800,20000,chandler,0,0
masulipatam|india,Masulipatam,India,16.18438,81.134933,1800,27000,chandler,1,0
mumbai|india,Mumbai,India,19.07283,72.88261,1800,140000,chandler,1,0
murshidabad|india,Murshidabad,India,24.1839,88.27171,1800,190000,chandler,0,0
nagapattinam|india,Nagapattinam,India,10.768802,79.839427,1800,35000,chandler,1,0
nagpur|india,Nagpur,India,21.15,79.1,1800,74000,chandler,0,0
patna|india,Patna,India,25.610533,85.14145,1800,170000,chandler,0,0
pondicherry|india,Pondicherry,India,11.91386,79.814472,1800,25000,chandler,0,0
pune|india,Pune,India,18.52043,73.856744,1800,60000,chandler,0,0
puri|india,Puri,India,19.810556,85.831389,1800,31000,chandler,1,0
quilon|india,Quilon,India,8.88,76.6,1800,20000,chandler,0,0
rajmahal|india,Rajmahal,India,25.05303,87.83048,1800,25000,chandler,0,0
somnath|india,Somnath,India,20.906002,70.384372,1800,5000,chandler,0,0
srinagar|india,Srinagar,India,34.08842,74.80298,1800,52000,chandler,0,0
srirangapatna|india,Srirangapatna,India,12.417956,76.694687,1800,31895,chandler,0,0
surat|india,Surat,India,21.19594,72.83023,1800,120000,chandler,1,0
thanjavur|india,Thanjavur,India,10.786999,79.137827,1800,30000,chandler,0,0
thiruvananthapuram|india,Thiruvananthapuram,India,8.487495,76.948623,1800,33000,chandler,1,0
tiruchirappalli|india,Tiruchirappalli,India,10.805,78.685556,1800,30000,chandler,0,0
ujjain|india,Ujjain,India,23.18239,75.77643,1800,100000,chandler,0,0
vadodara|india,Vadodara,India,22.30731,73.181098,1800,83000,chandler,0,0
varanasi|india,Varanasi,India,25.317645,82.973914,1800,178000,chandler,0,0
achin|indonesia,Achin,Indonesia,5.55,95.316667,1800,40000,chandler,1,0
jakarta|indonesia,Jakarta,Indonesia,-6.21462,106.84513,1800,53000,chandler,1,0
palembang|indonesia,Palembang,Indonesia,-2.91673,104.7458,1800,25000,chandler,0,0
surabaya|indonesia,Surabaya,Indonesia,-7.24917,112.75083,1800,24000,chandler,0,0
surakarta|indonesia,Surakarta,Indonesia,-7.55611,110.83167,1800,95000,chandler,0,0
esfahan|iran,Esfahan,Iran,32.651389,51.679192,1800,50000,chandler,0,0
mashhad|iran,Mashhad,Iran,36.3,59.6,1800,20000,chandler,0,0
qazvin|iran,Qazvin,Iran,36.26877,50.0041,1800,40000,chandler,0,0
shiraz|iran,Shiraz,Iran,29.61031,52.53114,1800,20000,chandler,0,0
tabriz|iran,Tabriz,Iran,38.08,46.2919,1800,40000,chandler,0,0
yadz|iran,Yadz,Iran,31.896611,54.360681,1800,24000,chandler,0,0
baghdad|iraq,Baghdad,Iraq,33.34058,44.40088,1800,80000,chandler,0,0
basra|iraq,Basra,Iraq,30.5,47.816667,1800,60000,chandler,0,0
cork|ireland,Cork,Ireland,51.89797,-8.47061,1800,53000,chandler,1,0
dublin|ireland,Dublin,Ireland,53.33306,-6.24889,1800,165000,chandler,1,0
limerick|ireland,Limerick,Ireland,52.6653,-8.630497,1800,29000,chandler,0,0
bologna|italy,Bologna,Italy,44.49381,11.33875,1800,66948,chandler,0,0
cremona|italy,Cremona,Italy,45.13617,10.02797,1800,21111,chandler,0,0
florence|italy,Florence,Italy,43.771033,11.248,1800,61000,chandler,0,0
genova|italy,Genova,Italy,44.40565,8.946256,1800,49000,chandler,0,0
leghorn|italy,Leghorn,Italy,43.55,10.310579,1800,52611,chandler,1,0
messina|italy,Messina,Italy,38.19327,15.54969,1800,37000,chandler,0,0
milan|italy,Milan,Italy,45.465453,9.198786,1800,122000,chandler,0,0
naples|italy,Naples,Italy,40.851775,14.268122,1800,430000,chandler,0,0
palermo|italy,Palermo,Italy,38.115689,13.361267,1800,135000,chandler,1,0
pavia|italy,Pavia,Italy,45.18446,9.16145,1800,23772,chandler,0,0
pisa|italy,Pisa,Italy,43.71553,10.39659,1800,17000,chandler,1,0
rome|italy,Rome,Italy,41.89474,12.4839,1800,142000,chandler,0,0
salerno|italy,Salerno,Italy,40.67797,14.76599,1800,23000,chandler,1,0
turin|italy,Turin,Italy,45.07049,7.68682,1800,57000,chandler,0,0
venice|italy,Venice,Italy,45.440847,12.315514,1800,146000,chandler,0,0
verona|italy,Verona,Italy,45.43419,10.99779,1800,55000,chandler,0,0
kingston|jamaica,Kingston,Jamaica,17.992731,-76.8,1800,27000,chandler,1,0
akita|japan,Akita,Japan,39.71667,140.11667,1800,39000,chandler,1,1
fukuoka|japan,Fukuoka,Japan,33.591389,130.414722,1800,40000,chandler,1,0
kagoshima|japan,Kagoshima,Japan,31.5966,130.557183,1800,67000,chandler,1,0
kochi|japan,Kochi,Japan,33.558803,133.531167,1800,36000,chandler,1,0
kyoto|japan,Kyoto,Japan,35.02107,135.75385,1800,377000,chandler,0,0
matsumae|japan,Matsumae,Japan,41.433333,140.116667,1800,35000,chandler,0,0
matsuyama|japan,Matsuyama,Japan,33.839157,132.765575,1800,23000,chandler,1,0
nagasaki|japan,Nagasaki,Japan,32.752558,129.878192,1800,30000,chandler,1,0
osaka|japan,Osaka,Japan,34.693216,135.502082,1800,383000,chandler,1,0
tokushima|japan,Tokushima,Japan,34.070269,134.554844,1800,39000,chandler,1,0
tokyo|japan,Tokyo,Japan,35.6895,139.69171,1800,685000,chandler,1,0
toyama|japan,Toyama,Japan,36.695952,137.213677,1800,26000,chandler,1,0
wakayama|japan,Wakayama,Japan,34.225986,135.167508,1800,53000,chandler,1,0
tripoli|libya,Tripoli,Libya,32.876175,13.187508,1800,20000,chandler,1,1
vilnius|lithuania,Vilnius,Lithuania,54.683333,25.283333,1800,25430,chandler,0,0
segou|mali,Segou,Mali,13.440597,-6.265319,1800,30000,chandler,0,0
guadalajara|mexico,Guadalajara,Mexico,20.673819,-103.343489,1800,31000,chandler,0,0
guanajuato|mexico,Guanajuato,Mexico,21.01858,-101.2591,1800,53000,chandler,0,0
merida|mexico,Merida,Mexico,20.979719,-89.615789,1800,28000,chandler,0,0
mexico city|mexico,Mexico City,Mexico,19.42847,-99.12766,1800,128000,chandler,0,0
puebla|mexico,Puebla,Mexico,19.0514,-98.2178,1800,65000,chandler,0,0
real de catorce|mexico,Real de Catorce,Mexico,23.689397,-100.885547,1800,20000,chandler,0,0
zacatecas|mexico,Zacatecas,Mexico,22.76843,-102.58141,1800,33000,chandler,0,0
fez|morocco,Fez,Morocco,34.033333,-5.01,1800,40000,chandler,0,0
marrakech|morocco,Marrakech,Morocco,31.63416,-7.99994,1800,30000,chandler,0,0
meknes|morocco,Meknes,Morocco,33.89352,-5.54727,1800,45000,chandler,0,0
rabat|morocco,Rabat,Morocco,34.01325,-6.83255,1800,43000,chandler,1,0
amarapura|myanmar,Amarapura,Myanmar,21.892983,96.05,1800,175000,chandler,0,0
arakan|myanmar,Arakan,Myanmar,19.810092,93.987842,1800,16000,chandler,0,1
inwa|myanmar,Inwa,Myanmar,21.857353,95.981936,1800,4000,chandler,0,0
pyay|myanmar,Pyay,Myanmar,18.82151,95.221029,1800,30000,chandler,0,0
yangon|myanmar,Yangon,Myanmar,16.80528,96.15611,1800,30000,chandler,1,0
kathmandu|nepal,Kathmandu,Nepal,27.7,85.333333,1800,25000,chandler,0,0
amsterdam|netherlands,Amsterdam,Netherlands,52.37403,4.88969,1800,195000,chandler,0,0
haarlem|netherlands,Haarlem,Netherlands,52.38084,4.63683,1800,21000,chandler,1,0
leiden|netherlands,Leiden,Netherlands,52.15833,4.49306,1800,31000,chandler,1,0
utrecht|netherlands,Utrecht,Netherlands,52.09083,5.12222,1800,27000,chandler,0,0
alkalawa|nigeria,Alkalawa,Nigeria,9.2833,8.4,1800,50000,chandler,0,0
benin|nigeria,Benin,Nigeria,6.339081,5.626483,1800,15000,chandler,0,0
kano|nigeria,Kano,Nigeria,12.00012,8.51672,1800,30000,chandler,0,0
katsina|nigeria,Katsina,Nigeria,12.98943,7.60063,1800,70000,chandler,0,0
kebbi|nigeria,Kebbi,Nigeria,11.678125,4.069544,1800,30000,chandler,0,0
nkazargamu|nigeria,Nkazargamu,Nigeria,13.047222,12.227778,1800,50000,chandler,0,0
oyo|nigeria,Oyo,Nigeria,7.85,3.93333,1800,80000,chandler,0,0
zaria|nigeria,Zaria,Nigeria,11.11128,7.7227,1800,40000,chandler,0,0
muscat|oman,Muscat,Oman,23.61387,58.5922,1800,12000,chandler,1,0
bahawalpur|pakistan,Bahawalpur,Pakistan,29.3956,71.68333,1800,25000,chandler,0,0
deri ghazi khan|pakistan,Deri Ghazi Khan,Pakistan,30.053049,70.637093,1800,31000,chandler,0,0
multan|pakistan,Multan,Pakistan,30.19556,71.47528,1800,30000,chandler,0,0
peshawar|pakistan,Peshawar,Pakistan,34.008,71.57849,1800,80000,chandler,0,0
arequipa|peru,Arequipa,Peru,-16.39889,-71.535,1800,26000,chandler,0,0
ayacucho|peru,Ayacucho,Peru,-13.1615,-74.22154,1800,25000,chandler,0,0
cuzco|peru,Cuzco,Peru,-13.525,-71.972222,1800,34000,chandler,0,0
huancavelica|peru,Huancavelica,Peru,-12.78542,-74.97501,1800,5146,chandler,0,0
lima|peru,Lima,Peru,-12.04318,-77.02824,1800,54000,chandler,1,0
manila|philippines,Manila,Philippines,14.58,121,1800,77000,chandler,1,0
gdansk|poland,Gdansk,Poland,54.352025,18.64663,1800,41072,chandler,1,0
krakow|poland,Krakow,Poland,50.06143,19.93658,1800,25000,chandler,0,0
lvov|poland,Lvov,Poland,49.839683,24.029717,1800,42000,chandler,0,0
szczecin|poland,Szczecin,Poland,53.416667,14.583333,1800,18430,chandler,0,0
warsaw|poland,Warsaw,Poland,52.22977,21.01178,1800,75000,chandler,0,0
lisbon|portugal,Lisbon,Portugal,38.71667,-9.13333,1800,237000,chandler,0,0
oporto|portugal,Oporto,Portugal,41.167972,-8.627064,1800,67000,chandler,1,0
seoul|republic of korea,Seoul,Republic of Korea,37.56826,126.97783,1800,194000,chandler,0,0
bucharest|romania,Bucharest,Romania,44.43225,26.10626,1800,35000,chandler,0,0
campulung muscel|romania,Campulung Muscel,Romania,47.5308,25.5514,1800,4000,chandler,0,0
iasi|romania,Iasi,Romania,47.16667,27.6,1800,20000,chandler,0,0
izmail|romania,Izmail,Romania,45.351667,28.836389,1800,2000,chandler,0,0
targoviste|romania,Targoviste,Romania,44.924167,25.456667,1800,5000,chandler,0,0
kazan|russian federation,Kazan,Russian Federation,55.790278,49.134722,1800,25000,chandler,0,0
kursk|russian federation,Kursk,Russian Federation,51.73733,36.18735,1800,21000,chandler,0,0
moscow|russian federation,Moscow,Russian Federation,55.75222,37.61556,1800,248000,chandler,0,0
novgorod|russian federation,Novgorod,Russian Federation,58.525569,31.274192,1800,7126,chandler,0,0
riga|russian federation,Riga,Russian Federation,56.946,24.10589,1800,29000,chandler,1,0
saint petersburg|russian federation,Saint Petersburg,Russian Federation,59.89444,30.26417,1800,220200,chandler,1,0
saratov|russian federation,Saratov,Russian Federation,51.54056,46.00861,1800,21000,chandler,0,0
tula|russian federation,Tula,Russian Federation,54.107722,37.573261,1800,41000,chandler,0,0
voronezh|russian federation,Voronezh,Russian Federation,51.67204,39.1843,1800,18000,chandler,0,0
yaroslavl|russian federation,Yaroslavl,Russian Federation,57.626072,39.884464,1800,22000,chandler,0,0
jeddah|saudi arabia,Jeddah,Saudi Arabia,21.543333,39.172778,1800,20000,chandler,1,0
mecca|saudi arabia,Mecca,Saudi Arabia,21.42667,39.82611,1800,25000,chandler,0,0
medina|saudi arabia,Medina,Saudi Arabia,24.4609,39.620189,1800,20000,chandler,0,0
belgrade|serbia,Belgrade,Serbia,44.80401,20.46513,1800,26000,chandler,0,0
prizren|serbia,Prizren,Serbia,42.21389,20.73972,1800,20000,chandler,0,0
skopje|serbia,Skopje,Serbia,41.99646,21.43141,1800,6000,chandler,0,0
almeria|spain,Almeria,Spain,36.83814,-2.45974,1800,7200,chandler,0,0
barcelona|spain,Barcelona,Spain,41.38879,2.15899,1800,113000,chandler,1,0
cadiz|spain,Cadiz,Spain,36.52978,-6.29465,1800,87000,chandler,0,0
cartagena|spain,Cartagena,Spain,37.625683,-0.996583,1800,29000,chandler,1,0
cordoba|spain,Cordoba,Spain,38.046133,-4.893564,1800,28000,chandler,0,0
granada|spain,Granada,Spain,37.177336,-3.598558,1800,53000,chandler,0,0
leon|spain,Leon,Spain,42.605556,-5.57,1800,6170,chandler,0,0
madrid|spain,Madrid,Spain,40.416775,-3.703789,1800,182000,chandler,0,0
malaga|spain,Malaga,Spain,36.721261,-4.421267,1800,49000,chandler,1,0
murcia|spain,Murcia,Spain,37.98704,-1.13004,1800,44000,chandler,0,0
palma|spain,Palma,Spain,39.56939,2.65024,1800,31000,chandler,1,0
seville|spain,Seville,Spain,37.388097,-5.982331,1800,96000,chandler,0,0
toledo|spain,Toledo,Spain,39.862831,-4.027322,1800,18000,chandler,0,0
valencia|spain,Valencia,Spain,39.469908,-0.376289,1800,60000,chandler,1,0
valladolid|spain,Valladolid,Spain,41.65518,-4.72372,1800,24000,chandler,0,0
zaragoza|spain,Zaragoza,Spain,41.648792,-0.889581,1800,55000,chandler,0,0
colombo|sri lanka,Colombo,Sri Lanka,6.9344,79.8428,1800,24000,chandler,1,0
dongola|sudan,Dongola,Sudan,19.16667,30.48333,1800,10000,chandler,0,0
stockholm|sweden,Stockholm,Sweden,59.33258,18.0649,1800,75517,chandler,1,0
visby|sweden,Visby,Sweden,57.64089,18.29602,1800,3730,chandler,1,0
aleppo|syria,Aleppo,Syria,36.216667,37.166667,1800,72000,chandler,0,0
damascus|syria,Damascus,Syria,33.5102,36.29128,1800,90000,chandler,0,0
bangkok|thailand,Bangkok,Thailand,13.75398,100.50144,1800,45000,chandler,0,0
tunis|tunisia,Tunis,Tunisia,36.818811,10.165961,1800,90000,chandler,1,1
ankara|turkey,Ankara,Turkey,39.91987,32.85427,1800,30000,chandler,0,0
bursa|turkey,Bursa,Turkey,40.19266,29.08403,1800,50000,chandler,0,0
diyarbakir|turkey,Diyarbakir,Turkey,37.914411,40.230628,1800,38000,chandler,0,0
edessa|turkey,Edessa,Turkey,37.15,38.8,1800,22000,chandler,0,0
edirne|turkey,Edirne,Turkey,41.681808,26.562269,1800,80000,chandler,0,0
erzurum|turkey,Erzurum,Turkey,39.90861,41.27694,1800,48000,chandler,0,0
gelibolu|turkey,Gelibolu,Turkey,40.333333,26.499992,1800,17000,chandler,1,0
istanbul|turkey,Istanbul,Turkey,41.005275,28.976944,1800,570000,chandler,0,0
karaman|turkey,Karaman,Turkey,37.18111,33.215,1800,20000,chandler,0,0
konya|turkey,Konya,Turkey,37.87135,32.48464,1800,30000,chandler,0,0
sivas|turkey,Sivas,Turkey,39.74833,37.01611,1800,26000,chandler,0,0
smyrna|turkey,Smyrna,Turkey,38.41273,27.13838,1800,125000,chandler,1,0
tarsus|turkey,Tarsus,Turkey,36.91876,34.8784,1800,30000,chandler,1,0
tokat|turkey,Tokat,Turkey,40.31389,36.55444,1800,28000,chandler,0,0
trabzon|turkey,Trabzon,Turkey,41.00145,39.717806,1800,25000,chandler,1,1
kiev|ukraine,Kiev,Ukraine,50.45466,30.5238,1800,19000,chandler,0,0
edinburgh|united kingdom,Edinburgh,United Kingdom,55.95206,-3.19648,1800,82000,chandler,1,0
glasgow|united kingdom,Glasgow,United Kingdom,55.86515,-4.25763,1800,84000,chandler,0,0
london|united kingdom,London,United Kingdom,51.511214,-0.119825,1800,861000,chandler,0,0
manchester|united kingdom,Manchester,United Kingdom,53.48095,-2.23743,1800,81000,chandler,0,0
newcastle upon tyne|united kingdom,Newcastle upon Tyne,United Kingdom,54.978253,-1.617781,1800,36000,chandler,0,0
norwich|united kingdom,Norwich,United Kingdom,52.62783,1.29834,1800,36000,chandler,0,0
albany|united states of america,Albany,United States of America,42.652578,-73.756233,1800,5389,chandler,0,0
boston|united states of america,Boston,United States of America,42.358431,-71.059772,1800,35248,chandler,0,0
charleston|united states of america,Charleston,United States of America,32.7833,-79.9333,1800,18844,chandler,0,0
new york|united states of america,New York,United States of America,40.714353,-74.005972,1800,63735,chandler,1,0
philadelphia|united states of america,Philadelphia,United States of America,39.95,-75.1667,1800,68200,chandler,0,0
pittsburgh|united states of america,Pittsburgh,United States of America,40.44062,-79.99589,1800,1565,chandler,0,0
st. louis|united states of america,St. Louis,United States of America,38.626978,-90.199403,1800,925,chandler,0,0
washington d.c.|united states of america,Washington D.C.,United States of America,38.914144,-77.0234,1800,8144,chandler,1,0
bukhara|uzbekistan,Bukhara,Uzbekistan,39.765869,64.422347,1800,70000,chandler,0,0
khiva|uzbekistan,Khiva,Uzbekistan,41.3784494711,60.35964994,1800,20000,chandler,0,0
kokand|uzbekistan,Kokand,Uzbekistan,40.533261,70.932342,1800,30000,chandler,0,0
tashkent|uzbekistan,Tashkent,Uzbekistan,41.26465,69.21627,1800,30000,chandler,0,0
caracas|venezuela,Caracas,Venezuela,10.48801,-66.87919,1800,30000,chandler,1,0
hanoi|vietnam,Hanoi,Vietnam,21.033333,105.85,1800,60000,chandler,0,0
hue|vietnam,Hue,Vietnam,16.46667,107.6,1800,50000,chandler,1,0
sana'a|yemen,Sana'a ,Yemen,15.35472,44.20667,1800,40000,chandler,0,0
copenhagen|denmark,Copenhagen,Denmark,55.67594,12.56553,1801,100975,chandler,1,0
angers|france,Angers,France,47.46667,-0.55,1801,29000,chandler,0,0
arles|france,Arles,France,43.6767,4.6278,1801,17187,chandler,0,0
avignon|france,Avignon,France,43.94834,4.80892,1801,19000,chandler,0,0
beziers|france,Beziers,France,43.34762,3.21899,1801,13915,chandler,1,0
bordeaux|france,Bordeaux,France,44.84044,-0.5805,1801,91000,chandler,0,0
brest|france,Brest,France,48.3908,-4.486075,1801,27000,chandler,0,0
caen|france,Caen,France,49.18585,-0.35912,1801,29000,chandler,1,0
dijon|france,Dijon,France,47.31667,5.01667,1801,21000,chandler,0,0
lyon|france,Lyon,France,45.74846,4.84671,1801,109000,chandler,0,0
marseille|france,Marseille,France,43.29695,5.38107,1801,81000,chandler,1,0
montpellier|france,Montpellier,France,43.61092,3.87723,1801,32000,chandler,1,0
narbonne|france,Narbonne,France,43.18333,3,1801,9086,chandler,0,0
nimes|france,Nimes,France,43.83333,4.35,1801,37000,chandler,0,0
paris|france,Paris,France,48.856614,2.352222,1801,547756,chandler,0,0
poitiers|france,Poitiers,France,46.58333,0.33333,1801,18223,chandler,0,0
reims|france,Reims,France,49.25,4.03333,1801,20295,chandler,0,0
toulon|france,Toulon,France,43.11667,5.93333,1801,20500,chandler,1,0
toulouse|france,Toulouse,France,43.60426,1.44367,1801,44000,chandler,0,0
tours|france,Tours,France,47.38333,0.68333,1801,22000,chandler,0,0
cologne|germany,Cologne,Germany,50.937531,6.960278,1801,41685,chandler,0,0
dresden|germany,Dresden,Germany,51.05089,13.73832,1801,61794,chandler,0,0
leipzig|germany,Leipzig,Germany,51.33962,12.37129,1801,30796,chandler,0,0
speyer|germany,Speyer,Germany,49.320478,8.436217,1801,3703,chandler,0,0
farrukhabad|india,Farrukhabad,India,27.39048,79.58006,1801,66740,chandler,0,0
pune|india,Pune,India,18.52043,73.856744,1801,60000,chandler,0,0
varanasi|india,Varanasi,India,25.317645,82.973914,1801,179000,chandler,0,0
naples|italy,Naples,Italy,40.851775,14.268122,1801,426339,chandler,0,0
port louis|mauritius,Port Louis,Mauritius,-20.16194,57.504104,1801,12000,chandler,1,0
bergen|norway,Bergen,Norway,60.391264,5.322053,1801,18080,chandler,1,0
murcia|spain,Murcia,Spain,37.98704,-1.13004,1801,44000,chandler,0,0
edinburgh|united kingdom,Edinburgh,United Kingdom,55.95206,-3.19648,1801,82560,chandler,1,0
exeter|united kingdom,Exeter,United Kingdom,50.7236,-3.52751,1801,17417,chandler,1,0
glasgow|united kingdom,Glasgow,United Kingdom,55.86515,-4.25763,1801,86630,chandler,0,0
london|united kingdom,London,United Kingdom,51.511214,-0.119825,1801,864845,chandler,0,0
manchester|united kingdom,Manchester,United Kingdom,53.48095,-2.23743,1801,84020,chandler,0,0
newcastle upon tyne|united kingdom,Newcastle upon Tyne,United Kingdom,54.978253,-1.617781,1801,36891,chandler,0,0
norwich|united kingdom,Norwich,United Kingdom,52.62783,1.29834,1801,36832,chandler,0,0
hanoi|vietnam,Hanoi,Vietnam,21.033333,105.85,1801,60000,chandler,0,0
gent|belgium,Gent,Belgium,51.053469,3.730378,1802,55161,chandler,0,0
santiago|chile,Santiago,Chile,-33.45,-70.666667,1802,21000,chandler,0,0
jingdezhen|china,Jingdezhen,China,29.268836,117.17842,1802,165000,chandler,0,0
erfurt|germany,Erfurt,Germany,50.9787,11.03283,1802,16580,chandler,0,0
konigsberg|germany,Konigsberg,Germany,54.716667,20.516667,1802,56140,chandler,0,0
magdeburg|germany,Magdeburg,Germany,52.130808,11.628878,1802,32013,chandler,0,0
mainz|germany,Mainz,Germany,49.98419,8.2791,1802,21163,chandler,0,0
regensburg|germany,Regensburg,Germany,49.015,12.09556,1802,23000,chandler,0,0
cap-haitien|haiti,Cap-Haitien,Haiti,19.756219,-72.199669,1802,10000,chandler,0,0
pondicherry|india,Pondicherry,India,11.91386,79.814472,1802,25000,chandler,0,0
dublin|ireland,Dublin,Ireland,53.33306,-6.24889,1802,167899,chandler,1,0
genova|italy,Genova,Italy,44.40565,8.946256,1802,86063,chandler,0,0
venice|italy,Venice,Italy,45.440847,12.315514,1802,146000,chandler,0,0
guanajuato|mexico,Guanajuato,Mexico,21.01858,-101.2591,1802,56000,chandler,0,0
puebla|mexico,Puebla,Mexico,19.0514,-98.2178,1802,67800,chandler,0,0
amsterdam|netherlands,Amsterdam,Netherlands,52.37403,4.88969,1802,193083,chandler,0,0
krakow|poland,Krakow,Poland,50.06143,19.93658,1802,27278,chandler,0,0
caracas|venezuela,Caracas,Venezuela,10.48801,-66.87919,1802,31234,chandler,1,0
mumbai|india,Mumbai,India,19.07283,72.88261,1803,150000,chandler,1,0
puri|india,Puri,India,19.810556,85.831389,1803,31000,chandler,1,0
tripoli|libya,Tripoli,Libya,32.876175,13.187508,1803,13500,chandler,1,1
guadalajara|mexico,Guadalajara,Mexico,20.673819,-103.343489,1803,34697,chandler,0,0
mexico city|mexico,Mexico City,Mexico,19.42847,-99.12766,1803,132000,chandler,0,0
lvov|poland,Lvov,Poland,49.839683,24.029717,1803,44655,chandler,0,0
poznan|poland,Poznan,Poland,52.40692,16.92993,1803,15992,chandler,0,0
astrakhan|russian federation,Astrakhan,Russian Federation,46.366681,48.083239,1803,14198,chandler,0,0
odessa|russian federation,Odessa,Russian Federation,46.47747,30.73262,1803,7000,chandler,1,0
new orleans|united states of america,New Orleans,United States of America,29.95465,-90.07507,1803,10000,chandler,1,0
brugge|belgium,Brugge,Belgium,51.210819,3.224936,1804,30826,chandler,1,0
metz|france,Metz,France,49.11911,6.17269,1804,34659,chandler,0,0
braunschweig|germany,Braunschweig,Germany,52.268875,10.526769,1804,31714,chandler,0,0
broach|india,Broach,India,21.724644,73.002294,1804,22468,chandler,1,0
baghdad|iraq,Baghdad,Iraq,33.34058,44.40088,1804,80000,chandler,0,0
dublin|ireland,Dublin,Ireland,53.33306,-6.24889,1804,172370,chandler,1,0
tokyo|japan,Tokyo,Japan,35.6895,139.69171,1804,685000,chandler,1,0
marrakech|morocco,Marrakech,Morocco,31.63416,-7.99994,1804,30000,chandler,0,0
riga|russian federation,Riga,Russian Federation,56.946,24.10589,1804,30219,chandler,1,0
granada|spain,Granada,Spain,37.177336,-3.598558,1804,54962,chandler,0,0
madrid|spain,Madrid,Spain,40.416775,-3.703789,1804,176374,chandler,0,0
malaga|spain,Malaga,Spain,36.721261,-4.421267,1804,52376,chandler,1,0
mariana|brazil,Mariana,Brazil,-20.37778,-43.41611,1805,6500,chandler,0,0
ouro preto|brazil,Ouro Preto,Brazil,-20.39484,-43.50517,1805,20000,chandler,0,0
salvador|brazil,Salvador,Brazil,-12.97111,-38.51083,1805,45600,chandler,0,0
guayaquil|ecuador,Guayaquil,Ecuador,-2.18194,-79.89167,1805,24000,chandler,0,0
bremen|germany,Bremen,Germany,53.07516,8.80777,1805,28000,chandler,0,0
debrecen|hungary,Debrecen,Hungary,47.53333,21.63333,1805,27563,chandler,0,0
nagpur|india,Nagpur,India,21.15,79.1,1805,80000,chandler,0,0
verona|italy,Verona,Italy,45.43419,10.99779,1805,55887,chandler,0,0
leiden|netherlands,Leiden,Netherlands,52.15833,4.49306,1805,31000,chandler,1,0
bucharest|romania,Bucharest,Romania,44.43225,26.10626,1805,42000,chandler,0,0
malaga|spain,Malaga,Spain,36.721261,-4.421267,1805,36054,chandler,1,0
tunis|tunisia,Tunis,Tunisia,36.818811,10.165961,1805,100000,chandler,1,1
buenos aires|argentina,Buenos Aires,Argentina,-34.61315,-58.37723,1806,36000,chandler,1,0
wiener neustadt|austria,Wiener Neustadt,Austria,47.8,16.25,1806,5000,chandler,0,0
rouen|france,Rouen,France,49.44313,1.09932,1806,86672,chandler,0,0
nurnberg|germany,Nurnberg,Germany,49.452031,11.07675,1806,25000,chandler,0,0
soest|germany,Soest,Germany,51.57558,8.10619,1806,5400,chandler,0,0
florence|italy,Florence,Italy,43.771033,11.248,1806,78093,chandler,0,0
augsberg|germany,Augsberg,Germany,48.371444,10.898239,1807,28534,chandler,0,0
lubeck|germany,Lubeck,Germany,53.865886,10.687097,1807,22000,chandler,0,0
mashhad|iran,Mashhad,Iran,36.3,59.6,1807,24000,chandler,0,0
qazvin|iran,Qazvin,Iran,36.26877,50.0041,1807,40000,chandler,0,0
tehran|iran,Tehran,Iran,35.69439,51.42151,1807,47500,chandler,0,0
mecca|saudi arabia,Mecca,Saudi Arabia,21.42667,39.82611,1807,17000,chandler,0,0
trabzon|turkey,Trabzon,Turkey,41.00145,39.717806,1807,25000,chandler,1,1
ghazni|afghanistan,Ghazni,Afghanistan,33.55391,68.42096,1808,9000,chandler,0,0
constantine|algeria,Constantine,Algeria,36.365,6.61472,1808,20000,chandler,0,0
algiers|algiers,Algiers,Algiers,36.7525,3.04197,1808,73000,chandler,1,0
rio de janeiro|brazil,Rio de Janeiro,Brazil,-22.90278,-43.2075,1808,60000,chandler,0,0
szeged|hungary,Szeged,Hungary,46.255,20.145,1808,25347,chandler,0,0
surat|india,Surat,India,21.19594,72.83023,1808,125000,chandler,1,0
tarsus|turkey,Tarsus,Turkey,36.91876,34.8784,1808,30000,chandler,1,0
montreal|canada,Montreal,Canada,45.50884,-73.58781,1809,16000,chandler,0,0
angers|france,Angers,France,47.46667,-0.55,1809,25442,chandler,0,0
avignon|france,Avignon,France,43.94834,4.80892,1809,21237,chandler,0,0
bordeaux|france,Bordeaux,France,44.84044,-0.5805,1809,88397,chandler,0,0
caen|france,Caen,France,49.18585,-0.35912,1809,34250,chandler,1,0
marseille|france,Marseille,France,43.29695,5.38107,1809,78445,chandler,1,0
montauban|france,Montauban,France,44.01667,1.35,1809,18891,chandler,0,0
montpellier|france,Montpellier,France,43.61092,3.87723,1809,31237,chandler,1,0
nimes|france,Nimes,France,43.83333,4.35,1809,39921,chandler,0,0
toulouse|france,Toulouse,France,43.60426,1.44367,1809,45094,chandler,0,0
lubeck|germany,Lubeck,Germany,53.865886,10.687097,1809,22631,chandler,0,0
ioannina|greece,Ioannina,Greece,39.665028,20.853747,1809,35000,chandler,0,0
tabriz|iran,Tabriz,Iran,38.08,46.2919,1809,40000,chandler,0,0
rome|italy,Rome,Italy,41.89474,12.4839,1809,134242,chandler,0,0
turin|italy,Turin,Italy,45.07049,7.68682,1809,56066,chandler,0,0
utrecht|netherlands,Utrecht,Netherlands,52.09083,5.12222,1809,27454,chandler,0,0
palma|spain,Palma,Spain,39.56939,2.65024,1809,33000,chandler,1,0
bangkok|thailand,Bangkok,Thailand,13.75398,100.50144,1809,48000,chandler,0,0
balkh|afghanistan,Balkh,Afghanistan,36.75635,66.8972,1810,6000,chandler,0,0
shkoder|albania,Shkoder,Albania,42.0743,19.527661,1810,16000,chandler,0,0
buenos aires|argentina,Buenos Aires,Argentina,-34.61315,-58.37723,1810,41643,chandler,1,0
recife|brazil,Recife,Brazil,-8.05389,-34.88111,1810,32000,chandler,0,0
veliko tarnovo|bulgaria,Veliko Tarnovo,Bulgaria,43.083333,25.65,1810,8000,chandler,0,0
suzhou|china,Suzhou,China,31.3,120.6,1810,257000,chandler,0,0
havana|cuba,Havana,Cuba,23.13302,-82.38304,1810,78000,chandler,1,0
tbilisi|georgia,Tbilisi,Georgia,41.709975,44.792989,1810,15000,chandler,0,0
budapest|hungary,Budapest,Hungary,47.49801,19.03991,1810,60259,chandler,0,0
cochin|india,Cochin,India,9.93988,76.26022,1810,12982,chandler,0,0
thatta|india,Thatta,India,24.746117,67.924336,1810,18000,chandler,0,0
varanasi|india,Varanasi,India,25.317645,82.973914,1810,168000,chandler,0,0
basra|iraq,Basra,Iraq,30.5,47.816667,1810,60000,chandler,0,0
amarapura|myanmar,Amarapura,Myanmar,21.892983,96.05,1810,170000,chandler,0,0
muscat|oman,Muscat,Oman,23.61387,58.5922,1810,36000,chandler,1,0
mansura|pakistan,Mansura,Pakistan,25.590258,68.776944,1810,14000,chandler,0,0
multan|pakistan,Multan,Pakistan,30.19556,71.47528,1810,30000,chandler,0,0
arequipa|peru,Arequipa,Peru,-16.39889,-71.535,1810,24000,chandler,0,0
oporto|portugal,Oporto,Portugal,41.167972,-8.627064,1810,70505,chandler,1,0
damascus|syria,Damascus,Syria,33.5102,36.29128,1810,100000,chandler,0,0
bursa|turkey,Bursa,Turkey,40.19266,29.08403,1810,50000,chandler,0,0
diyarbakir|turkey,Diyarbakir,Turkey,37.914411,40.230628,1810,38000,chandler,0,0
edessa|turkey,Edessa,Turkey,37.15,38.8,1810,20000,chandler,0,0
gelibolu|turkey,Gelibolu,Turkey,40.333333,26.499992,1810,15000,chandler,1,0
konya|turkey,Konya,Turkey,37.87135,32.48464,1810,30000,chandler,0,0
cincinnati|united states of america,Cincinnati,United States of America,39.162,-84.45689,1810,2540,chandler,0,0
constantine|algeria,Constantine,Algeria,36.365,6.61472,1811,30000,chandler,0,0
madras|india,Madras,India,13.08784,80.27847,1811,125000,chandler,1,0
patna|india,Patna,India,25.610533,85.14145,1811,204000,chandler,0,0
esfahan|iran,Esfahan,Iran,32.651389,51.679192,1811,60000,chandler,0,0
shiraz|iran,Shiraz,Iran,29.61031,52.53114,1811,19000,chandler,0,0
cork|ireland,Cork,Ireland,51.89797,-8.47061,1811,56904,chandler,1,0
kursk|russian federation,Kursk,Russian Federation,51.73733,36.18735,1811,23000,chandler,0,0
moscow|russian federation,Moscow,Russian Federation,55.75222,37.61556,1811,270184,chandler,0,0
saratov|russian federation,Saratov,Russian Federation,51.54056,46.00861,1811,27000,chandler,0,0
tula|russian federation,Tula,Russian Federation,54.107722,37.573261,1811,52000,chandler,0,0
tver|russian federation,Tver,Russian Federation,56.858722,35.917597,1811,18000,chandler,0,0
voronezh|russian federation,Voronezh,Russian Federation,51.67204,39.1843,1811,22000,chandler,0,0
yaroslavl|russian federation,Yaroslavl,Russian Federation,57.626072,39.884464,1811,24000,chandler,0,0
kiev|ukraine,Kiev,Ukraine,50.45466,30.5238,1811,23000,chandler,0,0
jilin|china,Jilin,China,43.896536,125.32599,1812,37781,chandler,0,0
xian|china,Xian,China,34.341485,108.940404,1812,231530,chandler,0,0
broach|india,Broach,India,21.724644,73.002294,1812,37712,chandler,1,0
chandannagar|india,Chandannagar,India,22.87,88.38,1812,41377,chandler,0,0
madurai|india,Madurai,India,9.91735,78.11962,1812,20069,chandler,0,0
gresik|indonesia,Gresik,Indonesia,-7.15389,112.65611,1812,17555,chandler,0,0
surabaya|indonesia,Surabaya,Indonesia,-7.24917,112.75083,1812,24574,chandler,0,0
kingston|jamaica,Kingston,Jamaica,17.992731,-76.8,1812,29000,chandler,1,0
smolensk|russian federation,Smolensk,Russian Federation,54.7818,32.0401,1812,11410,chandler,0,0
luoyang|china,Luoyang,China,34.669722,112.442222,1813,27000,chandler,0,0
agra|india,Agra,India,27.18333,78.01667,1813,60000,chandler,0,0
dhaka|india,Dhaka,India,23.709921,90.407143,1813,85000,chandler,0,0
jakarta|indonesia,Jakarta,Indonesia,-6.21462,106.84513,1813,49683,chandler,1,0
yadz|iran,Yadz,Iran,31.896611,54.360681,1813,24000,chandler,0,0
lima|peru,Lima,Peru,-12.04318,-77.02824,1813,56284,chandler,1,0
kayseri|turkey,Kayseri,Turkey,38.73222,35.48528,1813,25000,chandler,0,0
murshidabad|india,Murshidabad,India,24.1839,88.27171,1814,165000,chandler,0,0
manila|philippines,Manila,Philippines,14.58,121,1814,85000,chandler,1,0
odessa|russian federation,Odessa,Russian Federation,46.47747,30.73262,1814,25000,chandler,1,0
mecca|saudi arabia,Mecca,Saudi Arabia,21.42667,39.82611,1814,31000,chandler,0,0
smyrna|turkey,Smyrna,Turkey,38.41273,27.13838,1814,120000,chandler,1,0
tripolis|greece,Tripolis,Greece,37.516667,22.383333,1815,22000,chandler,0,0
lucknow|india,Lucknow,India,26.83928,80.92313,1815,300000,chandler,0,0
surakarta|indonesia,Surakarta,Indonesia,-7.55611,110.83167,1815,95078,chandler,0,0
palermo|italy,Palermo,Italy,38.115689,13.361267,1815,144000,chandler,1,0
tripoli|libya,Tripoli,Libya,32.876175,13.187508,1815,25000,chandler,1,1
izmail|romania,Izmail,Romania,45.351667,28.836389,1815,2000,chandler,0,0
istanbul|turkey,Istanbul,Turkey,41.005275,28.976944,1815,597600,chandler,0,0
kokand|uzbekistan,Kokand,Uzbekistan,40.533261,70.932342,1815,60000,chandler,0,0
nicosia|cyprus,Nicosia,Cyprus,35.16667,33.36667,1816,17000,chandler,1,0
kumasi|guinea,Kumasi,Guinea,6.68848,-1.62443,1816,40000,chandler,0,0
surat|india,Surat,India,21.19594,72.83023,1816,134487,chandler,1,0
antioch|syria/turkey,Antioch,Syria/Turkey,36.20655,36.15722,1816,10000,chandler,0,0
havana|cuba,Havana,Cuba,23.13302,-82.38304,1817,94642,chandler,1,0
ahmedabad|india,Ahmedabad,India,23.039568,72.566004,1817,80000,chandler,0,0
indore|india,Indore,India,22.71792,75.8333,1817,41000,chandler,0,0
tehran|iran,Tehran,Iran,35.69439,51.42151,1817,65000,chandler,0,0
udaipur|india,Udaipur,India,24.57127,73.691544,1818,18000,chandler,0,0
benin|nigeria,Benin,Nigeria,6.339081,5.626483,1818,60000,chandler,0,0
barcelona|spain,Barcelona,Spain,41.38879,2.15899,1818,83829,chandler,1,0
gauda|india,Gauda,India,24.866667,88.133333,1819,18000,chandler,0,0
iasi|romania,Iasi,Romania,47.16667,27.6,1819,27500,chandler,0,0
havana|cuba,Havana,Cuba,23.13302,-82.38304,1820,87000,chandler,1,0
ioannina|greece,Ioannina,Greece,39.665028,20.853747,1820,30000,chandler,0,0
calicut|india,Calicut,India,11.258753,75.78041,1820,25000,chandler,1,0
delhi|india,Delhi,India,28.65381,77.22897,1820,150000,chandler,0,0
dhar|india,Dhar,India,22.59373,75.29774,1820,20000,chandler,0,0
hyderabad|india,Hyderabad,India,17.38405,78.45636,1820,200000,chandler,0,0
indore|india,Indore,India,22.71792,75.8333,1820,63000,chandler,0,0
nagpur|india,Nagpur,India,21.15,79.1,1820,100000,chandler,0,0
srirangapatna|india,Srirangapatna,India,12.417956,76.694687,1820,10000,chandler,0,0
palembang|indonesia,Palembang,Indonesia,-2.91673,104.7458,1820,25000,chandler,0,0
kerman|iran,Kerman,Iran,30.28321,57.07879,1820,20000,chandler,0,0
ife|nigeria,Ife,Nigeria,7.470706,4.55665,1820,72000,chandler,0,0
oyo|nigeria,Oyo,Nigeria,7.85,3.93333,1820,60000,chandler,0,0
bukhara|uzbekistan,Bukhara,Uzbekistan,39.765869,64.422347,1820,70000,chandler,0,0
beijing|china,Beijing,China,39.9075,116.39723,1821,1300000,chandler,0,0
yarkand|china,Yarkand,China,38.414289,77.246006,1821,64000,chandler,0,0
hannover|germany,Hannover,Germany,52.37052,9.73322,1821,21517,chandler,0,0
calcutta|india,Calcutta,India,22.56263,88.36304,1821,179917,chandler,0,0
limerick|ireland,Limerick,Ireland,52.6653,-8.630497,1821,39000,chandler,0,0
tripoli|libya,Tripoli,Libya,32.876175,13.187508,1821,25000,chandler,1,1
cuttack|india,Cuttack,India,20.46497,85.87927,1822,40000,chandler,0,0
gwalior|india,Gwalior,India,26.22982,78.17337,1822,50000,chandler,0,0
patna|india,Patna,India,25.610533,85.14145,1822,212000,chandler,0,0
pune|india,Pune,India,18.52043,73.856744,1822,81402,chandler,0,0
mashhad|iran,Mashhad,Iran,36.3,59.6,1822,46000,chandler,0,0
nishapur|iran,Nishapur,Iran,36.213333,58.795833,1822,5000,chandler,0,0
guanajuato|mexico,Guanajuato,Mexico,21.01858,-101.2591,1822,20889,chandler,0,0
ngornu|nigeria,Ngornu,Nigeria,12.714444,13.702778,1822,30000,chandler,0,0
aleppo|syria,Aleppo,Syria,36.216667,37.166667,1822,77000,chandler,0,0
bangkok|thailand,Bangkok,Thailand,13.75398,100.50144,1822,50000,chandler,0,0
xian|china,Xian,China,34.341485,108.940404,1823,259100,chandler,0,0
madras|india,Madras,India,13.08784,80.27847,1823,160000,chandler,1,0
valencia|spain,Valencia,Spain,39.469908,-0.376289,1823,66840,chandler,1,0
masenya|chad,Masenya,Chad,11.402536,16.171328,1824,30000,chandler,0,0
yarkand|china,Yarkand,China,38.414289,77.246006,1824,55000,chandler,0,0
ahmedabad|india,Ahmedabad,India,23.039568,72.566004,1824,87000,chandler,0,0
sokoto|nigeria,Sokoto,Nigeria,13.06092,5.23902,1824,40000,chandler,0,0
prague|austria,Prague,Austria,50.08804,14.42076,1825,98000,chandler,0,0
vienna|austria,Vienna,Austria,48.20849,16.37208,1825,288000,chandler,0,0
potosi|bolivia,Potosi,Bolivia,-19.58361,-65.75306,1825,8000,chandler,0,0
rio de janeiro|brazil,Rio de Janeiro,Brazil,-22.90278,-43.2075,1825,91000,chandler,0,0
beijing|china,Beijing,China,39.9075,116.39723,1825,1350000,chandler,0,0
changsha|china,Changsha,China,28.196111,112.972222,1825,95000,chandler,0,0
chengdu|china,Chengdu,China,30.66667,104.06667,1825,150000,chandler,0,0
fuzhou|china,Fuzhou,China,26.076111,119.306389,1825,155000,chandler,0,0
guangzhou|china,Guangzhou,China,23.11667,113.25,1825,900000,chandler,0,0
hangzhou|china,Hangzhou,China,30.25,120.166667,1825,410000,chandler,1,0
jingdezhen|china,Jingdezhen,China,29.268836,117.17842,1825,167000,chandler,0,0
lanzhou|china,Lanzhou,China,36.061089,103.834304,1825,95000,chandler,0,0
suzhou|china,Suzhou,China,31.3,120.6,1825,302000,chandler,0,0
wuhan|china,Wuhan,China,30.58333,114.26667,1825,170000,chandler,0,0
xian|china,Xian,China,34.341485,108.940404,1825,259000,chandler,0,0
havana|cuba,Havana,Cuba,23.13302,-82.38304,1825,104000,chandler,1,0
copenhagen|denmark,Copenhagen,Denmark,55.67594,12.56553,1825,108000,chandler,1,0
cairo|egypt,Cairo,Egypt,30.06263,31.24967,1825,250000,chandler,0,0
lyon|france,Lyon,France,45.74846,4.84671,1825,141000,chandler,0,0
marseille|france,Marseille,France,43.29695,5.38107,1825,93000,chandler,1,0
paris|france,Paris,France,48.856614,2.352222,1825,855000,chandler,0,0
berlin|germany,Berlin,Germany,52.52437,13.41053,1825,222000,chandler,0,0
hamburg|germany,Hamburg,Germany,53.57532,10.01534,1825,130000,chandler,0,0
guatemala city|guatemala,Guatemala City,Guatemala,14.64072,-90.51327,1825,30775,chandler,0,0
kumasi|guinea,Kumasi,Guinea,6.68848,-1.62443,1825,20000,chandler,0,0
aurangabad|india,Aurangabad,India,19.876165,75.343314,1825,30000,chandler,0,0
calcutta|india,Calcutta,India,22.56263,88.36304,1825,183000,chandler,0,0
delhi|india,Delhi,India,28.65381,77.22897,1825,150000,chandler,0,0
hyderabad|india,Hyderabad,India,17.38405,78.45636,1825,214000,chandler,0,0
jaipur|india,Jaipur,India,26.91962,75.78781,1825,60000,chandler,0,0
lucknow|india,Lucknow,India,26.83928,80.92313,1825,300000,chandler,0,0
madras|india,Madras,India,13.08784,80.27847,1825,172000,chandler,1,0
mumbai|india,Mumbai,India,19.07283,72.88261,1825,162000,chandler,1,0
murshidabad|india,Murshidabad,India,24.1839,88.27171,1825,153000,chandler,0,0
nagpur|india,Nagpur,India,21.15,79.1,1825,115228,chandler,0,0
patna|india,Patna,India,25.610533,85.14145,1825,207000,chandler,0,0
surat|india,Surat,India,21.19594,72.83023,1825,138000,chandler,1,0
vadodara|india,Vadodara,India,22.30731,73.181098,1825,90000,chandler,0,0
varanasi|india,Varanasi,India,25.317645,82.973914,1825,182000,chandler,0,0
surakarta|indonesia,Surakarta,Indonesia,-7.55611,110.83167,1825,97000,chandler,0,0
shiraz|iran,Shiraz,Iran,29.61031,52.53114,1825,30000,chandler,0,0
baghdad|iraq,Baghdad,Iraq,33.34058,44.40088,1825,105000,chandler,0,0
dublin|ireland,Dublin,Ireland,53.33306,-6.24889,1825,194000,chandler,1,0
genova|italy,Genova,Italy,44.40565,8.946256,1825,95000,chandler,0,0
milan|italy,Milan,Italy,45.465453,9.198786,1825,156000,chandler,0,0
naples|italy,Naples,Italy,40.851775,14.268122,1825,350000,chandler,0,0
palermo|italy,Palermo,Italy,38.115689,13.361267,1825,154000,chandler,1,0
rome|italy,Rome,Italy,41.89474,12.4839,1825,125000,chandler,0,0
turin|italy,Turin,Italy,45.07049,7.68682,1825,90000,chandler,0,0
venice|italy,Venice,Italy,45.440847,12.315514,1825,99000,chandler,0,0
kyoto|japan,Kyoto,Japan,35.02107,135.75385,1825,350000,chandler,0,0
osaka|japan,Osaka,Japan,34.693216,135.502082,1825,350000,chandler,1,0
tokyo|japan,Tokyo,Japan,35.6895,139.69171,1825,732000,chandler,1,0
mexico city|mexico,Mexico City,Mexico,19.42847,-99.12766,1825,165000,chandler,0,0
amsterdam|netherlands,Amsterdam,Netherlands,52.37403,4.88969,1825,196000,chandler,0,0
kano|nigeria,Kano,Nigeria,12.00012,8.51672,1825,40000,chandler,0,0
zaria|nigeria,Zaria,Nigeria,11.11128,7.7227,1825,50000,chandler,0,0
manila|philippines,Manila,Philippines,14.58,121,1825,90000,chandler,1,0
warsaw|poland,Warsaw,Poland,52.22977,21.01178,1825,124000,chandler,0,0
lisbon|portugal,Lisbon,Portugal,38.71667,-9.13333,1825,258000,chandler,0,0
seoul|republic of korea,Seoul,Republic of Korea,37.56826,126.97783,1825,192000,chandler,0,0
moscow|russian federation,Moscow,Russian Federation,55.75222,37.61556,1825,257000,chandler,0,0
saint petersburg|russian federation,Saint Petersburg,Russian Federation,59.89444,30.26417,1825,438000,chandler,1,0
barcelona|spain,Barcelona,Spain,41.38879,2.15899,1825,93000,chandler,1,0
madrid|spain,Madrid,Spain,40.416775,-3.703789,1825,201344,chandler,0,0
damascus|syria,Damascus,Syria,33.5102,36.29128,1825,100000,chandler,0,0
tunis|tunisia,Tunis,Tunisia,36.818811,10.165961,1825,90000,chandler,1,1
istanbul|turkey,Istanbul,Turkey,41.005275,28.976944,1825,675000,chandler,0,0
smyrna|turkey,Smyrna,Turkey,38.41273,27.13838,1825,135000,chandler,1,0
edinburgh|united kingdom,Edinburgh,United Kingdom,55.95206,-3.19648,1825,145000,chandler,1,0
glasgow|united kingdom,Glasgow,United Kingdom,55.86515,-4.25763,1825,173000,chandler,0,0
london|united kingdom,London,United Kingdom,51.511214,-0.119825,1825,1335000,chandler,0,0
manchester|united kingdom,Manchester,United Kingdom,53.48095,-2.23743,1825,178000,chandler,0,0
new york|united states of america,New York,United States of America,40.714353,-74.005972,1825,170000,chandler,1,0
philadelphia|united states of america,Philadelphia,United States of America,39.95,-75.1667,1825,138000,chandler,0,0
kashi|china,Kashi,China,39.4704,75.989756,1826,50000,chandler,0,0
amritsar|india,Amritsar,India,31.63661,74.87476,1826,50000,chandler,0,0
mumbai|india,Mumbai,India,19.07283,72.88261,1826,162000,chandler,1,0
kagoshima|japan,Kagoshima,Japan,31.5966,130.557183,1826,72350,chandler,1,0
cuzco|peru,Cuzco,Peru,-13.525,-71.972222,1826,46123,chandler,0,0
valparaiso|chile,Valparaiso,Chile,-33.05,-71.6167,1827,17000,chandler,1,0
havana|cuba,Havana,Cuba,23.13302,-82.38304,1827,112023,chandler,1,0
cholula|mexico,Cholula,Mexico,19.06333,-98.306389,1827,6000,chandler,0,0
amarapura|myanmar,Amarapura,Myanmar,21.892983,96.05,1827,30000,chandler,0,0
oyo|nigeria,Oyo,Nigeria,7.85,3.93333,1827,60000,chandler,0,0
alexandria|egypt,Alexandria,Egypt,31.200092,29.918739,1828,12528,chandler,1,0
tombouctou|mali,Tombouctou,Mali,16.77348,-3.00742,1828,12000,chandler,0,0
mexico city|mexico,Mexico City,Mexico,19.42847,-99.12766,1828,165000,chandler,0,0
bangkok|thailand,Bangkok,Thailand,13.75398,100.50144,1828,77300,chandler,0,0
murshidabad|india,Murshidabad,India,24.1839,88.27171,1829,149717,chandler,0,0
varanasi|india,Varanasi,India,25.317645,82.973914,1829,183000,chandler,0,0
warsaw|poland,Warsaw,Poland,52.22977,21.01178,1829,140000,chandler,0,0
feodosia|russian federation,Feodosia,Russian Federation,45.048889,35.379167,1829,3700,chandler,1,0
edirne|turkey,Edirne,Turkey,41.681808,26.562269,1829,90000,chandler,0,0
erzurum|turkey,Erzurum,Turkey,39.90861,41.27694,1829,80000,chandler,0,0
herat|afghanistan,Herat,Afghanistan,34.34817,62.19967,1830,45000,chandler,0,0
santiago|chile,Santiago,Chile,-33.45,-70.666667,1830,48000,chandler,0,0
datong|china,Datong,China,40.083333,113.3,1830,35000,chandler,0,0
macao|china,Macao,China,22.1667,113.55,1830,33000,chandler,0,0
suzhou|china,Suzhou,China,31.3,120.6,1830,317000,chandler,0,0
riobamba|ecuador,Riobamba,Ecuador,-1.67083,-78.64861,1830,12000,chandler,0,0
dhaka|india,Dhaka,India,23.709921,90.407143,1830,66989,chandler,0,0
gwalior|india,Gwalior,India,26.22982,78.17337,1830,65000,chandler,0,0
patna|india,Patna,India,25.610533,85.14145,1830,198000,chandler,0,0
tiruchirappalli|india,Tiruchirappalli,India,10.805,78.685556,1830,34000,chandler,0,0
oyo|nigeria,Oyo,Nigeria,7.85,3.93333,1830,50000,chandler,0,0
muscat|oman,Muscat,Oman,23.61387,58.5922,1830,60000,chandler,1,0
mecca|saudi arabia,Mecca,Saudi Arabia,21.42667,39.82611,1830,50000,chandler,0,0
istanbul|turkey,Istanbul,Turkey,41.005275,28.976944,1830,700000,chandler,0,0
sivas|turkey,Sivas,Turkey,39.74833,37.01611,1830,26000,chandler,0,0
sofia|bulgaria,Sofia,Bulgaria,42.69751,23.32415,1831,44739,chandler,0,0
syracuse|greece,Syracuse,Greece,37.06082237,15.29420264,1831,16805,chandler,0,0
thanjavur|india,Thanjavur,India,10.786999,79.137827,1831,30000,chandler,0,0
cork|ireland,Cork,Ireland,51.89797,-8.47061,1831,84000,chandler,1,0
limerick|ireland,Limerick,Ireland,52.6653,-8.630497,1831,44100,chandler,0,0
kabul|afghanistan,Kabul,Afghanistan,34.52813,69.17233,1832,54000,chandler,0,0
kandahar|afghanistan,Kandahar,Afghanistan,31.61332,65.71013,1832,54000,chandler,0,0
xiamen|china,Xiamen,China,24.47979,118.08187,1832,70000,chandler,1,0
mashhad|iran,Mashhad,Iran,36.3,59.6,1832,40000,chandler,0,0
inwa|myanmar,Inwa,Myanmar,21.857353,95.981936,1832,125665,chandler,0,0
bucharest|romania,Bucharest,Romania,44.43225,26.10626,1832,72595,chandler,0,0
herat|afghanistan,Herat,Afghanistan,34.34817,62.19967,1833,60000,chandler,0,0
bejaia|algeria,Bejaia,Algeria,36.75,5.066667,1833,2000,chandler,1,0
srinagar|india,Srinagar,India,34.08842,74.80298,1833,40000,chandler,0,0
macao|china,Macao,China,22.1667,113.55,1834,35000,chandler,0,0
messina|italy,Messina,Italy,38.19327,15.54969,1834,52896,chandler,0,0
marrakech|morocco,Marrakech,Morocco,31.63416,-7.99994,1834,50000,chandler,0,0
rabba|nigeria,Rabba,Nigeria,9.2,5.033333,1834,38000,chandler,0,0
nizhniy novgorod|russian federation,Nizhniy Novgorod,Russian Federation,56.3269,44.0075,1834,21687,chandler,0,0
merida|spain,Merida,Spain,38.91611,-6.34366,1834,5000,chandler,0,0
samarkand|uzbekistan,Samarkand,Uzbekistan,39.6576,66.947561,1834,8000,chandler,0,0
santiago|chile,Santiago,Chile,-33.45,-70.666667,1835,67777,chandler,0,0
guangzhou|china,Guangzhou,China,23.11667,113.25,1835,900000,chandler,0,0
gondar|ethiopia,Gondar,Ethiopia,12.600003,37.466669,1835,6500,chandler,0,0
thanjavur|india,Thanjavur,India,10.786999,79.137827,1835,35000,chandler,0,0
rabat|morocco,Rabat,Morocco,34.01325,-6.83255,1835,36000,chandler,1,0
amarapura|myanmar,Amarapura,Myanmar,21.892983,96.05,1835,90000,chandler,0,0
arakan|myanmar,Arakan,Myanmar,19.810092,93.987842,1835,9000,chandler,0,1
kabul|afghanistan,Kabul,Afghanistan,34.52813,69.17233,1836,60000,chandler,0,0
bremen|germany,Bremen,Germany,53.07516,8.80777,1836,36000,chandler,0,0
chandannagar|india,Chandannagar,India,22.87,88.38,1836,31235,chandler,0,0
delhi|india,Delhi,India,28.65381,77.22897,1836,151000,chandler,0,0
amarapura|myanmar,Amarapura,Myanmar,21.892983,96.05,1836,35000,chandler,0,0
inwa|myanmar,Inwa,Myanmar,21.857353,95.981936,1836,150000,chandler,0,0
lima|peru,Lima,Peru,-12.04318,-77.02824,1836,54628,chandler,1,0
herat|afghanistan,Herat,Afghanistan,34.34817,62.19967,1837,70000,chandler,0,0
masulipatam|india,Masulipatam,India,16.18438,81.134933,1837,27884,chandler,1,0
murshidabad|india,Murshidabad,India,24.1839,88.27171,1837,124804,chandler,0,0
patna|india,Patna,India,25.610533,85.14145,1837,225000,chandler,0,0
tehran|iran,Tehran,Iran,35.69439,51.42151,1837,60000,chandler,0,0
messina|italy,Messina,Italy,38.19327,15.54969,1837,54637,chandler,0,0
verona|italy,Verona,Italy,45.43419,10.99779,1837,51615,chandler,0,0
merida|mexico,Merida,Mexico,20.979719,-89.615789,1837,28000,chandler,0,0
zacatecas|mexico,Zacatecas,Mexico,22.76843,-102.58141,1837,28000,chandler,0,0
bucharest|romania,Bucharest,Romania,44.43225,26.10626,1837,60788,chandler,0,0
sivas|turkey,Sivas,Turkey,39.74833,37.01611,1837,30000,chandler,0,0
trabzon|turkey,Trabzon,Turkey,41.00145,39.717806,1837,26500,chandler,1,1
buenos aires|argentina,Buenos Aires,Argentina,-34.61315,-58.37723,1838,65344,chandler,1,0
guangzhou|china,Guangzhou,China,23.11667,113.25,1838,850000,chandler,0,0
guayaquil|ecuador,Guayaquil,Ecuador,-2.18194,-79.89167,1838,22000,chandler,0,0
axum|ethiopia,Axum,Ethiopia,14.131781,38.714081,1838,1700,chandler,0,0
dhaka|india,Dhaka,India,23.709921,90.407143,1838,68000,chandler,0,0
pune|india,Pune,India,18.52043,73.856744,1838,75170,chandler,0,0
basra|iraq,Basra,Iraq,30.5,47.816667,1838,12000,chandler,0,0
turin|italy,Turin,Italy,45.07049,7.68682,1838,104078,chandler,0,0
nagasaki|japan,Nagasaki,Japan,32.752558,129.878192,1838,27166,chandler,1,0
debrecen|hungary,Debrecen,Hungary,47.53333,21.63333,1839,48840,chandler,0,0
marrakech|morocco,Marrakech,Morocco,31.63416,-7.99994,1839,60000,chandler,0,0
kayseri|turkey,Kayseri,Turkey,38.73222,35.48528,1839,18522,chandler,0,0
luanda|angola,Luanda,Angola,-8.838333,13.23444,1840,8000,chandler,1,0
lhasa|china,Lhasa,China,29.645563,91.140749,1840,50000,chandler,0,0
yining|china,Yining,China,43.916667,81.316667,1840,50000,chandler,0,0
munich|germany,Munich,Germany,48.136739,11.576756,1840,113329,chandler,0,0
pisa|italy,Pisa,Italy,43.71553,10.39659,1840,21670,chandler,1,0
matsumae|japan,Matsumae,Japan,41.433333,140.116667,1840,50000,chandler,0,0
fez|morocco,Fez,Morocco,34.033333,-5.01,1840,88000,chandler,0,0
pskov|russian federation,Pskov,Russian Federation,57.8136,28.3496,1840,14000,chandler,0,0
skopje|serbia,Skopje,Serbia,41.99646,21.43141,1840,15000,chandler,0,0
aleppo|syria,Aleppo,Syria,36.216667,37.166667,1840,75000,chandler,0,0
chiang mai|thailand,Chiang Mai,Thailand,18.790978,98.960775,1840,25000,chandler,0,0
gelibolu|turkey,Gelibolu,Turkey,40.333333,26.499992,1840,8500,chandler,1,0
karaman|turkey,Karaman,Turkey,37.18111,33.215,1840,20000,chandler,0,0
tarsus|turkey,Tarsus,Turkey,36.91876,34.8784,1840,8000,chandler,1,0
kokand|uzbekistan,Kokand,Uzbekistan,40.533261,70.932342,1840,80000,chandler,0,0
tashkent|uzbekistan,Tashkent,Uzbekistan,41.26465,69.21627,1840,40000,chandler,0,0
sana'a|yemen,Sana'a ,Yemen,15.35472,44.20667,1840,40000,chandler,0,0
melbourne|australia,Melbourne,Australia,-37.814,144.96332,1841,11000,chandler,1,0
mariana|brazil,Mariana,Brazil,-20.37778,-43.41611,1841,5000,chandler,0,0
dijon|france,Dijon,France,47.31667,5.01667,1841,28356,chandler,0,0
laon|france,Laon,France,49.56667,3.61667,1841,9466,chandler,0,0
narbonne|france,Narbonne,France,43.18333,3,1841,11907,chandler,0,0
diu|india,Diu,India,21.081554,76.091401,1841,9146,chandler,0,0
puri|india,Puri,India,19.810556,85.831389,1841,23766,chandler,1,0
cork|ireland,Cork,Ireland,51.89797,-8.47061,1841,80723,chandler,1,0
dublin|ireland,Dublin,Ireland,53.33306,-6.24889,1841,238819,chandler,1,0
limerick|ireland,Limerick,Ireland,52.6653,-8.630497,1841,48391,chandler,0,0
lisbon|portugal,Lisbon,Portugal,38.71667,-9.13333,1841,241500,chandler,0,0
sevastopol|russian federation,Sevastopol,Russian Federation,44.58883,33.5224,1841,41155,chandler,1,0
bakhchiserai|ukraine,Bakhchiserai,Ukraine,44.755286,33.867233,1841,11251,chandler,0,0
edinburgh|united kingdom,Edinburgh,United Kingdom,55.95206,-3.19648,1841,164363,chandler,1,0
exeter|united kingdom,Exeter,United Kingdom,50.7236,-3.52751,1841,37231,chandler,1,0
glasgow|united kingdom,Glasgow,United Kingdom,55.86515,-4.25763,1841,274366,chandler,0,0
london|united kingdom,London,United Kingdom,51.511214,-0.119825,1841,1948417,chandler,0,0
manchester|united kingdom,Manchester,United Kingdom,53.48095,-2.23743,1841,312965,chandler,0,0
newcastle upon tyne|united kingdom,Newcastle upon Tyne,United Kingdom,54.978253,-1.617781,1841,90009,chandler,0,0
norwich|united kingdom,Norwich,United Kingdom,52.62783,1.29834,1841,62294,chandler,0,0
recife|brazil,Recife,Brazil,-8.05389,-34.88111,1842,102130,chandler,0,0
bremen|germany,Bremen,Germany,53.07516,8.80777,1842,49788,chandler,0,0
tabriz|iran,Tabriz,Iran,38.08,46.2919,1842,50000,chandler,0,0
kazan|russian federation,Kazan,Russian Federation,55.790278,49.134722,1842,41304,chandler,0,0
voronezh|russian federation,Voronezh,Russian Federation,51.67204,39.1843,1842,43800,chandler,0,0
yaroslavl|russian federation,Yaroslavl,Russian Federation,57.626072,39.884464,1842,34913,chandler,0,0
berdychiv|ukraine,Berdychiv,Ukraine,49.907903,28.587936,1842,35592,chandler,0,0
bharatpur|india,Bharatpur,India,27.21731,77.49009,1843,40000,chandler,0,0
hyderabad|india,Hyderabad,India,17.38405,78.45636,1843,250000,chandler,0,0
abeokuta|nigeria,Abeokuta,Nigeria,7.15,3.35,1843,50000,chandler,0,0
seoul|republic of korea,Seoul,Republic of Korea,37.56826,126.97783,1843,190027,chandler,0,0
granada|spain,Granada,Spain,37.177336,-3.598558,1843,55000,chandler,0,0
quebec|canada,Quebec,Canada,46.81228,-71.21454,1844,35673,chandler,1,0
jakarta|indonesia,Jakarta,Indonesia,-6.21462,106.84513,1844,60850,chandler,1,0
bologna|italy,Bologna,Italy,44.49381,11.33875,1844,75000,chandler,0,0
kingston|jamaica,Kingston,Jamaica,17.992731,-76.8,1844,32943,chandler,1,0
tokyo|japan,Tokyo,Japan,35.6895,139.69171,1844,769000,chandler,1,0
prizren|serbia,Prizren,Serbia,42.21389,20.73972,1844,24950,chandler,0,0
murcia|spain,Murcia,Spain,37.98704,-1.13004,1844,55053,chandler,0,0
hue|vietnam,Hue,Vietnam,16.46667,107.6,1844,60000,chandler,1,0
herat|afghanistan,Herat,Afghanistan,34.34817,62.19967,1845,21000,chandler,0,0
kandahar|afghanistan,Kandahar,Afghanistan,31.61332,65.71013,1845,30000,chandler,0,0
beijing|china,Beijing,China,39.9075,116.39723,1845,1648000,chandler,0,0
fuzhou|china,Fuzhou,China,26.076111,119.306389,1845,170000,chandler,0,0
hannover|germany,Hannover,Germany,52.37052,9.73322,1845,42484,chandler,0,0
mainz|germany,Mainz,Germany,49.98419,8.2791,1845,39345,chandler,0,0
athens|greece,Athens,Greece,37.97945,23.71622,1845,27800,chandler,1,0
ioannina|greece,Ioannina,Greece,39.665028,20.853747,1845,25000,chandler,0,0
semarang|indonesia,Semarang,Indonesia,-6.9932,110.4203,1845,50000,chandler,1,0
surabaya|indonesia,Surabaya,Indonesia,-7.24917,112.75083,1845,50000,chandler,0,0
surakarta|indonesia,Surakarta,Indonesia,-7.55611,110.83167,1845,100000,chandler,0,0
leghorn|italy,Leghorn,Italy,43.55,10.310579,1845,80195,chandler,1,0
naples|italy,Naples,Italy,40.851775,14.268122,1845,400813,chandler,0,0
zacatecas|mexico,Zacatecas,Mexico,22.76843,-102.58141,1845,28000,chandler,0,0
kukawa|nigeria,Kukawa,Nigeria,12.916667,13.566667,1845,55000,chandler,0,0
bergen|norway,Bergen,Norway,60.391264,5.322053,1845,25611,chandler,1,0
cartagena|spain,Cartagena,Spain,37.625683,-0.996583,1845,27727,chandler,1,0
seville|spain,Seville,Spain,37.388097,-5.982331,1845,121872,chandler,0,0
toledo|spain,Toledo,Spain,39.862831,-4.027322,1845,13431,chandler,0,0
visby|sweden,Visby,Sweden,57.64089,18.29602,1845,4260,chandler,1,0
aleppo|syria,Aleppo,Syria,36.216667,37.166667,1845,80000,chandler,0,0
kiev|ukraine,Kiev,Ukraine,50.45466,30.5238,1845,50157,chandler,0,0
algiers|algiers,Algiers,Algiers,36.7525,3.04197,1846,42635,chandler,1,0
sydney|australia,Sydney,Australia,-33.86785,151.20732,1846,38358,chandler,1,0
prague|austria,Prague,Austria,50.08804,14.42076,1846,115436,chandler,0,0
fuzhou|china,Fuzhou,China,26.076111,119.306389,1846,170000,chandler,0,0
nicosia|cyprus,Nicosia,Cyprus,35.16667,33.36667,1846,11800,chandler,1,0
paris|france,Paris,France,48.856614,2.352222,1846,1270000,chandler,0,0
toulouse|france,Toulouse,France,43.60426,1.44367,1846,75000,chandler,0,0
augsberg|germany,Augsberg,Germany,48.371444,10.898239,1846,38206,chandler,0,0
nurnberg|germany,Nurnberg,Germany,49.452031,11.07675,1846,50460,chandler,0,0
agra|india,Agra,India,27.18333,78.01667,1846,76570,chandler,0,0
ahmedabad|india,Ahmedabad,India,23.039568,72.566004,1846,94390,chandler,0,0
delhi|india,Delhi,India,28.65381,77.22897,1846,160279,chandler,0,0
cremona|italy,Cremona,Italy,45.13617,10.02797,1846,28325,chandler,0,0
milan|italy,Milan,Italy,45.465453,9.198786,1846,178000,chandler,0,0
pavia|italy,Pavia,Italy,45.18446,9.16145,1846,28169,chandler,0,0
kyoto|japan,Kyoto,Japan,35.02107,135.75385,1846,337842,chandler,0,0
port louis|mauritius,Port Louis,Mauritius,-20.16194,57.504104,1846,45212,chandler,1,0
belgrade|serbia,Belgrade,Serbia,44.80401,20.46513,1846,17904,chandler,0,0
santiago|chile,Santiago,Chile,-33.45,-70.666667,1847,80000,chandler,0,0
valparaiso|chile,Valparaiso,Chile,-33.05,-71.6167,1847,40000,chandler,1,0
florence|italy,Florence,Italy,43.771033,11.248,1847,102154,chandler,0,0
saratov|russian federation,Saratov,Russian Federation,51.54056,46.00861,1847,52329,chandler,0,0
malaga|spain,Malaga,Spain,36.721261,-4.421267,1847,68577,chandler,1,0
valencia|spain,Valencia,Spain,39.469908,-0.376289,1847,98505,chandler,1,0
oruro|bolivia,Oruro,Bolivia,-17.98333,-67.15,1848,5687,chandler,0,0
bogota|columbia,Bogota,Columbia,4.598056,-74.075833,1848,53393,chandler,0,0
alexandria|egypt,Alexandria,Egypt,31.200092,29.918739,1848,134000,chandler,1,0
cairo|egypt,Cairo,Egypt,30.06263,31.24967,1848,254000,chandler,0,0
farrukhabad|india,Farrukhabad,India,27.39048,79.58006,1848,68000,chandler,0,0
kanauji|india,Kanauji,India,27.05519,79.91808,1848,16486,chandler,0,0
mathura|india,Mathura,India,27.4925,77.673611,1848,49672,chandler,0,0
baghdad|iraq,Baghdad,Iraq,33.34058,44.40088,1848,60000,chandler,0,0
genova|italy,Genova,Italy,44.40565,8.946256,1848,107000,chandler,0,0
puebla|mexico,Puebla,Mexico,19.0514,-98.2178,1848,71631,chandler,0,0
saint petersburg|russian federation,Saint Petersburg,Russian Federation,59.89444,30.26417,1848,473437,chandler,1,0
palma|spain,Palma,Spain,39.56939,2.65024,1848,40892,chandler,1,0
istanbul|turkey,Istanbul,Turkey,41.005275,28.976944,1848,778000,chandler,0,0
bremen|germany,Bremen,Germany,53.07516,8.80777,1849,53478,chandler,0,0
dresden|germany,Dresden,Germany,51.05089,13.73832,1849,94902,chandler,0,0
erfurt|germany,Erfurt,Germany,50.9787,11.03283,1849,32224,chandler,0,0
leipzig|germany,Leipzig,Germany,51.33962,12.37129,1849,62374,chandler,0,0
trier|germany,Trier,Germany,49.75565,6.63935,1849,19016,chandler,0,0
wroclaw|germany,Wroclaw,Germany,51.116667,17.033333,1849,110702,chandler,0,0
mumbai|india,Mumbai,India,19.07283,72.88261,1849,566119,chandler,1,0
palembang|indonesia,Palembang,Indonesia,-2.91673,104.7458,1849,40000,chandler,0,0
surabaya|indonesia,Surabaya,Indonesia,-7.24917,112.75083,1849,60000,chandler,0,0
trakai|lithuania,Trakai,Lithuania,54.633333,24.933333,1849,4656,chandler,0,0
amsterdam|netherlands,Amsterdam,Netherlands,52.37403,4.88969,1849,224035,chandler,0,0
leiden|netherlands,Leiden,Netherlands,52.15833,4.49306,1849,35895,chandler,1,0
utrecht|netherlands,Utrecht,Netherlands,52.09083,5.12222,1849,38000,chandler,0,0
gdansk|poland,Gdansk,Poland,54.352025,18.64663,1849,63917,chandler,1,0
lvov|poland,Lvov,Poland,49.839683,24.029717,1849,75000,chandler,0,0
poznan|poland,Poznan,Poland,52.40692,16.92993,1849,47963,chandler,0,0
szczecin|poland,Szczecin,Poland,53.416667,14.583333,1849,47202,chandler,0,0
chisinau|republic of moldova,Chisinau,Republic of Moldova,47.026858,28.84155,1849,42613,chandler,0,0
izmail|romania,Izmail,Romania,45.351667,28.836389,1849,26243,chandler,0,0
astrakhan|russian federation,Astrakhan,Russian Federation,46.366681,48.083239,1849,44798,chandler,0,0
feodosia|russian federation,Feodosia,Russian Federation,45.048889,35.379167,1849,8435,chandler,1,0
kursk|russian federation,Kursk,Russian Federation,51.73733,36.18735,1849,30469,chandler,0,0
nizhniy novgorod|russian federation,Nizhniy Novgorod,Russian Federation,56.3269,44.0075,1849,30710,chandler,0,0
tver|russian federation,Tver,Russian Federation,56.858722,35.917597,1849,14142,chandler,0,0
vladimir|russian federation,Vladimir,Russian Federation,56.13655,40.39658,1849,13405,chandler,0,0
barcelona|spain,Barcelona,Spain,41.38879,2.15899,1849,164000,chandler,1,0
cadiz|spain,Cadiz,Spain,36.52978,-6.29465,1849,85470,chandler,0,0
cordoba|spain,Cordoba,Spain,38.046133,-4.893564,1849,34000,chandler,0,0
bangkok|thailand,Bangkok,Thailand,13.75398,100.50144,1849,160154,chandler,0,0
kayseri|turkey,Kayseri,Turkey,38.73222,35.48528,1849,18413,chandler,0,0
kabul|afghanistan,Kabul,Afghanistan,34.52813,69.17233,1850,60000,chandler,0,0
shkoder|albania,Shkoder,Albania,42.0743,19.527661,1850,38000,chandler,0,0
constantine|algeria,Constantine,Algeria,36.365,6.61472,1850,28000,chandler,0,0
algiers|algiers,Algiers,Algiers,36.7525,3.04197,1850,54000,chandler,1,0
buenos aires|argentina,Buenos Aires,Argentina,-34.61315,-58.37723,1850,74000,chandler,1,0
melbourne|australia,Melbourne,Australia,-37.814,144.96332,1850,35000,chandler,1,0
sydney|australia,Sydney,Australia,-33.86785,151.20732,1850,48000,chandler,1,0
prague|austria,Prague,Austria,50.08804,14.42076,1850,117000,chandler,0,0
vienna|austria,Vienna,Austria,48.20849,16.37208,1850,426415,chandler,0,0
antwerp|belgium,Antwerp,Belgium,51.219217,4.402883,1850,103328,chandler,0,0
brugge|belgium,Brugge,Belgium,51.210819,3.224936,1850,50698,chandler,1,0
gent|belgium,Gent,Belgium,51.053469,3.730378,1850,108256,chandler,0,0
liege|belgium,Liege,Belgium,50.63373,5.56749,1850,92164,chandler,0,0
potosi|bolivia,Potosi,Bolivia,-19.58361,-65.75306,1850,23000,chandler,0,0
sarajevo|bosnia and herzegovina,Sarajevo,Bosnia and Herzegovina,43.84864,18.35644,1850,20000,chandler,0,0
recife|brazil,Recife,Brazil,-8.05389,-34.88111,1850,106000,chandler,0,0
rio de janeiro|brazil,Rio de Janeiro,Brazil,-22.90278,-43.2075,1850,166419,chandler,0,0
salvador|brazil,Salvador,Brazil,-12.97111,-38.51083,1850,100000,chandler,0,0
ohrid|bulgaria,Ohrid,Bulgaria,43.454967,23.380704,1850,7000,chandler,0,0
plovdiv|bulgaria,Plovdiv,Bulgaria,42.15,24.75,1850,35000,chandler,0,0
veliko tarnovo|bulgaria,Veliko Tarnovo,Bulgaria,43.083333,25.65,1850,15000,chandler,0,0
vidin|bulgaria,Vidin,Bulgaria,43.99,22.8725,1850,23000,chandler,0,0
charlottetown|canada,Charlottetown,Canada,46.2382,-63.1311,1850,6500,manual_override_canada_ports,0,0
halifax|canada,Halifax,Canada,44.6488,-63.5752,1850,20000,manual_override_canada_ports,0,0
montreal|canada,Montreal,Canada,45.50884,-73.58781,1850,48207,chandler,0,0
quebec|canada,Quebec,Canada,46.81228,-71.21454,1850,40000,chandler,1,0
saint john|canada,Saint John,Canada,45.2733,-66.0633,1850,22000,manual_override_canada_ports,0,0
st. john's|canada,St. John's,Canada,47.5615,-52.7126,1850,20000,manual_override_canada_ports,1,1
masenya|chad,Masenya,Chad,11.402536,16.171328,1850,20000,chandler,0,0
santiago|chile,Santiago,Chile,-33.45,-70.666667,1850,84000,chandler,0,0
valparaiso|chile,Valparaiso,Chile,-33.05,-71.6167,1850,45000,chandler,1,0
aksu|china,Aksu,China,41.12306,80.26444,1850,23000,chandler,0,0
beijing|china,Beijing,China,39.9075,116.39723,1850,1648000,chandler,0,0
changsha|china,Changsha,China,28.196111,112.972222,1850,100000,chandler,0,0
chengdu|china,Chengdu,China,30.66667,104.06667,1850,200000,chandler,0,0
chongqing|china,Chongqing,China,29.56301,106.551557,1850,83000,chandler,0,0
datong|china,Datong,China,40.083333,113.3,1850,40000,chandler,0,0
fuzhou|china,Fuzhou,China,26.076111,119.306389,1850,175000,chandler,0,0
guangzhou|china,Guangzhou,China,23.11667,113.25,1850,875000,chandler,0,0
guilin|china,Guilin,China,25.273566,110.290195,1850,43000,chandler,0,0
guiyang|china,Guiyang,China,26.647661,106.630154,1850,85000,chandler,0,0
hangzhou|china,Hangzhou,China,30.25,120.166667,1850,434000,chandler,1,0
hanzhong|china,Hanzhong,China,33.066667,107.016667,1850,65000,chandler,0,0
jilin|china,Jilin,China,43.896536,125.32599,1850,40000,chandler,0,0
jingdezhen|china,Jingdezhen,China,29.268836,117.17842,1850,170000,chandler,0,0
kaifeng|china,Kaifeng,China,34.7986,114.30742,1850,90000,chandler,0,0
kashi|china,Kashi,China,39.4704,75.989756,1850,35000,chandler,0,0
kunming|china,Kunming,China,25.03889,102.71833,1850,50000,chandler,0,0
lanzhou|china,Lanzhou,China,36.061089,103.834304,1850,100000,chandler,0,0
lhasa|china,Lhasa,China,29.645563,91.140749,1850,42000,chandler,0,0
macao|china,Macao,China,22.1667,113.55,1850,29587,chandler,0,0
nanchang|china,Nanchang,China,28.68333,115.88333,1850,75000,chandler,0,0
nanjing|china,Nanjing,China,32.05,118.766667,1850,50000,chandler,0,0
nanning|china,Nanning,China,22.81667,108.31667,1850,40000,chandler,0,0
shenyang|china,Shenyang,China,41.79222,123.43278,1850,30000,chandler,0,0
suzhou|china,Suzhou,China,31.3,120.6,1850,330000,chandler,0,0
tainan city|china,Tainan City,China,22.983333,120.18333,1850,65000,chandler,1,0
taiyuan|china,Taiyuan,China,37.87059,112.548879,1850,45000,chandler,0,0
wanxian|china,Wanxian,China,30.9,108.467,1850,45000,chandler,0,0
wenzhou|china,Wenzhou,China,27.99942,120.66682,1850,50000,chandler,1,0
wuhan|china,Wuhan,China,30.58333,114.26667,1850,185000,chandler,0,0
wuzhou|china,Wuzhou,China,23.476963,111.279115,1850,48000,chandler,0,0
xiamen|china,Xiamen,China,24.47979,118.08187,1850,70000,chandler,1,0
xian|china,Xian,China,34.341485,108.940404,1850,275000,chandler,0,0
yarkand|china,Yarkand,China,38.414289,77.246006,1850,50000,chandler,0,0
yinchuan|china,Yinchuan,China,38.4667,106.2667,1850,60000,chandler,0,0
yining|china,Yining,China,43.916667,81.316667,1850,60000,chandler,0,0
zhangye|china,Zhangye,China,38.93333,100.45,1850,45000,chandler,0,0
bogota|columbia,Bogota,Columbia,4.598056,-74.075833,1850,53000,chandler,0,0
havana|cuba,Havana,Cuba,23.13302,-82.38304,1850,131000,chandler,1,0
pyongyang|dem. people's republic of korea,Pyongyang,Dem. People's Republic of Korea,39.03385,125.75432,1850,62000,chandler,0,0
copenhagen|denmark,Copenhagen,Denmark,55.67594,12.56553,1850,135641,chandler,1,0
quito|ecuador,Quito,Ecuador,-0.22985,-78.52495,1850,36000,chandler,0,0
alexandria|egypt,Alexandria,Egypt,31.200092,29.918739,1850,138000,chandler,1,0
cairo|egypt,Cairo,Egypt,30.06263,31.24967,1850,260000,chandler,0,0
angers|france,Angers,France,47.46667,-0.55,1850,43000,chandler,0,0
avignon|france,Avignon,France,43.94834,4.80892,1850,32000,chandler,0,0
bordeaux|france,Bordeaux,France,44.84044,-0.5805,1850,142000,chandler,0,0
brest|france,Brest,France,48.3908,-4.486075,1850,70000,chandler,0,0
caen|france,Caen,France,49.18585,-0.35912,1850,43000,chandler,1,0
lyon|france,Lyon,France,45.74846,4.84671,1850,220000,chandler,0,0
marseille|france,Marseille,France,43.29695,5.38107,1850,139000,chandler,1,0
paris|france,Paris,France,48.856614,2.352222,1850,1314000,chandler,0,0
poitiers|france,Poitiers,France,46.58333,0.33333,1850,25000,chandler,0,0
reims|france,Reims,France,49.25,4.03333,1850,45000,chandler,0,0
rouen|france,Rouen,France,49.44313,1.09932,1850,104000,chandler,0,0
toulon|france,Toulon,France,43.11667,5.93333,1850,68000,chandler,1,0
tours|france,Tours,France,47.38333,0.68333,1850,33000,chandler,0,0
tbilisi|georgia,Tbilisi,Georgia,41.709975,44.792989,1850,34890,chandler,0,0
augsberg|germany,Augsberg,Germany,48.371444,10.898239,1850,35000,chandler,0,0
berlin|germany,Berlin,Germany,52.52437,13.41053,1850,446000,chandler,0,0
braunschweig|germany,Braunschweig,Germany,52.268875,10.526769,1850,40000,chandler,0,0
bremen|germany,Bremen,Germany,53.07516,8.80777,1850,54000,chandler,0,0
cologne|germany,Cologne,Germany,50.937531,6.960278,1850,95082,chandler,0,0
dresden|germany,Dresden,Germany,51.05089,13.73832,1850,97000,chandler,0,0
frankfurt am main|germany,Frankfurt am Main,Germany,50.110922,8.682128,1850,72000,chandler,0,0
hamburg|germany,Hamburg,Germany,53.57532,10.01534,1850,194000,chandler,0,0
hannover|germany,Hannover,Germany,52.37052,9.73322,1850,47000,chandler,0,0
konigsberg|germany,Konigsberg,Germany,54.716667,20.516667,1850,76122,chandler,0,0
leipzig|germany,Leipzig,Germany,51.33962,12.37129,1850,63000,chandler,0,0
lubeck|germany,Lubeck,Germany,53.865886,10.687097,1850,23000,chandler,0,0
magdeburg|germany,Magdeburg,Germany,52.130808,11.628878,1850,52055,chandler,0,0
mainz|germany,Mainz,Germany,49.98419,8.2791,1850,43000,chandler,0,0
munich|germany,Munich,Germany,48.136739,11.576756,1850,115000,chandler,0,0
nurnberg|germany,Nurnberg,Germany,49.452031,11.07675,1850,51000,chandler,0,0
regensburg|germany,Regensburg,Germany,49.015,12.09556,1850,22000,chandler,0,0
wroclaw|germany,Wroclaw,Germany,51.116667,17.033333,1850,115000,chandler,0,0
athens|greece,Athens,Greece,37.97945,23.71622,1850,30000,chandler,1,0
corinth|greece,Corinth,Greece,37.938636,22.932228,1850,15000,chandler,1,0
ioannina|greece,Ioannina,Greece,39.665028,20.853747,1850,23000,chandler,0,0
iraklion|greece,Iraklion,Greece,35.338736,25.144214,1850,18910,chandler,1,0
thessaloniki|greece,Thessaloniki,Greece,40.63935,22.944606,1850,75000,chandler,1,0
guatemala city|guatemala,Guatemala City,Guatemala,14.64072,-90.51327,1850,40000,chandler,0,0
ikoso|guinea,Ikoso,Guinea,8.666667,3.383333,1850,40000,chandler,0,0
kumasi|guinea,Kumasi,Guinea,6.68848,-1.62443,1850,25000,chandler,0,0
budapest|hungary,Budapest,Hungary,47.49801,19.03991,1850,156506,chandler,0,0
debrecen|hungary,Debrecen,Hungary,47.53333,21.63333,1850,29844,chandler,0,0
esztergom|hungary,Esztergom,Hungary,47.7928,18.74148,1850,11454,chandler,0,0
szeged|hungary,Szeged,Hungary,46.255,20.145,1850,49000,chandler,0,0
agra|india,Agra,India,27.18333,78.01667,1850,108000,chandler,0,0
ahmedabad|india,Ahmedabad,India,23.039568,72.566004,1850,96000,chandler,0,0
amritsar|india,Amritsar,India,31.63661,74.87476,1850,101000,chandler,0,0
aurangabad|india,Aurangabad,India,19.876165,75.343314,1850,30000,chandler,0,0
bharatpur|india,Bharatpur,India,27.21731,77.49009,1850,45000,chandler,0,0
broach|india,Broach,India,21.724644,73.002294,1850,31332,chandler,1,0
calcutta|india,Calcutta,India,22.56263,88.36304,1850,413182,chandler,0,0
calicut|india,Calicut,India,11.258753,75.78041,1850,38000,chandler,1,0
cuttack|india,Cuttack,India,20.46497,85.87927,1850,40000,chandler,0,0
delhi|india,Delhi,India,28.65381,77.22897,1850,156000,chandler,0,0
dhaka|india,Dhaka,India,23.709921,90.407143,1850,60617,chandler,0,0
faizabad|india,Faizabad,India,26.779386,82.142169,1850,45000,chandler,0,0
farrukhabad|india,Farrukhabad,India,27.39048,79.58006,1850,68000,chandler,0,0
gwalior|india,Gwalior,India,26.22982,78.17337,1850,71000,chandler,0,0
hyderabad|india,Hyderabad,India,17.38405,78.45636,1850,200000,chandler,0,0
indore|india,Indore,India,22.71792,75.8333,1850,60000,chandler,0,0
jaipur|india,Jaipur,India,26.91962,75.78781,1850,100000,chandler,0,0
jodhpur|india,Jodhpur,India,26.26841,73.00594,1850,50000,chandler,0,0
lucknow|india,Lucknow,India,26.83928,80.92313,1850,300000,chandler,0,0
ludhiana|india,Ludhiana,India,30.90015,75.85229,1850,50000,chandler,0,0
madras|india,Madras,India,13.08784,80.27847,1850,310000,chandler,1,0
madurai|india,Madurai,India,9.91735,78.11962,1850,41601,chandler,0,0
mathura|india,Mathura,India,27.4925,77.673611,1850,56000,chandler,0,0
mirzapur|india,Mirzapur,India,24.10287,82.564433,1850,77000,chandler,0,0
mumbai|india,Mumbai,India,19.07283,72.88261,1850,580000,chandler,1,0
murshidabad|india,Murshidabad,India,24.1839,88.27171,1850,96000,chandler,0,0
nagpur|india,Nagpur,India,21.15,79.1,1850,111000,chandler,0,0
patna|india,Patna,India,25.610533,85.14145,1850,226000,chandler,0,0
pune|india,Pune,India,18.52043,73.856744,1850,73000,chandler,0,0
puri|india,Puri,India,19.810556,85.831389,1850,29705,chandler,1,0
rajahmundry|india,Rajahmundry,India,17.00517,81.77784,1850,17500,chandler,0,0
srinagar|india,Srinagar,India,34.08842,74.80298,1850,70000,chandler,0,0
surat|india,Surat,India,21.19594,72.83023,1850,99000,chandler,1,0
thanjavur|india,Thanjavur,India,10.786999,79.137827,1850,45000,chandler,0,0
thatta|india,Thatta,India,24.746117,67.924336,1850,10000,chandler,0,0
tiruchirappalli|india,Tiruchirappalli,India,10.805,78.685556,1850,55000,chandler,0,0
vadodara|india,Vadodara,India,22.30731,73.181098,1850,100000,chandler,0,0
varanasi|india,Varanasi,India,25.317645,82.973914,1850,185000,chandler,0,0
jakarta|indonesia,Jakarta,Indonesia,-6.21462,106.84513,1850,60000,chandler,1,0
palembang|indonesia,Palembang,Indonesia,-2.91673,104.7458,1850,40000,chandler,0,0
semarang|indonesia,Semarang,Indonesia,-6.9932,110.4203,1850,40000,chandler,1,0
surabaya|indonesia,Surabaya,Indonesia,-7.24917,112.75083,1850,60000,chandler,0,0
surakarta|indonesia,Surakarta,Indonesia,-7.55611,110.83167,1850,103000,chandler,0,0
esfahan|iran,Esfahan,Iran,32.651389,51.679192,1850,67000,chandler,0,0
kerman|iran,Kerman,Iran,30.28321,57.07879,1850,30000,chandler,0,0
mashhad|iran,Mashhad,Iran,36.3,59.6,1850,45000,chandler,0,0
qazvin|iran,Qazvin,Iran,36.26877,50.0041,1850,30000,chandler,0,0
tabriz|iran,Tabriz,Iran,38.08,46.2919,1850,70000,chandler,0,0
tehran|iran,Tehran,Iran,35.69439,51.42151,1850,70000,chandler,0,0
yadz|iran,Yadz,Iran,31.896611,54.360681,1850,30000,chandler,0,0
baghdad|iraq,Baghdad,Iraq,33.34058,44.40088,1850,60000,chandler,0,0
cork|ireland,Cork,Ireland,51.89797,-8.47061,1850,89000,chandler,1,0
dublin|ireland,Dublin,Ireland,53.33306,-6.24889,1850,263000,chandler,1,0
limerick|ireland,Limerick,Ireland,52.6653,-8.630497,1850,54000,chandler,0,0
bologna|italy,Bologna,Italy,44.49381,11.33875,1850,71500,chandler,0,0
cremona|italy,Cremona,Italy,45.13617,10.02797,1850,28000,chandler,0,0
florence|italy,Florence,Italy,43.771033,11.248,1850,107000,chandler,0,0
genova|italy,Genova,Italy,44.40565,8.946256,1850,110000,chandler,0,0
leghorn|italy,Leghorn,Italy,43.55,10.310579,1850,84000,chandler,1,0
messina|italy,Messina,Italy,38.19327,15.54969,1850,66000,chandler,0,0
milan|italy,Milan,Italy,45.465453,9.198786,1850,182000,chandler,0,0
naples|italy,Naples,Italy,40.851775,14.268122,1850,413000,chandler,0,0
palermo|italy,Palermo,Italy,38.115689,13.361267,1850,170000,chandler,1,0
pavia|italy,Pavia,Italy,45.18446,9.16145,1850,27000,chandler,0,0
pisa|italy,Pisa,Italy,43.71553,10.39659,1850,23000,chandler,1,0
reggio di calabria|italy,Reggio di Calabria,Italy,38.1113,15.647292,1850,20000,chandler,0,0
rome|italy,Rome,Italy,41.89474,12.4839,1850,158000,chandler,0,0
turin|italy,Turin,Italy,45.07049,7.68682,1850,125000,chandler,0,0
venice|italy,Venice,Italy,45.440847,12.315514,1850,141000,chandler,0,0
verona|italy,Verona,Italy,45.43419,10.99779,1850,52000,chandler,0,0
kingston|jamaica,Kingston,Jamaica,17.992731,-76.8,1850,33000,chandler,1,0
kagoshima|japan,Kagoshima,Japan,31.5966,130.557183,1850,72000,chandler,1,0
kyoto|japan,Kyoto,Japan,35.02107,135.75385,1850,323000,chandler,0,0
matsumae|japan,Matsumae,Japan,41.433333,140.116667,1850,65000,chandler,0,0
osaka|japan,Osaka,Japan,34.693216,135.502082,1850,320000,chandler,1,0
tokushima|japan,Tokushima,Japan,34.070269,134.554844,1850,46000,chandler,1,0
tokyo|japan,Tokyo,Japan,35.6895,139.69171,1850,780000,chandler,1,0
wakayama|japan,Wakayama,Japan,34.225986,135.167508,1850,55000,chandler,1,0
tripoli|libya,Tripoli,Libya,32.876175,13.187508,1850,25000,chandler,1,1
vilnius|lithuania,Vilnius,Lithuania,54.683333,25.283333,1850,55916,chandler,0,0
segou|mali,Segou,Mali,13.440597,-6.265319,1850,35000,chandler,0,0
tombouctou|mali,Tombouctou,Mali,16.77348,-3.00742,1850,13000,chandler,0,0
port louis|mauritius,Port Louis,Mauritius,-20.16194,57.504104,1850,49000,chandler,1,0
guadalajara|mexico,Guadalajara,Mexico,20.673819,-103.343489,1850,63000,chandler,0,0
guanajuato|mexico,Guanajuato,Mexico,21.01858,-101.2591,1850,33000,chandler,0,0
merida|mexico,Merida,Mexico,20.979719,-89.615789,1850,25000,chandler,0,0
mexico city|mexico,Mexico City,Mexico,19.42847,-99.12766,1850,170000,chandler,0,0
puebla|mexico,Puebla,Mexico,19.0514,-98.2178,1850,70000,chandler,0,0
zacatecas|mexico,Zacatecas,Mexico,22.76843,-102.58141,1850,29000,chandler,0,0
fez|morocco,Fez,Morocco,34.033333,-5.01,1850,85000,chandler,0,0
marrakech|morocco,Marrakech,Morocco,31.63416,-7.99994,1850,50000,chandler,0,0
meknes|morocco,Meknes,Morocco,33.89352,-5.54727,1850,56000,chandler,0,0
rabat|morocco,Rabat,Morocco,34.01325,-6.83255,1850,36000,chandler,1,0
amarapura|myanmar,Amarapura,Myanmar,21.892983,96.05,1850,90000,chandler,0,0
amsterdam|netherlands,Amsterdam,Netherlands,52.37403,4.88969,1850,225000,chandler,0,0
haarlem|netherlands,Haarlem,Netherlands,52.38084,4.63683,1850,25778,chandler,1,0
utrecht|netherlands,Utrecht,Netherlands,52.09083,5.12222,1850,38000,chandler,0,0
agades|niger,Agades,Niger,16.966667,7.983333,1850,7000,chandler,0,0
abeokuta|nigeria,Abeokuta,Nigeria,7.15,3.35,1850,60000,chandler,0,0
bauchi|nigeria,Bauchi,Nigeria,10.315833,9.844167,1850,40000,chandler,0,0
benin|nigeria,Benin,Nigeria,6.339081,5.626483,1850,60000,chandler,0,0
ibadan|nigeria,Ibadan,Nigeria,7.38778,3.89639,1850,55000,chandler,0,0
ijaye|nigeria,Ijaye,Nigeria,6.684967,3.288544,1850,35000,chandler,0,0
ilade|nigeria,Ilade,Nigeria,6.5667,3.5333,1850,30000,chandler,1,0
ilorin|nigeria,Ilorin,Nigeria,8.5,4.55,1850,70000,chandler,0,0
kano|nigeria,Kano,Nigeria,12.00012,8.51672,1850,40000,chandler,0,0
katsina|nigeria,Katsina,Nigeria,12.98943,7.60063,1850,7500,chandler,0,0
kukawa|nigeria,Kukawa,Nigeria,12.916667,13.566667,1850,50000,chandler,0,0
ogbomosho|nigeria,Ogbomosho,Nigeria,8.133333,4.25,1850,45000,chandler,0,0
oyo|nigeria,Oyo,Nigeria,7.85,3.93333,1850,25000,chandler,0,0
sokoto|nigeria,Sokoto,Nigeria,13.06092,5.23902,1850,33000,chandler,0,0
zaria|nigeria,Zaria,Nigeria,11.11128,7.7227,1850,50000,chandler,0,0
bergen|norway,Bergen,Norway,60.391264,5.322053,1850,25000,chandler,1,0
muscat|oman,Muscat,Oman,23.61387,58.5922,1850,60000,chandler,1,0
lahore|pakistan,Lahore,Pakistan,31.54972,74.34361,1850,94000,chandler,0,0
mansura|pakistan,Mansura,Pakistan,25.590258,68.776944,1850,24000,chandler,0,0
multan|pakistan,Multan,Pakistan,30.19556,71.47528,1850,80000,chandler,0,0
peshawar|pakistan,Peshawar,Pakistan,34.008,71.57849,1850,53970,chandler,0,0
asuncion|paraguay,Asuncion,Paraguay,-25.30066,-57.63591,1850,44000,chandler,0,0
arequipa|peru,Arequipa,Peru,-16.39889,-71.535,1850,21000,chandler,0,0
cuzco|peru,Cuzco,Peru,-13.525,-71.972222,1850,41152,chandler,0,0
lima|peru,Lima,Peru,-12.04318,-77.02824,1850,70000,chandler,1,0
manila|philippines,Manila,Philippines,14.58,121,1850,114000,chandler,1,0
gdansk|poland,Gdansk,Poland,54.352025,18.64663,1850,64000,chandler,1,0
krakow|poland,Krakow,Poland,50.06143,19.93658,1850,42000,chandler,0,0
lvov|poland,Lvov,Poland,49.839683,24.029717,1850,71000,chandler,0,0
poznan|poland,Poznan,Poland,52.40692,16.92993,1850,46000,chandler,0,0
szczecin|poland,Szczecin,Poland,53.416667,14.583333,1850,48000,chandler,0,0
warsaw|poland,Warsaw,Poland,52.22977,21.01178,1850,163000,chandler,0,0
lisbon|portugal,Lisbon,Portugal,38.71667,-9.13333,1850,262000,chandler,0,0
oporto|portugal,Oporto,Portugal,41.167972,-8.627064,1850,99690,chandler,1,0
seoul|republic of korea,Seoul,Republic of Korea,37.56826,126.97783,1850,183000,chandler,0,0
chisinau|republic of moldova,Chisinau,Republic of Moldova,47.026858,28.84155,1850,45000,chandler,0,0
bucharest|romania,Bucharest,Romania,44.43225,26.10626,1850,95000,chandler,0,0
campulung muscel|romania,Campulung Muscel,Romania,47.5308,25.5514,1850,9000,chandler,0,0
iasi|romania,Iasi,Romania,47.16667,27.6,1850,53000,chandler,0,0
izmail|romania,Izmail,Romania,45.351667,28.836389,1850,26000,chandler,0,0
suceava|romania,Suceava,Romania,47.63333,26.25,1850,6000,chandler,0,0
targoviste|romania,Targoviste,Romania,44.924167,25.456667,1850,14000,chandler,0,0
astrakhan|russian federation,Astrakhan,Russian Federation,46.366681,48.083239,1850,44000,chandler,0,0
kazan|russian federation,Kazan,Russian Federation,55.790278,49.134722,1850,44000,chandler,0,0
kursk|russian federation,Kursk,Russian Federation,51.73733,36.18735,1850,30000,chandler,0,0
moscow|russian federation,Moscow,Russian Federation,55.75222,37.61556,1850,373800,chandler,0,0
nizhniy novgorod|russian federation,Nizhniy Novgorod,Russian Federation,56.3269,44.0075,1850,31000,chandler,0,0
odessa|russian federation,Odessa,Russian Federation,46.47747,30.73262,1850,71392,chandler,1,0
riga|russian federation,Riga,Russian Federation,56.946,24.10589,1850,61543,chandler,1,0
saint petersburg|russian federation,Saint Petersburg,Russian Federation,59.89444,30.26417,1850,502000,chandler,1,0
saratov|russian federation,Saratov,Russian Federation,51.54056,46.00861,1850,59000,chandler,0,0
sevastopol|russian federation,Sevastopol,Russian Federation,44.58883,33.5224,1850,43000,chandler,1,0
smolensk|russian federation,Smolensk,Russian Federation,54.7818,32.0401,1850,10792,chandler,0,0
sudak|russian federation,Sudak,Russian Federation,44.84924,34.97471,1850,600,chandler,0,0
tula|russian federation,Tula,Russian Federation,54.107722,37.573261,1850,54626,chandler,0,0
voronezh|russian federation,Voronezh,Russian Federation,51.67204,39.1843,1850,40000,chandler,0,0
yaroslavl|russian federation,Yaroslavl,Russian Federation,57.626072,39.884464,1850,35000,chandler,0,0
mecca|saudi arabia,Mecca,Saudi Arabia,21.42667,39.82611,1850,45000,chandler,0,0
belgrade|serbia,Belgrade,Serbia,44.80401,20.46513,1850,13485,chandler,0,0
prizren|serbia,Prizren,Serbia,42.21389,20.73972,1850,28000,chandler,0,0
almeria|spain,Almeria,Spain,36.83814,-2.45974,1850,21000,chandler,0,0
barcelona|spain,Barcelona,Spain,41.38879,2.15899,1850,167000,chandler,1,0
burgos|spain,Burgos,Spain,42.35,-3.7,1850,22000,chandler,0,0
cadiz|spain,Cadiz,Spain,36.52978,-6.29465,1850,88000,chandler,0,0
cartagena|spain,Cartagena,Spain,37.625683,-0.996583,1850,31000,chandler,1,0
cordoba|spain,Cordoba,Spain,38.046133,-4.893564,1850,34000,chandler,0,0
granada|spain,Granada,Spain,37.177336,-3.598558,1850,58000,chandler,0,0
madrid|spain,Madrid,Spain,40.416775,-3.703789,1850,216571,chandler,0,0
malaga|spain,Malaga,Spain,36.721261,-4.421267,1850,75000,chandler,1,0
medina del campo|spain,Medina del Campo,Spain,41.31239,-4.91413,1850,2700,chandler,0,0
murcia|spain,Murcia,Spain,37.98704,-1.13004,1850,42000,chandler,0,0
palma|spain,Palma,Spain,39.56939,2.65024,1850,41000,chandler,1,0
seville|spain,Seville,Spain,37.388097,-5.982331,1850,117000,chandler,0,0
valencia|spain,Valencia,Spain,39.469908,-0.376289,1850,100000,chandler,1,0
valladolid|spain,Valladolid,Spain,41.65518,-4.72372,1850,40000,chandler,0,0
zaragoza|spain,Zaragoza,Spain,41.648792,-0.889581,1850,60745,chandler,0,0
sennar|sudan,Sennar,Sudan,13.567469,33.567203,1850,7000,chandler,0,0
stockholm|sweden,Stockholm,Sweden,59.33258,18.0649,1850,93070,chandler,1,0
aleppo|syria,Aleppo,Syria,36.216667,37.166667,1850,90000,chandler,0,0
damascus|syria,Damascus,Syria,33.5102,36.29128,1850,108599,chandler,0,0
zanzibar|tanzania,Zanzibar,Tanzania,-6.16394,39.19793,1850,60000,chandler,1,0
bangkok|thailand,Bangkok,Thailand,13.75398,100.50144,1850,158000,chandler,0,0
tunis|tunisia,Tunis,Tunisia,36.818811,10.165961,1850,90000,chandler,1,1
bursa|turkey,Bursa,Turkey,40.19266,29.08403,1850,73000,chandler,0,0
diyarbakir|turkey,Diyarbakir,Turkey,37.914411,40.230628,1850,27000,chandler,0,0
edessa|turkey,Edessa,Turkey,37.15,38.8,1850,33000,chandler,0,0
edirne|turkey,Edirne,Turkey,41.681808,26.562269,1850,85000,chandler,0,0
erzurum|turkey,Erzurum,Turkey,39.90861,41.27694,1850,47000,chandler,0,0
istanbul|turkey,Istanbul,Turkey,41.005275,28.976944,1850,785000,chandler,0,0
konya|turkey,Konya,Turkey,37.87135,32.48464,1850,33000,chandler,0,0
sivas|turkey,Sivas,Turkey,39.74833,37.01611,1850,31000,chandler,0,0
smyrna|turkey,Smyrna,Turkey,38.41273,27.13838,1850,150000,chandler,1,0
tarsus|turkey,Tarsus,Turkey,36.91876,34.8784,1850,30000,chandler,1,0
trabzon|turkey,Trabzon,Turkey,41.00145,39.717806,1850,28000,chandler,1,1
berdychiv|ukraine,Berdychiv,Ukraine,49.907903,28.587936,1850,43000,chandler,0,0
kherson|ukraine,Kherson,Ukraine,46.635417,32.616867,1850,24338,chandler,1,0
kiev|ukraine,Kiev,Ukraine,50.45466,30.5238,1850,52000,chandler,0,0
edinburgh|united kingdom,Edinburgh,United Kingdom,55.95206,-3.19648,1850,191000,chandler,1,0
exeter|united kingdom,Exeter,United Kingdom,50.7236,-3.52751,1850,40000,chandler,1,0
glasgow|united kingdom,Glasgow,United Kingdom,55.86515,-4.25763,1850,345000,chandler,0,0
london|united kingdom,London,United Kingdom,51.511214,-0.119825,1850,2320000,chandler,0,0
manchester|united kingdom,Manchester,United Kingdom,53.48095,-2.23743,1850,404000,chandler,0,0
newcastle upon tyne|united kingdom,Newcastle upon Tyne,United Kingdom,54.978253,-1.617781,1850,110000,chandler,0,0
norwich|united kingdom,Norwich,United Kingdom,52.62783,1.29834,1850,67000,chandler,0,0
albany|united states of america,Albany,United States of America,42.652578,-73.756233,1850,55708,chandler,0,0
baltimore|united states of america,Baltimore,United States of America,39.29038,-76.61219,1850,169054,chandler,1,0
boston|united states of america,Boston,United States of America,42.358431,-71.059772,1850,209000,chandler,0,0
buffalo|united states of america,Buffalo,United States of America,42.9047,-78.8494,1850,42261,chandler,1,0
charleston|united states of america,Charleston,United States of America,32.7833,-79.9333,1850,42985,chandler,0,0
cincinnati|united states of america,Cincinnati,United States of America,39.162,-84.45689,1850,130828,chandler,0,0
louisville|united states of america,Louisville,United States of America,38.252563,-85.758367,1850,45316,chandler,0,0
new orleans|united states of america,New Orleans,United States of America,29.95465,-90.07507,1850,132035,chandler,1,0
new york|united states of america,New York,United States of America,40.714353,-74.005972,1850,645845,chandler,1,0
philadelphia|united states of america,Philadelphia,United States of America,39.95,-75.1667,1850,426221,chandler,0,0
pittsburgh|united states of america,Pittsburgh,United States of America,40.44062,-79.99589,1850,69744,chandler,0,0
st. louis|united states of america,St. Louis,United States of America,38.626978,-90.199403,1850,77860,chandler,0,0
washington d.c.|united states of america,Washington D.C.,United States of America,38.914144,-77.0234,1850,48367,chandler,1,0
bukhara|uzbekistan,Bukhara,Uzbekistan,39.765869,64.422347,1850,70000,chandler,0,0
kokand|uzbekistan,Kokand,Uzbekistan,40.533261,70.932342,1850,80000,chandler,0,0
tashkent|uzbekistan,Tashkent,Uzbekistan,41.26465,69.21627,1850,50000,chandler,0,0
caracas|venezuela,Caracas,Venezuela,10.48801,-66.87919,1850,43000,chandler,1,0
hanoi|vietnam,Hanoi,Vietnam,21.033333,105.85,1850,75000,chandler,0,0
ho chi minh|vietnam,Ho Chi Minh,Vietnam,10.823099,106.628767,1850,50000,chandler,0,0
sana'a|yemen,Sana'a ,Yemen,15.35472,44.20667,1850,40000,chandler,0,0
constantine|algeria,Constantine,Algeria,36.365,6.61472,1851,28711,chandler,0,0
algiers|algiers,Algiers,Algiers,36.7525,3.04197,1851,57081,chandler,1,0
melbourne|australia,Melbourne,Australia,-37.814,144.96332,1851,39000,chandler,1,0
sydney|australia,Sydney,Australia,-33.86785,151.20732,1851,51000,chandler,1,0
prague|austria,Prague,Austria,50.08804,14.42076,1851,118405,chandler,0,0
wiener neustadt|austria,Wiener Neustadt,Austria,47.8,16.25,1851,14544,chandler,0,0
bandar seri begawan|brunei,Bandar Seri Begawan,Brunei,4.890283,114.942217,1851,14000,chandler,1,1
jingdezhen|china,Jingdezhen,China,29.268836,117.17842,1851,170000,chandler,0,0
guayaquil|ecuador,Guayaquil,Ecuador,-2.18194,-79.89167,1851,25000,chandler,0,0
angers|france,Angers,France,47.46667,-0.55,1851,43000,chandler,0,0
arles|france,Arles,France,43.6767,4.6278,1851,23208,chandler,0,0
avignon|france,Avignon,France,43.94834,4.80892,1851,32000,chandler,0,0
beziers|france,Beziers,France,43.34762,3.21899,1851,17376,chandler,1,0
bordeaux|france,Bordeaux,France,44.84044,-0.5805,1851,143827,chandler,0,0
caen|france,Caen,France,49.18585,-0.35912,1851,43000,chandler,1,0
dijon|france,Dijon,France,47.31667,5.01667,1851,32253,chandler,0,0
metz|france,Metz,France,49.11911,6.17269,1851,57713,chandler,0,0
montauban|france,Montauban,France,44.01667,1.35,1851,18000,chandler,0,0
montpellier|france,Montpellier,France,43.61092,3.87723,1851,43000,chandler,1,0
nimes|france,Nimes,France,43.83333,4.35,1851,53619,chandler,0,0
paris|france,Paris,France,48.856614,2.352222,1851,1325000,chandler,0,0
poitiers|france,Poitiers,France,46.58333,0.33333,1851,25308,chandler,0,0
reims|france,Reims,France,49.25,4.03333,1851,45754,chandler,0,0
rouen|france,Rouen,France,49.44313,1.09932,1851,105225,chandler,0,0
toulon|france,Toulon,France,43.11667,5.93333,1851,69474,chandler,1,0
toulouse|france,Toulouse,France,43.60426,1.44367,1851,75000,chandler,0,0
tours|france,Tours,France,47.38333,0.68333,1851,33530,chandler,0,0
hamburg|germany,Hamburg,Germany,53.57532,10.01534,1851,197000,chandler,0,0
lubeck|germany,Lubeck,Germany,53.865886,10.687097,1851,23000,chandler,0,0
wroclaw|germany,Wroclaw,Germany,51.116667,17.033333,1851,121052,chandler,0,0
athens|greece,Athens,Greece,37.97945,23.71622,1851,31125,chandler,1,0
szeged|hungary,Szeged,Hungary,46.255,20.145,1851,50244,chandler,0,0
szekesfehervar|hungary,Szekesfehervar,Hungary,47.18995,18.41034,1851,14971,chandler,0,0
ahmedabad|india,Ahmedabad,India,23.039568,72.566004,1851,97048,chandler,0,0
pondicherry|india,Pondicherry,India,11.91386,79.814472,1851,32670,chandler,0,0
pune|india,Pune,India,18.52043,73.856744,1851,73209,chandler,0,0
surat|india,Surat,India,21.19594,72.83023,1851,99000,chandler,1,0
cork|ireland,Cork,Ireland,51.89797,-8.47061,1851,90022,chandler,1,0
dublin|ireland,Dublin,Ireland,53.33306,-6.24889,1851,265896,chandler,1,0
limerick|ireland,Limerick,Ireland,52.6653,-8.630497,1851,55268,chandler,0,0
cremona|italy,Cremona,Italy,45.13617,10.02797,1851,28328,chandler,0,0
leghorn|italy,Leghorn,Italy,43.55,10.310579,1851,84907,chandler,1,0
milan|italy,Milan,Italy,45.465453,9.198786,1851,183000,chandler,0,0
naples|italy,Naples,Italy,40.851775,14.268122,1851,416475,chandler,0,0
port louis|mauritius,Port Louis,Mauritius,-20.16194,57.504104,1851,49909,chandler,1,0
abeokuta|nigeria,Abeokuta,Nigeria,7.15,3.35,1851,60000,chandler,0,0
lvov|poland,Lvov,Poland,49.839683,24.029717,1851,68000,chandler,0,0
warsaw|poland,Warsaw,Poland,52.22977,21.01178,1851,164115,chandler,0,0
kazan|russian federation,Kazan,Russian Federation,55.790278,49.134722,1851,45049,chandler,0,0
saratov|russian federation,Saratov,Russian Federation,51.54056,46.00861,1851,61610,chandler,0,0
yaroslavl|russian federation,Yaroslavl,Russian Federation,57.626072,39.884464,1851,35096,chandler,0,0
bakhchiserai|ukraine,Bakhchiserai,Ukraine,44.755286,33.867233,1851,12800,chandler,0,0
edinburgh|united kingdom,Edinburgh,United Kingdom,55.95206,-3.19648,1851,193930,chandler,1,0
exeter|united kingdom,Exeter,United Kingdom,50.7236,-3.52751,1851,40609,chandler,1,0
glasgow|united kingdom,Glasgow,United Kingdom,55.86515,-4.25763,1851,353981,chandler,0,0
london|united kingdom,London,United Kingdom,51.511214,-0.119825,1851,2362236,chandler,0,0
manchester|united kingdom,Manchester,United Kingdom,53.48095,-2.23743,1851,414870,chandler,0,0
newcastle upon tyne|united kingdom,Newcastle upon Tyne,United Kingdom,54.978253,-1.617781,1851,113352,chandler,0,0
norwich|united kingdom,Norwich,United Kingdom,52.62783,1.29834,1851,68195,chandler,0,0
buenos aires|argentina,Buenos Aires,Argentina,-34.61315,-58.37723,1852,76000,chandler,1,0
vidin|bulgaria,Vidin,Bulgaria,43.99,22.8725,1852,23000,chandler,0,0
quebec|canada,Quebec,Canada,46.81228,-71.21454,1852,42052,chandler,1,0
masenya|chad,Masenya,Chad,11.402536,16.171328,1852,20000,chandler,0,0
lyon|france,Lyon,France,45.74846,4.84671,1852,220000,chandler,0,0
marseille|france,Marseille,France,43.29695,5.38107,1852,141577,chandler,1,0
augsberg|germany,Augsberg,Germany,48.371444,10.898239,1852,34211,chandler,0,0
braunschweig|germany,Braunschweig,Germany,52.268875,10.526769,1852,40000,chandler,0,0
dresden|germany,Dresden,Germany,51.05089,13.73832,1852,104198,chandler,0,0
erfurt|germany,Erfurt,Germany,50.9787,11.03283,1852,32940,chandler,0,0
frankfurt am main|germany,Frankfurt am Main,Germany,50.110922,8.682128,1852,74111,chandler,0,0
hannover|germany,Hannover,Germany,52.37052,9.73322,1852,49909,chandler,0,0
leipzig|germany,Leipzig,Germany,51.33962,12.37129,1852,66682,chandler,0,0
mainz|germany,Mainz,Germany,49.98419,8.2791,1852,44741,chandler,0,0
munich|germany,Munich,Germany,48.136739,11.576756,1852,127385,chandler,0,0
nurnberg|germany,Nurnberg,Germany,49.452031,11.07675,1852,53398,chandler,0,0
regensburg|germany,Regensburg,Germany,49.015,12.09556,1852,22285,chandler,0,0
trier|germany,Trier,Germany,49.75565,6.63935,1852,19762,chandler,0,0
agra|india,Agra,India,27.18333,78.01667,1852,125262,chandler,0,0
bijapur|india,Bijapur,India,16.82442,75.71537,1852,11000,chandler,0,0
diu|india,Diu,India,21.081554,76.091401,1852,10765,chandler,0,0
baghdad|iraq,Baghdad,Iraq,33.34058,44.40088,1852,60000,chandler,0,0
florence|italy,Florence,Italy,43.771033,11.248,1852,110714,chandler,0,0
turin|italy,Turin,Italy,45.07049,7.68682,1852,130000,chandler,0,0
verona|italy,Verona,Italy,45.43419,10.99779,1852,52052,chandler,0,0
kyoto|japan,Kyoto,Japan,35.02107,135.75385,1852,316784,chandler,0,0
ayacucho|peru,Ayacucho,Peru,-13.1615,-74.22154,1852,16700,chandler,0,0
huancavelica|peru,Huancavelica,Peru,-12.78542,-74.97501,1852,5200,chandler,0,0
gdansk|poland,Gdansk,Poland,54.352025,18.64663,1852,67016,chandler,1,0
poznan|poland,Poznan,Poland,52.40692,16.92993,1852,44039,chandler,0,0
szczecin|poland,Szczecin,Poland,53.416667,14.583333,1852,52252,chandler,0,0
saint petersburg|russian federation,Saint Petersburg,Russian Federation,59.89444,30.26417,1852,532241,chandler,1,0
cartagena|spain,Cartagena,Spain,37.625683,-0.996583,1852,33593,chandler,1,0
bursa|turkey,Bursa,Turkey,40.19266,29.08403,1852,73000,chandler,0,0
changsha|china,Changsha,China,28.196111,112.972222,1853,102000,chandler,0,0
shanghai|china,Shanghai,China,31.22222,121.45806,1853,225000,chandler,0,0
havana|cuba,Havana,Cuba,23.13302,-82.38304,1853,134215,chandler,1,0
bareilly|india,Bareilly,India,28.34702,79.42193,1853,111332,chandler,0,0
delhi|india,Delhi,India,28.65381,77.22897,1853,152406,chandler,0,0
jaunpur|india,Jaunpur,India,25.75506,82.68361,1853,27160,chandler,0,0
mathura|india,Mathura,India,27.4925,77.673611,1853,65749,chandler,0,0
meerut|india,Meerut,India,28.97155,77.71934,1853,82035,chandler,0,0
mirzapur|india,Mirzapur,India,24.10287,82.564433,1853,79526,chandler,0,0
thana|india,Thana,India,19.218331,72.97809,1853,14000,chandler,1,0
varanasi|india,Varanasi,India,25.317645,82.973914,1853,185984,chandler,0,0
shiraz|iran,Shiraz,Iran,29.61031,52.53114,1853,10000,chandler,0,0
nagasaki|japan,Nagasaki,Japan,32.752558,129.878192,1853,27343,chandler,1,0
utrecht|netherlands,Utrecht,Netherlands,52.09083,5.12222,1853,39000,chandler,0,0
ibadan|nigeria,Ibadan,Nigeria,7.38778,3.89639,1853,60000,chandler,0,0
ilorin|nigeria,Ilorin,Nigeria,8.5,4.55,1853,70000,chandler,0,0
ogbomosho|nigeria,Ogbomosho,Nigeria,8.133333,4.25,1853,45000,chandler,0,0
peshawar|pakistan,Peshawar,Pakistan,34.008,71.57849,1853,53295,chandler,0,0
sevastopol|russian federation,Sevastopol,Russian Federation,44.58883,33.5224,1853,45000,chandler,1,0
mecca|saudi arabia,Mecca,Saudi Arabia,21.42667,39.82611,1853,50000,chandler,0,0
medina|saudi arabia,Medina,Saudi Arabia,24.4609,39.620189,1853,17000,chandler,0,0
melbourne|australia,Melbourne,Australia,-37.814,144.96332,1854,71188,chandler,1,0
potosi|bolivia,Potosi,Bolivia,-19.58361,-65.75306,1854,25600,chandler,0,0
valparaiso|chile,Valparaiso,Chile,-33.05,-71.6167,1854,52413,chandler,1,0
lhasa|china,Lhasa,China,29.645563,91.140749,1854,42000,chandler,0,0
nagpur|india,Nagpur,India,21.15,79.1,1854,111231,chandler,0,0
basra|iraq,Basra,Iraq,30.5,47.816667,1854,5000,chandler,0,0
messina|italy,Messina,Italy,38.19327,15.54969,1854,70307,chandler,0,0
salerno|italy,Salerno,Italy,40.67797,14.76599,1854,11500,chandler,1,0
tokyo|japan,Tokyo,Japan,35.6895,139.69171,1854,788000,chandler,1,0
benin|nigeria,Benin,Nigeria,6.339081,5.626483,1854,60000,chandler,0,0
multan|pakistan,Multan,Pakistan,30.19556,71.47528,1854,80966,chandler,0,0
gondar|ethiopia,Gondar,Ethiopia,12.600003,37.466669,1855,14000,chandler,0,0
bremen|germany,Bremen,Germany,53.07516,8.80777,1855,67000,chandler,0,0
speyer|germany,Speyer,Germany,49.320478,8.436217,1855,11749,chandler,0,0
worms|germany,Worms,Germany,49.63278,8.35916,1855,10325,chandler,0,0
amritsar|india,Amritsar,India,31.63661,74.87476,1855,112186,chandler,0,0
ludhiana|india,Ludhiana,India,30.90015,75.85229,1855,47191,chandler,0,0
genova|italy,Genova,Italy,44.40565,8.946256,1855,120000,chandler,0,0
pisa|italy,Pisa,Italy,43.71553,10.39659,1855,23755,chandler,1,0
ijaye|nigeria,Ijaye,Nigeria,6.684967,3.288544,1855,35000,chandler,0,0
bergen|norway,Bergen,Norway,60.391264,5.322053,1855,25797,chandler,1,0
lahore|pakistan,Lahore,Pakistan,31.54972,74.34361,1855,94143,chandler,0,0
arequipa|peru,Arequipa,Peru,-16.39889,-71.535,1855,21700,chandler,0,0
lisbon|portugal,Lisbon,Portugal,38.71667,-9.13333,1855,275286,chandler,0,0
ayutthaya|thailand,Ayutthaya,Thailand,14.35,100.55,1855,30000,chandler,0,0
chandannagar|india,Chandannagar,India,22.87,88.38,1856,30694,chandler,0,0
jerusalem|israel,Jerusalem,Israel,31.76904,35.21633,1856,18000,chandler,0,0
mexico city|mexico,Mexico City,Mexico,19.42847,-99.12766,1856,185000,chandler,0,0
ibadan|nigeria,Ibadan,Nigeria,7.38778,3.89639,1856,70000,chandler,0,0
ilorin|nigeria,Ilorin,Nigeria,8.5,4.55,1856,70000,chandler,0,0
oyo|nigeria,Oyo,Nigeria,7.85,3.93333,1856,25000,chandler,0,0
lima|peru,Lima,Peru,-12.04318,-77.02824,1856,85116,chandler,1,0
chisinau|republic of moldova,Chisinau,Republic of Moldova,47.026858,28.84155,1856,63469,chandler,0,0
voronezh|russian federation,Voronezh,Russian Federation,51.67204,39.1843,1856,37664,chandler,0,0
aleppo|syria,Aleppo,Syria,36.216667,37.166667,1856,99383,chandler,0,0
antioch|syria/turkey,Antioch,Syria/Turkey,36.20655,36.15722,1856,21396,chandler,0,0
diyarbakir|turkey,Diyarbakir,Turkey,37.914411,40.230628,1856,27424,chandler,0,0
berdychiv|ukraine,Berdychiv,Ukraine,49.907903,28.587936,1856,50281,chandler,0,0
kiev|ukraine,Kiev,Ukraine,50.45466,30.5238,1856,55590,chandler,0,0
sana'a|yemen,Sana'a ,Yemen,15.35472,44.20667,1856,40000,chandler,0,0
quito|ecuador,Quito,Ecuador,-0.22985,-78.52495,1857,36075,chandler,0,0
pavia|italy,Pavia,Italy,45.18446,9.16145,1857,25006,chandler,0,0
guanajuato|mexico,Guanajuato,Mexico,21.01858,-101.2591,1857,48000,chandler,0,0
merida|mexico,Merida,Mexico,20.979719,-89.615789,1857,23575,chandler,0,0
puebla|mexico,Puebla,Mexico,19.0514,-98.2178,1857,65000,chandler,0,0
zacatecas|mexico,Zacatecas,Mexico,22.76843,-102.58141,1857,30083,chandler,0,0
asuncion|paraguay,Asuncion,Paraguay,-25.30066,-57.63591,1857,48000,chandler,0,0
almeria|spain,Almeria,Spain,36.83814,-2.45974,1857,23018,chandler,0,0
barcelona|spain,Barcelona,Spain,41.38879,2.15899,1857,195772,chandler,1,0
burgos|spain,Burgos,Spain,42.35,-3.7,1857,24329,chandler,0,0
cadiz|spain,Cadiz,Spain,36.52978,-6.29465,1857,115773,chandler,0,0
cordoba|spain,Cordoba,Spain,38.046133,-4.893564,1857,31000,chandler,0,0
granada|spain,Granada,Spain,37.177336,-3.598558,1857,63113,chandler,0,0
malaga|spain,Malaga,Spain,36.721261,-4.421267,1857,92611,chandler,1,0
murcia|spain,Murcia,Spain,37.98704,-1.13004,1857,26888,chandler,0,0
palma|spain,Palma,Spain,39.56939,2.65024,1857,42910,chandler,1,0
seville|spain,Seville,Spain,37.388097,-5.982331,1857,112139,chandler,0,0
valencia|spain,Valencia,Spain,39.469908,-0.376289,1857,106435,chandler,1,0
valladolid|spain,Valladolid,Spain,41.65518,-4.72372,1857,41913,chandler,0,0
syracuse|greece,Syracuse,Greece,37.06082237,15.29420264,1858,19590,chandler,0,0
jakarta|indonesia,Jakarta,Indonesia,-6.21462,106.84513,1858,60000,chandler,1,0
palembang|indonesia,Palembang,Indonesia,-2.91673,104.7458,1858,40000,chandler,0,0
semarang|indonesia,Semarang,Indonesia,-6.9932,110.4203,1858,30000,chandler,1,0
nizhniy novgorod|russian federation,Nizhniy Novgorod,Russian Federation,56.3269,44.0075,1858,36354,chandler,0,0
skopje|serbia,Skopje,Serbia,41.99646,21.43141,1858,20800,chandler,0,0
tlemcen|algeria,Tlemcen,Algeria,34.87833,-1.315,1859,19067,chandler,0,0
shanghai|china,Shanghai,China,31.22222,121.45806,1859,300000,chandler,0,0
amsterdam|netherlands,Amsterdam,Netherlands,52.37403,4.88969,1859,243755,chandler,0,0
prizren|serbia,Prizren,Serbia,42.21389,20.73972,1859,32000,chandler,0,0
skopje|serbia,Skopje,Serbia,41.99646,21.43141,1859,27000,chandler,0,0
edirne|turkey,Edirne,Turkey,41.681808,26.562269,1859,80000,chandler,0,0
tarsus|turkey,Tarsus,Turkey,36.91876,34.8784,1859,30000,chandler,1,0
trabzon|turkey,Trabzon,Turkey,41.00145,39.717806,1859,30000,chandler,1,1
ho chi minh|vietnam,Ho Chi Minh,Vietnam,10.823099,106.628767,1859,50000,chandler,0,0
mashhad|iran,Mashhad,Iran,36.3,59.6,1860,50000,chandler,0,0
tehran|iran,Tehran,Iran,35.69439,51.42151,1860,85000,chandler,0,0
ogbomosho|nigeria,Ogbomosho,Nigeria,8.133333,4.25,1860,50000,chandler,0,0
bucharest|romania,Bucharest,Romania,44.43225,26.10626,1860,121734,chandler,0,0
astrakhan|russian federation,Astrakhan,Russian Federation,46.366681,48.083239,1860,44587,chandler,0,0
leon|spain,Leon,Spain,42.605556,-5.57,1860,9866,chandler,0,0
tunis|tunisia,Tunis,Tunisia,36.818811,10.165961,1860,90000,chandler,1,1
abomey-calavi|benin,Abomey-Calavi,Benin,7.18286,1.99119,1861,20000,chandler,0,0
beijing|china,Beijing,China,39.9075,116.39723,1861,1310000,chandler,0,0
nurnberg|germany,Nurnberg,Germany,49.452031,11.07675,1861,58081,chandler,0,0
liaoyang|china,Liaoyang,China,41.266667,123.183333,1862,30000,chandler,0,0
alexandria|egypt,Alexandria,Egypt,31.200092,29.918739,1862,164400,chandler,1,0
guangzhou|china,Guangzhou,China,23.11667,113.25,1863,850000,chandler,0,0
suzhou|china,Suzhou,China,31.3,120.6,1863,330000,chandler,0,0
madras|india,Madras,India,13.08784,80.27847,1863,427771,chandler,1,0
yinchuan|china,Yinchuan,China,38.4667,106.2667,1864,60000,chandler,0,0
mumbai|india,Mumbai,India,19.07283,72.88261,1864,816562,chandler,1,0
matsumae|japan,Matsumae,Japan,41.433333,140.116667,1864,65000,chandler,0,0
marrakech|morocco,Marrakech,Morocco,31.63416,-7.99994,1864,45000,chandler,0,0
santiago|chile,Santiago,Chile,-33.45,-70.666667,1865,115377,chandler,0,0
shanghai|china,Shanghai,China,31.22222,121.45806,1865,146232,chandler,0,0
guatemala city|guatemala,Guatemala City,Guatemala,14.64072,-90.51327,1865,45000,chandler,0,0
kerman|iran,Kerman,Iran,30.28321,57.07879,1865,35000,chandler,0,0
segou|mali,Segou,Mali,13.440597,-6.265319,1865,36000,chandler,0,0
coimbra|portugal,Coimbra,Portugal,40.20564,-8.41955,1865,18147,chandler,0,0
burhanpur|india,Burhanpur,India,21.30898,76.22996,1866,34137,chandler,0,0
dhaka|india,Dhaka,India,23.709921,90.407143,1867,51536,chandler,0,0
luang prabang|lao people's democratic republic,Luang Prabang,Lao People's Democratic Republic,19.884111,102.141633,1867,15000,chandler,0,0
tunis|tunisia,Tunis,Tunisia,36.818811,10.165961,1867,100000,chandler,1,1
yining|china,Yining,China,43.916667,81.316667,1868,70000,chandler,0,0
qazvin|iran,Qazvin,Iran,36.26877,50.0041,1868,25000,chandler,0,0
tashkent|uzbekistan,Tashkent,Uzbekistan,41.26465,69.21627,1868,77000,chandler,0,0
cuttack|india,Cuttack,India,20.46497,85.87927,1869,46436,chandler,0,0
lucknow|india,Lucknow,India,26.83928,80.92313,1869,284779,chandler,0,0
esfahan|iran,Esfahan,Iran,32.651389,51.679192,1869,76000,chandler,0,0
nishapur|iran,Nishapur,Iran,36.213333,58.795833,1869,8000,chandler,0,0
qum|iran,Qum,Iran,34.64,50.876389,1869,22578,chandler,0,0
tabriz|iran,Tabriz,Iran,38.08,46.2919,1869,110000,chandler,0,0
yadz|iran,Yadz,Iran,31.896611,54.360681,1869,40000,chandler,0,0
kaifeng|china,Kaifeng,China,34.7986,114.30742,1870,100000,chandler,0,0
nanchang|china,Nanchang,China,28.68333,115.88333,1870,90000,chandler,0,0
jaipur|india,Jaipur,India,26.91962,75.78781,1870,137847,chandler,0,0
luang prabang|lao people's democratic republic,Luang Prabang,Lao People's Democratic Republic,19.884111,102.141633,1870,20000,chandler,0,0
manila|philippines,Manila,Philippines,14.58,121,1870,129582,chandler,1,0
zanzibar|tanzania,Zanzibar,Tanzania,-6.16394,39.19793,1870,70000,chandler,1,0
samarkand|uzbekistan,Samarkand,Uzbekistan,39.6576,66.947561,1870,30000,chandler,0,0
sofia|bulgaria,Sofia,Bulgaria,42.69751,23.32415,1871,19000,chandler,0,0
tainan city|china,Tainan City,China,22.983333,120.18333,1871,70000,chandler,1,0
calicut|india,Calicut,India,11.258753,75.78041,1871,48338,chandler,1,0
chittoor|india,Chittoor,India,13.217176,79.100329,1871,5572,chandler,0,0
cochin|india,Cochin,India,9.93988,76.26022,1871,13588,chandler,0,0
indore|india,Indore,India,22.71792,75.8333,1871,92330,chandler,0,0
kanchipuram|india,Kanchipuram,India,12.834173,79.70364,1871,35396,chandler,0,0
nagapattinam|india,Nagapattinam,India,10.768802,79.839427,1871,48525,chandler,1,0
srinagar|india,Srinagar,India,34.08842,74.80298,1871,127400,chandler,0,0
srirangapatna|india,Srirangapatna,India,12.417956,76.694687,1871,10594,chandler,0,0
thanjavur|india,Thanjavur,India,10.786999,79.137827,1871,52175,chandler,0,0
tiruchirappalli|india,Tiruchirappalli,India,10.805,78.685556,1871,76000,chandler,0,0
kingston|jamaica,Kingston,Jamaica,17.992731,-76.8,1871,34314,chandler,1,0
kukawa|nigeria,Kukawa,Nigeria,12.916667,13.566667,1871,42000,chandler,0,0
recife|brazil,Recife,Brazil,-8.05389,-34.88111,1872,116671,chandler,0,0
salvador|brazil,Salvador,Brazil,-12.97111,-38.51083,1872,129109,chandler,0,0
ningbo|china,Ningbo,China,29.866667,121.55,1872,160000,chandler,0,0
cairo|egypt,Cairo,Egypt,30.06263,31.24967,1872,349883,chandler,0,0
toulouse|france,Toulouse,France,43.60426,1.44367,1872,100582,chandler,0,0
ahmedabad|india,Ahmedabad,India,23.039568,72.566004,1872,116873,chandler,0,0
cambay|india,Cambay,India,22.313114,72.619408,1872,33709,chandler,1,0
cuttack|india,Cuttack,India,20.46497,85.87927,1872,50878,chandler,0,0
faizabad|india,Faizabad,India,26.779386,82.142169,1872,45300,chandler,0,0
gauda|india,Gauda,India,24.866667,88.133333,1872,11492,chandler,0,0
hugli-chuchura|india,Hugli-Chuchura,India,22.9,88.39,1872,34761,chandler,0,0
kalinjar|india,Kalinjar,India,25.011586,80.472977,1872,4019,chandler,0,0
murshidabad|india,Murshidabad,India,24.1839,88.27171,1872,46182,chandler,0,0
nadiya|india,Nadiya,India,23.501389,73.960963,1872,8863,chandler,0,0
patna|india,Patna,India,25.610533,85.14145,1872,230000,chandler,0,0
rajahmundry|india,Rajahmundry,India,17.00517,81.77784,1872,19738,chandler,0,0
udaipur|india,Udaipur,India,24.57127,73.691544,1872,27708,chandler,0,0
vadodara|india,Vadodara,India,22.30731,73.181098,1872,106000,chandler,0,0
varanasi|india,Varanasi,India,25.317645,82.973914,1872,175188,chandler,0,0
toungoo|myanmar,Toungoo,Myanmar,18.933333,96.433333,1872,10732,chandler,0,0
mansura|pakistan,Mansura,Pakistan,25.590258,68.776944,1872,41150,chandler,0,0
dali|china,Dali,China,25.606486,100.267638,1873,50000,chandler,0,0
kunming|china,Kunming,China,25.03889,102.71833,1873,50000,chandler,0,0
fukuoka|japan,Fukuoka,Japan,33.591389,130.414722,1873,42000,chandler,1,0
kagoshima|japan,Kagoshima,Japan,31.5966,130.557183,1873,24900,chandler,1,0
matsumae|japan,Matsumae,Japan,41.433333,140.116667,1873,16300,chandler,0,0
tokushima|japan,Tokushima,Japan,34.070269,134.554844,1873,48900,chandler,1,0
wakayama|japan,Wakayama,Japan,34.225986,135.167508,1873,62000,chandler,1,0
yamaguchi|japan,Yamaguchi,Japan,34.185956,131.47065,1873,11600,chandler,1,1
edessa|turkey,Edessa,Turkey,37.15,38.8,1873,40000,chandler,0,0
edirne|turkey,Edirne,Turkey,41.681808,26.562269,1873,62000,chandler,0,0
aksu|china,Aksu,China,41.12306,80.26444,1874,24000,chandler,0,0
fuzhou|china,Fuzhou,China,26.076111,119.306389,1874,230000,chandler,0,0
kashi|china,Kashi,China,39.4704,75.989756,1874,35000,chandler,0,0
yarkand|china,Yarkand,China,38.414289,77.246006,1874,40000,chandler,0,0
ioannina|greece,Ioannina,Greece,39.665028,20.853747,1874,16230,chandler,0,0
buenos aires|argentina,Buenos Aires,Argentina,-34.61315,-58.37723,1875,213000,chandler,1,0
melbourne|australia,Melbourne,Australia,-37.814,144.96332,1875,222000,chandler,1,0
prague|austria,Prague,Austria,50.08804,14.42076,1875,240000,chandler,0,0
vienna|austria,Vienna,Austria,48.20849,16.37208,1875,1020000,chandler,0,0
rio de janeiro|brazil,Rio de Janeiro,Brazil,-22.90278,-43.2075,1875,274000,chandler,0,0
beijing|china,Beijing,China,39.9075,116.39723,1875,900000,chandler,0,0
chengdu|china,Chengdu,China,30.66667,104.06667,1875,240000,chandler,0,0
fuzhou|china,Fuzhou,China,26.076111,119.306389,1875,230000,chandler,0,0
guangzhou|china,Guangzhou,China,23.11667,113.25,1875,670000,chandler,0,0
hangzhou|china,Hangzhou,China,30.25,120.166667,1875,200000,chandler,1,0
shanghai|china,Shanghai,China,31.22222,121.45806,1875,255000,chandler,0,0
wuhan|china,Wuhan,China,30.58333,114.26667,1875,200000,chandler,0,0
xian|china,Xian,China,34.341485,108.940404,1875,251000,chandler,0,0
havana|cuba,Havana,Cuba,23.13302,-82.38304,1875,225000,chandler,1,0
copenhagen|denmark,Copenhagen,Denmark,55.67594,12.56553,1875,241000,chandler,1,0
alexandria|egypt,Alexandria,Egypt,31.200092,29.918739,1875,212000,chandler,1,0
cairo|egypt,Cairo,Egypt,30.06263,31.24967,1875,355000,chandler,0,0
bordeaux|france,Bordeaux,France,44.84044,-0.5805,1875,228000,chandler,0,0
lyon|france,Lyon,France,45.74846,4.84671,1875,356000,chandler,0,0
marseille|france,Marseille,France,43.29695,5.38107,1875,224000,chandler,1,0
paris|france,Paris,France,48.856614,2.352222,1875,2250000,chandler,0,0
berlin|germany,Berlin,Germany,52.52437,13.41053,1875,1045000,chandler,0,0
dresden|germany,Dresden,Germany,51.05089,13.73832,1875,197000,chandler,0,0
hamburg|germany,Hamburg,Germany,53.57532,10.01534,1875,348000,chandler,0,0
leipzig|germany,Leipzig,Germany,51.33962,12.37129,1875,209000,chandler,0,0
munich|germany,Munich,Germany,48.136739,11.576756,1875,198000,chandler,0,0
wroclaw|germany,Wroclaw,Germany,51.116667,17.033333,1875,239000,chandler,0,0
budapest|hungary,Budapest,Hungary,47.49801,19.03991,1875,325000,chandler,0,0
calcutta|india,Calcutta,India,22.56263,88.36304,1875,680000,chandler,0,0
hyderabad|india,Hyderabad,India,17.38405,78.45636,1875,350000,chandler,0,0
lucknow|india,Lucknow,India,26.83928,80.92313,1875,276000,chandler,0,0
madras|india,Madras,India,13.08784,80.27847,1875,400000,chandler,1,0
mumbai|india,Mumbai,India,19.07283,72.88261,1875,718000,chandler,1,0
quilon|india,Quilon,India,8.88,76.6,1875,14366,chandler,0,0
dublin|ireland,Dublin,Ireland,53.33306,-6.24889,1875,333000,chandler,1,0
milan|italy,Milan,Italy,45.465453,9.198786,1875,267000,chandler,0,0
naples|italy,Naples,Italy,40.851775,14.268122,1875,450000,chandler,0,0
rome|italy,Rome,Italy,41.89474,12.4839,1875,252000,chandler,0,0
turin|italy,Turin,Italy,45.07049,7.68682,1875,192000,chandler,0,0
osaka|japan,Osaka,Japan,34.693216,135.502082,1875,320000,chandler,1,0
tokyo|japan,Tokyo,Japan,35.6895,139.69171,1875,780621,chandler,1,0
mexico city|mexico,Mexico City,Mexico,19.42847,-99.12766,1875,250000,chandler,0,0
mandalay|myanmar,Mandalay,Myanmar,21.97473,96.08359,1875,200000,chandler,0,0
amsterdam|netherlands,Amsterdam,Netherlands,52.37403,4.88969,1875,289000,chandler,0,0
warsaw|poland,Warsaw,Poland,52.22977,21.01178,1875,311000,chandler,0,0
lisbon|portugal,Lisbon,Portugal,38.71667,-9.13333,1875,243000,chandler,0,0
seoul|republic of korea,Seoul,Republic of Korea,37.56826,126.97783,1875,196000,chandler,0,0
moscow|russian federation,Moscow,Russian Federation,55.75222,37.61556,1875,600000,chandler,0,0
saint petersburg|russian federation,Saint Petersburg,Russian Federation,59.89444,30.26417,1875,764000,chandler,1,0
barcelona|spain,Barcelona,Spain,41.38879,2.15899,1875,240000,chandler,1,0
madrid|spain,Madrid,Spain,40.416775,-3.703789,1875,373000,chandler,0,0
bangkok|thailand,Bangkok,Thailand,13.75398,100.50144,1875,200000,chandler,0,0
istanbul|turkey,Istanbul,Turkey,41.005275,28.976944,1875,873000,chandler,0,0
edinburgh|united kingdom,Edinburgh,United Kingdom,55.95206,-3.19648,1875,273000,chandler,1,0
glasgow|united kingdom,Glasgow,United Kingdom,55.86515,-4.25763,1875,635000,chandler,0,0
london|united kingdom,London,United Kingdom,51.511214,-0.119825,1875,4241000,chandler,0,0
manchester|united kingdom,Manchester,United Kingdom,53.48095,-2.23743,1875,590000,chandler,0,0
baltimore|united states of america,Baltimore,United States of America,39.29038,-76.61219,1875,299000,chandler,1,0
boston|united states of america,Boston,United States of America,42.358431,-71.059772,1875,486000,chandler,0,0
chicago|united states of america,Chicago,United States of America,41.85003,-87.65005,1875,405000,chandler,1,0
cincinnati|united states of america,Cincinnati,United States of America,39.162,-84.45689,1875,280000,chandler,0,0
new orleans|united states of america,New Orleans,United States of America,29.95465,-90.07507,1875,210000,chandler,1,0
new york|united states of america,New York,United States of America,40.714353,-74.005972,1875,1900000,chandler,1,0
philadelphia|united states of america,Philadelphia,United States of America,39.95,-75.1667,1875,791000,chandler,0,0
pittsburgh|united states of america,Pittsburgh,United States of America,40.44062,-79.99589,1875,205000,chandler,0,0
san francisco|united states of america,San Francisco,United States of America,37.77493,-122.419416,1875,214000,chandler,1,0
st. louis|united states of america,St. Louis,United States of America,38.626978,-90.199403,1875,338000,chandler,0,0
goa|india,Goa,India,15.299333,74.124,1876,14134,chandler,0,0
nara city|japan,Nara City,Japan,34.685333,135.832742,1877,22746,chandler,0,0
arakan|myanmar,Arakan,Myanmar,19.810092,93.987842,1877,2068,chandler,0,1
nis|serbia,Nis,Serbia,43.319381,21.896328,1877,12817,chandler,0,0
nanjing|china,Nanjing,China,32.05,118.766667,1878,130000,chandler,0,0
nanning|china,Nanning,China,22.81667,108.31667,1878,40000,chandler,0,0
kerman|iran,Kerman,Iran,30.28321,57.07879,1878,41170,chandler,0,0
pegu|myanmar,Pegu,Myanmar,17.333333,96.483333,1878,4337,chandler,0,0
kabul|afghanistan,Kabul,Afghanistan,34.52813,69.17233,1879,50000,chandler,0,0
sarajevo|bosnia and herzegovina,Sarajevo,Bosnia and Herzegovina,43.84864,18.35644,1879,21377,chandler,0,0
fuzhou|china,Fuzhou,China,26.076111,119.306389,1879,240000,chandler,0,0
urumqi|china,Urumqi,China,43.825644,87.616822,1879,20000,chandler,0,0
xiamen|china,Xiamen,China,24.47979,118.08187,1879,88000,chandler,1,0
luanda|angola,Luanda,Angola,-8.838333,13.23444,1880,14000,chandler,1,0
dali|china,Dali,China,25.606486,100.267638,1880,23000,chandler,0,0
hanzhong|china,Hanzhong,China,33.066667,107.016667,1880,80000,chandler,0,0
musumba|democratic republic of the congo,Musumba,Democratic Republic of the Congo,-8.559167,22.6825,1880,30000,chandler,0,0
guayaquil|ecuador,Guayaquil,Ecuador,-2.18194,-79.89167,1880,36000,chandler,0,0
guatemala city|guatemala,Guatemala City,Guatemala,14.64072,-90.51327,1880,59039,chandler,0,0
ikoso|guinea,Ikoso,Guinea,8.666667,3.383333,1880,40000,chandler,0,0
jakarta|indonesia,Jakarta,Indonesia,-6.21462,106.84513,1880,96957,chandler,1,0
surakarta|indonesia,Surakarta,Indonesia,-7.55611,110.83167,1880,124041,chandler,0,0
ngornu|nigeria,Ngornu,Nigeria,12.714444,13.702778,1880,20000,chandler,0,0
shenyang|china,Shenyang,China,41.79222,123.43278,1881,30000,chandler,0,0
bogota|columbia,Bogota,Columbia,4.598056,-74.075833,1881,84723,chandler,0,0
nicosia|cyprus,Nicosia,Cyprus,35.16667,33.36667,1881,14940,chandler,1,0
pyongyang|dem. people's republic of korea,Pyongyang,Dem. People's Republic of Korea,39.03385,125.75432,1881,75938,chandler,0,0
aurangabad|india,Aurangabad,India,19.876165,75.343314,1881,30219,chandler,0,0
bharatpur|india,Bharatpur,India,27.21731,77.49009,1881,66163,chandler,0,0
bhimavaram|india,Bhimavaram,India,16.54541,81.531578,1881,9730,chandler,1,0
gulbarga|india,Gulbarga,India,17.33764,76.83787,1881,22384,chandler,0,0
gwalior|india,Gwalior,India,26.22982,78.17337,1881,88066,chandler,0,0
hyderabad|india,Hyderabad,India,17.38405,78.45636,1881,367417,chandler,0,0
jodhpur|india,Jodhpur,India,26.26841,73.00594,1881,63329,chandler,0,0
thanjavur|india,Thanjavur,India,10.786999,79.137827,1881,54745,chandler,0,0
ujjain|india,Ujjain,India,23.18239,75.77643,1881,32932,chandler,0,0
vijayawada|india,Vijayawada,India,16.506174,80.648015,1881,9336,chandler,0,0
tabriz|iran,Tabriz,Iran,38.08,46.2919,1881,165000,chandler,0,0
seoul|republic of korea,Seoul,Republic of Korea,37.56826,126.97783,1881,199127,chandler,0,0
ho chi minh|vietnam,Ho Chi Minh,Vietnam,10.823099,106.628767,1881,53273,chandler,0,0
wenzhou|china,Wenzhou,China,27.99942,120.66682,1882,57000,chandler,1,0
semarang|indonesia,Semarang,Indonesia,-6.9932,110.4203,1882,65000,chandler,1,0
surabaya|indonesia,Surabaya,Indonesia,-7.24917,112.75083,1882,121047,chandler,0,0
esfahan|iran,Esfahan,Iran,32.651389,51.679192,1882,73654,chandler,0,0
srinagar|india,Srinagar,India,34.08842,74.80298,1883,153460,chandler,0,0
ho chi minh|vietnam,Ho Chi Minh,Vietnam,10.823099,106.628767,1883,53273,chandler,0,0
kaesong|dem. people's republic of korea,Kaesong,Dem. People's Republic of Korea,37.97083,126.55444,1884,29870,chandler,1,0
shiraz|iran,Shiraz,Iran,29.61031,52.53114,1884,53607,chandler,0,0
kush|egypt,Kush,Egypt,18.53,31.84,1885,10282,chandler,0,0
marrakech|morocco,Marrakech,Morocco,31.63416,-7.99994,1885,55000,chandler,0,0
istanbul|turkey,Istanbul,Turkey,41.005275,28.976944,1885,873565,chandler,0,0
kokand|uzbekistan,Kokand,Uzbekistan,40.533261,70.932342,1885,54043,chandler,0,0
la paz|bolivia,La Paz,Bolivia,-16.5,-68.15,1886,56800,chandler,0,0
achin|indonesia,Achin,Indonesia,5.55,95.316667,1886,30000,chandler,1,0
sana'a|yemen,Sana'a ,Yemen,15.35472,44.20667,1887,25000,chandler,0,0
yadz|iran,Yadz,Iran,31.896611,54.360681,1888,50000,chandler,0,0
ouro preto|brazil,Ouro Preto,Brazil,-20.39484,-43.50517,1890,17860,chandler,0,0
chongqing|china,Chongqing,China,29.56301,106.551557,1890,109000,chandler,0,0
taiyuan|china,Taiyuan,China,37.87059,112.548879,1890,50000,chandler,0,0
tianjin|china,Tianjin,China,39.14222,117.17667,1890,569445,chandler,0,0
khovd|mongolia,Khovd,Mongolia,48.004167,91.640556,1890,6000,chandler,0,0
ankara|turkey,Ankara,Turkey,39.91987,32.85427,1890,27825,chandler,0,0
hyderabad|india,Hyderabad,India,17.38405,78.45636,1891,415039,chandler,0,0
amarapura|myanmar,Amarapura,Myanmar,21.892983,96.05,1891,11004,chandler,0,0
hanoi|vietnam,Hanoi,Vietnam,21.033333,105.85,1891,51000,chandler,0,0
bursa|turkey,Bursa,Turkey,40.19266,29.08403,1892,76303,chandler,0,0
karaman|turkey,Karaman,Turkey,37.18111,33.215,1892,7500,chandler,0,0
kayseri|turkey,Kayseri,Turkey,38.73222,35.48528,1892,71000,chandler,0,0
jakarta|indonesia,Jakarta,Indonesia,-6.21462,106.84513,1893,110000,chandler,1,0
hue|vietnam,Hue,Vietnam,16.46667,107.6,1894,50325,chandler,1,0
sarajevo|bosnia and herzegovina,Sarajevo,Bosnia and Herzegovina,43.84864,18.35644,1895,41543,chandler,0,0
ougadougou|burkina faso,Ougadougou,Burkina Faso,12.364636,-1.533864,1895,5000,chandler,0,0
guangzhou|china,Guangzhou,China,23.11667,113.25,1895,550000,chandler,0,0
wenzhou|china,Wenzhou,China,27.99942,120.66682,1895,80000,chandler,1,0
tunis|tunisia,Tunis,Tunisia,36.818811,10.165961,1895,153000,chandler,1,1
xiamen|china,Xiamen,China,24.47979,118.08187,1897,96370,chandler,1,0
bukhara|uzbekistan,Bukhara,Uzbekistan,39.765869,64.422347,1897,68000,chandler,0,0
kabul|afghanistan,Kabul,Afghanistan,34.52813,69.17233,1900,70000,chandler,0,0
kandahar|afghanistan,Kandahar,Afghanistan,31.61332,65.71013,1900,31000,chandler,0,0
shkoder|albania,Shkoder,Albania,42.0743,19.527661,1900,32000,chandler,0,0
constantine|algeria,Constantine,Algeria,36.365,6.61472,1900,52000,chandler,0,0
oran|algeria,Oran,Algeria,35.69111,-0.64167,1900,87000,chandler,1,0
algiers|algiers,Algiers,Algiers,36.7525,3.04197,1900,140000,chandler,1,0
buenos aires|argentina,Buenos Aires,Argentina,-34.61315,-58.37723,1900,806000,chandler,1,0
cordoba|argentina,Cordoba,Argentina,-31.4135,-64.18105,1900,49000,chandler,0,0
rosario|argentina,Rosario,Argentina,-32.94682,-60.63932,1900,112000,chandler,0,0
tucuman|argentina,Tucuman,Argentina,-26.808285,-65.21759,1900,42000,chandler,0,0
adelaide|australia,Adelaide,Australia,-34.92866,138.59863,1900,159000,chandler,1,0
brisbane|australia,Brisbane,Australia,-27.46794,153.02809,1900,118000,chandler,1,0
hobart|australia,Hobart,Australia,-42.87936,147.32941,1900,33000,chandler,0,0
melbourne|australia,Melbourne,Australia,-37.814,144.96332,1900,485000,chandler,1,0
sydney|australia,Sydney,Australia,-33.86785,151.20732,1900,478000,chandler,1,0
prague|austria,Prague,Austria,50.08804,14.42076,1900,474000,chandler,0,0
vienna|austria,Vienna,Austria,48.20849,16.37208,1900,1698000,chandler,0,0
baku|azerbaijan,Baku,Azerbaijan,40.37767,49.89201,1900,179000,chandler,0,0
gomel|belarus,Gomel,Belarus,52.445278,30.984167,1900,45000,chandler,0,0
minsk|belarus,Minsk,Belarus,53.9,27.56667,1900,94000,chandler,0,0
vitebsk|belarus,Vitebsk,Belarus,55.1904,30.2049,1900,73000,chandler,0,0
antwerp|belgium,Antwerp,Belgium,51.219217,4.402883,1900,361000,chandler,0,0
brugge|belgium,Brugge,Belgium,51.210819,3.224936,1900,53000,chandler,1,0
gent|belgium,Gent,Belgium,51.053469,3.730378,1900,198000,chandler,0,0
liege|belgium,Liege,Belgium,50.63373,5.56749,1900,295000,chandler,0,0
la paz|bolivia,La Paz,Bolivia,-16.5,-68.15,1900,54000,chandler,0,0
sarajevo|bosnia and herzegovina,Sarajevo,Bosnia and Herzegovina,43.84864,18.35644,1900,44000,chandler,0,0
belem|brazil,Belem,Brazil,-1.455833,-48.503889,1900,96000,chandler,0,0
cuiaba|brazil,Cuiaba,Brazil,-15.598917,-56.094894,1900,34000,chandler,0,0
curitiba|brazil,Curitiba,Brazil,-25.42778,-49.27306,1900,49000,chandler,0,0
florianopolis|brazil,Florianopolis,Brazil,-27.59667,-48.54917,1900,32000,chandler,1,0
fortaleza|brazil,Fortaleza,Brazil,-3.71722,-38.54306,1900,48000,chandler,1,0
maceio|brazil,Maceio,Brazil,-9.66583,-35.73528,1900,36000,chandler,0,0
manaus|brazil,Manaus,Brazil,-3.10194,-60.025,1900,65000,chandler,0,0
porto alegre|brazil,Porto Alegre,Brazil,-30.03306,-51.23,1900,73000,chandler,1,0
recife|brazil,Recife,Brazil,-8.05389,-34.88111,1900,155000,chandler,0,0
rio de janeiro|brazil,Rio de Janeiro,Brazil,-22.90278,-43.2075,1900,744000,chandler,0,0
salvador|brazil,Salvador,Brazil,-12.97111,-38.51083,1900,205000,chandler,0,0
sao luis|brazil,Sao Luis,Brazil,-2.5283,-44.3044,1900,36000,chandler,1,0
sao paolo|brazil,Sao Paolo,Brazil,-23.5475,-46.63611,1900,239000,chandler,0,0
teresina|brazil,Teresina,Brazil,-5.089212,-42.801627,1900,45000,chandler,0,0
plovdiv|bulgaria,Plovdiv,Bulgaria,42.15,24.75,1900,42000,chandler,0,0
sofia|bulgaria,Sofia,Bulgaria,42.69751,23.32415,1900,67000,chandler,0,0
charlottetown|canada,Charlottetown,Canada,46.2382,-63.1311,1900,12000,manual_override_canada_ports,0,0
halifax|canada,Halifax,Canada,44.64533,-63.57239,1900,45000,chandler,0,0
halifax|canada,Halifax,Canada,44.6488,-63.5752,1900,40000,manual_override_canada_ports,0,0
montreal|canada,Montreal,Canada,45.50884,-73.58781,1900,325000,chandler,0,0
ottawa|canada,Ottawa,Canada,45.41117,-75.69812,1900,73000,chandler,0,0
quebec|canada,Quebec,Canada,46.81228,-71.21454,1900,76000,chandler,1,0
saint john|canada,Saint John,Canada,45.2733,-66.0633,1900,40000,manual_override_canada_ports,0,0
st. john|canada,St. John,Canada,45.273315,-66.063308,1900,40000,chandler,0,0
st. john's|canada,St. John's,Canada,47.56494,-52.70931,1900,30000,chandler,1,1
st. john's|canada,St. John's,Canada,47.5615,-52.7126,1900,30000,manual_override_canada_ports,1,1
toronto|canada,Toronto,Canada,43.70011,-79.4163,1900,205000,chandler,1,0
winnipeg|canada,Winnipeg,Canada,49.8844,-97.14704,1900,41000,chandler,0,0
concepcion|chile,Concepcion,Chile,-36.818938,-73.050319,1900,53000,chandler,1,0
iquique|chile,Iquique,Chile,-20.22036,-70.13913,1900,42000,chandler,1,0
santiago|chile,Santiago,Chile,-33.45,-70.666667,1900,290000,chandler,0,0
talca|chile,Talca,Chile,-35.4264,-71.65542,1900,39000,chandler,0,0
valparaiso|chile,Valparaiso,Chile,-33.05,-71.6167,1900,145000,chandler,1,0
beijing|china,Beijing,China,39.9075,116.39723,1900,1100000,chandler,0,0
changsha|china,Changsha,China,28.196111,112.972222,1900,220000,chandler,0,0
chengdu|china,Chengdu,China,30.66667,104.06667,1900,300000,chandler,0,0
chongqing|china,Chongqing,China,29.56301,106.551557,1900,180000,chandler,0,0
dali|china,Dali,China,25.606486,100.267638,1900,31000,chandler,0,0
datong|china,Datong,China,40.083333,113.3,1900,55000,chandler,0,0
fuzhou|china,Fuzhou,China,26.076111,119.306389,1900,250000,chandler,0,0
guangzhou|china,Guangzhou,China,23.11667,113.25,1900,585000,chandler,0,0
guilin|china,Guilin,China,25.273566,110.290195,1900,80000,chandler,0,0
guiyang|china,Guiyang,China,26.647661,106.630154,1900,100000,chandler,0,0
haikou|china,Haikou,China,20.003143,110.354149,1900,41000,chandler,1,0
hangzhou|china,Hangzhou,China,30.25,120.166667,1900,350000,chandler,1,0
hanzhong|china,Hanzhong,China,33.066667,107.016667,1900,80000,chandler,0,0
jilin|china,Jilin,China,43.896536,125.32599,1900,75000,chandler,0,0
jingdezhen|china,Jingdezhen,China,29.268836,117.17842,1900,40000,chandler,0,0
kaifeng|china,Kaifeng,China,34.7986,114.30742,1900,150000,chandler,0,0
kangding|china,Kangding,China,30.055278,101.964722,1900,35000,chandler,0,0
kashi|china,Kashi,China,39.4704,75.989756,1900,33000,chandler,0,0
kunming|china,Kunming,China,25.03889,102.71833,1900,46000,chandler,0,0
lanzhou|china,Lanzhou,China,36.061089,103.834304,1900,110000,chandler,0,0
lhasa|china,Lhasa,China,29.645563,91.140749,1900,35000,chandler,0,0
liaoyang|china,Liaoyang,China,41.266667,123.183333,1900,39000,chandler,0,0
luoyang|china,Luoyang,China,34.669722,112.442222,1900,30000,chandler,0,0
macao|china,Macao,China,22.1667,113.55,1900,63000,chandler,0,0
meihsien|china,Meihsien,China,24.297687,116.107241,1900,60000,chandler,0,0
nanchang|china,Nanchang,China,28.68333,115.88333,1900,150000,chandler,0,0
nanjing|china,Nanjing,China,32.05,118.766667,1900,270000,chandler,0,0
nanning|china,Nanning,China,22.81667,108.31667,1900,40000,chandler,0,0
ningbo|china,Ningbo,China,29.866667,121.55,1900,257000,chandler,0,0
penglai|china,Penglai,China,37.8086111,120.7508333,1900,40000,chandler,1,0
qiqihar|china,Qiqihar,China,47.354348,123.918186,1900,30000,chandler,0,0
shanghai|china,Shanghai,China,31.22222,121.45806,1900,619000,chandler,0,0
shenyang|china,Shenyang,China,41.79222,123.43278,1900,160000,chandler,0,0
shuangcheng|china,Shuangcheng,China,45.395992,126.293015,1900,37000,chandler,0,0
suzhou|china,Suzhou,China,31.3,120.6,1900,280000,chandler,0,0
tainan city|china,Tainan City,China,22.983333,120.18333,1900,45000,chandler,1,0
taiyuan|china,Taiyuan,China,37.87059,112.548879,1900,60000,chandler,0,0
tianjin|china,Tianjin,China,39.14222,117.17667,1900,700000,chandler,0,0
tianshui|china,Tianshui,China,34.57952,105.74238,1900,50000,chandler,0,0
tsinkiang|china,Tsinkiang,China,24.913889,118.58583,1900,50000,chandler,1,0
urumqi|china,Urumqi,China,43.825644,87.616822,1900,50000,chandler,0,0
wanxian|china,Wanxian,China,30.9,108.467,1900,70000,chandler,0,0
wenzhou|china,Wenzhou,China,27.99942,120.66682,1900,80000,chandler,1,0
wuhan|china,Wuhan,China,30.58333,114.26667,1900,450000,chandler,0,0
wuxi|china,Wuxi,China,31.49117,120.31191,1900,200000,chandler,0,0
wuzhou|china,Wuzhou,China,23.476963,111.279115,1900,50000,chandler,0,0
xiamen|china,Xiamen,China,24.47979,118.08187,1900,100000,chandler,1,0
xian|china,Xian,China,34.341485,108.940404,1900,250000,chandler,0,0
xiangyang|china,Xiangyang,China,32.017,112.133,1900,70000,chandler,0,0
xining|china,Xining,China,36.61667,101.76667,1900,60000,chandler,0,0
yarkand|china,Yarkand,China,38.414289,77.246006,1900,70000,chandler,0,0
zhangye|china,Zhangye,China,38.93333,100.45,1900,50000,chandler,0,0
barranquilla|colombia,Barranquilla,Colombia,10.96854,-74.78132,1900,30000,chandler,1,0
medellin|colombia,Medellin,Colombia,6.25184,-75.56359,1900,52000,chandler,0,0
bogota|columbia,Bogota,Columbia,4.598056,-74.075833,1900,110000,chandler,0,0
zagreb|croatia,Zagreb,Croatia,45.81444,15.97798,1900,61000,chandler,0,0
havana|cuba,Havana,Cuba,23.13302,-82.38304,1900,243000,chandler,1,0
santiago de cuba|cuba,Santiago de Cuba,Cuba,20.019833,-75.813917,1900,43000,chandler,1,0
kaesong|dem. people's republic of korea,Kaesong,Dem. People's Republic of Korea,37.97083,126.55444,1900,30000,chandler,1,0
pyongyang|dem. people's republic of korea,Pyongyang,Dem. People's Republic of Korea,39.03385,125.75432,1900,30000,chandler,0,0
copenhagen|denmark,Copenhagen,Denmark,55.67594,12.56553,1900,462000,chandler,1,0
odense|denmark,Odense,Denmark,55.39594,10.38831,1900,39000,chandler,0,0
viborg|denmark,Viborg,Denmark,56.45319,9.40201,1900,31000,chandler,0,0
cuenca|ecuador,Cuenca,Ecuador,-2.8992,-79.0153,1900,30000,chandler,0,0
guayaquil|ecuador,Guayaquil,Ecuador,-2.18194,-79.89167,1900,51000,chandler,0,0
quito|ecuador,Quito,Ecuador,-0.22985,-78.52495,1900,50000,chandler,0,0
alexandria|egypt,Alexandria,Egypt,31.200092,29.918739,1900,314000,chandler,1,0
cairo|egypt,Cairo,Egypt,30.06263,31.24967,1900,595000,chandler,0,0
san salvador|el salvador,San Salvador,El Salvador,13.706899,-89.202258,1900,59000,chandler,0,0
addis ababa|ethiopia,Addis Ababa,Ethiopia,9.02497,38.74689,1900,35000,chandler,0,0
harar|ethiopia,Harar,Ethiopia,9.304648,42.132642,1900,40000,chandler,0,0
helsinki|finland,Helsinki,Finland,60.173324,24.941025,1900,97000,chandler,1,0
angers|france,Angers,France,47.46667,-0.55,1900,82000,chandler,0,0
avignon|france,Avignon,France,43.94834,4.80892,1900,46000,chandler,0,0
beziers|france,Beziers,France,43.34762,3.21899,1900,52000,chandler,1,0
bordeaux|france,Bordeaux,France,44.84044,-0.5805,1900,304000,chandler,0,0
brest|france,Brest,France,48.3908,-4.486075,1900,103000,chandler,0,0
caen|france,Caen,France,49.18585,-0.35912,1900,42000,chandler,1,0
dijon|france,Dijon,France,47.31667,5.01667,1900,71000,chandler,0,0
lyon|france,Lyon,France,45.74846,4.84671,1900,508000,chandler,0,0
marseille|france,Marseille,France,43.29695,5.38107,1900,410000,chandler,1,0
metz|france,Metz,France,49.11911,6.17269,1900,58000,chandler,0,0
montauban|france,Montauban,France,44.01667,1.35,1900,30000,chandler,0,0
montpellier|france,Montpellier,France,43.61092,3.87723,1900,75000,chandler,1,0
nimes|france,Nimes,France,43.83333,4.35,1900,72000,chandler,0,0
paris|france,Paris,France,48.856614,2.352222,1900,3330000,chandler,0,0
poitiers|france,Poitiers,France,46.58333,0.33333,1900,31000,chandler,0,0
reims|france,Reims,France,49.25,4.03333,1900,108000,chandler,0,0
rouen|france,Rouen,France,49.44313,1.09932,1900,185000,chandler,0,0
toulon|france,Toulon,France,43.11667,5.93333,1900,78000,chandler,1,0
toulouse|france,Toulouse,France,43.60426,1.44367,1900,127000,chandler,0,0
tours|france,Tours,France,47.38333,0.68333,1900,64000,chandler,0,0
tbilisi|georgia,Tbilisi,Georgia,41.709975,44.792989,1900,175000,chandler,0,0
augsberg|germany,Augsberg,Germany,48.371444,10.898239,1900,102000,chandler,0,0
berlin|germany,Berlin,Germany,52.52437,13.41053,1900,2707000,chandler,0,0
braunschweig|germany,Braunschweig,Germany,52.268875,10.526769,1900,128000,chandler,0,0
bremen|germany,Bremen,Germany,53.07516,8.80777,1900,182000,chandler,0,0
cologne|germany,Cologne,Germany,50.937531,6.960278,1900,437000,chandler,0,0
dresden|germany,Dresden,Germany,51.05089,13.73832,1900,540000,chandler,0,0
erfurt|germany,Erfurt,Germany,50.9787,11.03283,1900,85000,chandler,0,0
frankfurt am main|germany,Frankfurt am Main,Germany,50.110922,8.682128,1900,350000,chandler,0,0
hamburg|germany,Hamburg,Germany,53.57532,10.01534,1900,895000,chandler,0,0
hannover|germany,Hannover,Germany,52.37052,9.73322,1900,289000,chandler,0,0
konigsberg|germany,Konigsberg,Germany,54.716667,20.516667,1900,189000,chandler,0,0
leipzig|germany,Leipzig,Germany,51.33962,12.37129,1900,532000,chandler,0,0
lubeck|germany,Lubeck,Germany,53.865886,10.687097,1900,82000,chandler,0,0
magdeburg|germany,Magdeburg,Germany,52.130808,11.628878,1900,229000,chandler,0,0
munich|germany,Munich,Germany,48.136739,11.576756,1900,499000,chandler,0,0
nurnberg|germany,Nurnberg,Germany,49.452031,11.07675,1900,261000,chandler,0,0
regensburg|germany,Regensburg,Germany,49.015,12.09556,1900,45000,chandler,0,0
trier|germany,Trier,Germany,49.75565,6.63935,1900,43000,chandler,0,0
worms|germany,Worms,Germany,49.63278,8.35916,1900,40000,chandler,0,0
wroclaw|germany,Wroclaw,Germany,51.116667,17.033333,1900,422000,chandler,0,0
athens|greece,Athens,Greece,37.97945,23.71622,1900,181000,chandler,1,0
patras|greece,Patras,Greece,38.24664,21.734574,1900,37000,chandler,1,0
syracuse|greece,Syracuse,Greece,37.06082237,15.29420264,1900,108000,chandler,0,0
thessaloniki|greece,Thessaloniki,Greece,40.63935,22.944606,1900,140000,chandler,1,0
guatemala city|guatemala,Guatemala City,Guatemala,14.64072,-90.51327,1900,74000,chandler,0,0
georgetown|guyana,Georgetown,Guyana,6.8,-58.166667,1900,53000,chandler,1,0
port-au-prince|haiti,Port-au-Prince,Haiti,18.53917,-72.335,1900,61000,chandler,1,0
budapest|hungary,Budapest,Hungary,47.49801,19.03991,1900,785000,chandler,0,0
debrecen|hungary,Debrecen,Hungary,47.53333,21.63333,1900,72000,chandler,0,0
szeged|hungary,Szeged,Hungary,46.255,20.145,1900,100000,chandler,0,0
szekesfehervar|hungary,Szekesfehervar,Hungary,47.18995,18.41034,1900,30000,chandler,0,0
agra|india,Agra,India,27.18333,78.01667,1900,186000,chandler,0,0
ahmedabad|india,Ahmedabad,India,23.039568,72.566004,1900,181000,chandler,0,0
ajmer|india,Ajmer,India,26.44976,74.64116,1900,73000,chandler,0,0
allahabad|india,Allahabad,India,25.44894,81.83328,1900,172000,chandler,0,0
amritsar|india,Amritsar,India,31.63661,74.87476,1900,159000,chandler,0,0
aurangabad|india,Aurangabad,India,19.876165,75.343314,1900,36000,chandler,0,0
bangalore|india,Bangalore,India,12.97194,77.59369,1900,161000,chandler,0,0
bareilly|india,Bareilly,India,28.34702,79.42193,1900,130000,chandler,0,0
bharatpur|india,Bharatpur,India,27.21731,77.49009,1900,45000,chandler,0,0
bikaner|india,Bikaner,India,28.02094,73.30749,1900,52000,chandler,0,0
broach|india,Broach,India,21.724644,73.002294,1900,42000,chandler,1,0
calcutta|india,Calcutta,India,22.56263,88.36304,1900,1085000,chandler,0,0
calicut|india,Calicut,India,11.258753,75.78041,1900,75000,chandler,1,0
cambay|india,Cambay,India,22.313114,72.619408,1900,31000,chandler,1,0
cuttack|india,Cuttack,India,20.46497,85.87927,1900,51000,chandler,0,0
delhi|india,Delhi,India,28.65381,77.22897,1900,207000,chandler,0,0
dhaka|india,Dhaka,India,23.709921,90.407143,1900,90000,chandler,0,0
faizabad|india,Faizabad,India,26.779386,82.142169,1900,75000,chandler,0,0
farrukhabad|india,Farrukhabad,India,27.39048,79.58006,1900,68000,chandler,0,0
gwalior|india,Gwalior,India,26.22982,78.17337,1900,90000,chandler,0,0
hyderabad|india,Hyderabad,India,17.38405,78.45636,1900,445000,chandler,0,0
imphal|india,Imphal,India,24.80805,93.9442,1900,67000,chandler,0,0
indore|india,Indore,India,22.71792,75.8333,1900,97000,chandler,0,0
jaipur|india,Jaipur,India,26.91962,75.78781,1900,160000,chandler,0,0
jalandhar|india,Jalandhar,India,31.326015,75.576183,1900,77000,chandler,0,0
jamnagar|india,Jamnagar,India,22.47292,70.06673,1900,53000,chandler,1,0
japalpur|india,Japalpur,India,23.1667,79.95,1900,89000,chandler,0,0
jaunpur|india,Jaunpur,India,25.75506,82.68361,1900,42000,chandler,0,0
jodhpur|india,Jodhpur,India,26.26841,73.00594,1900,60000,chandler,0,0
kanchipuram|india,Kanchipuram,India,12.834173,79.70364,1900,45000,chandler,0,0
kanpur|india,Kanpur,India,26.4478,80.34627,1900,197000,chandler,0,0
kolar|india,Kolar,India,13.13671,78.12917,1900,35000,chandler,0,0
kota|india,Kota,India,25.18,75.83,1900,34000,chandler,0,0
kumbakonam|india,Kumbakonam,India,10.96209,79.39124,1900,59000,chandler,0,0
lucknow|india,Lucknow,India,26.83928,80.92313,1900,265000,chandler,0,0
ludhiana|india,Ludhiana,India,30.90015,75.85229,1900,48000,chandler,0,0
madras|india,Madras,India,13.08784,80.27847,1900,505000,chandler,1,0
madurai|india,Madurai,India,9.91735,78.11962,1900,104000,chandler,0,0
masulipatam|india,Masulipatam,India,16.18438,81.134933,1900,39000,chandler,1,0
mathura|india,Mathura,India,27.4925,77.673611,1900,60000,chandler,0,0
meerut|india,Meerut,India,28.97155,77.71934,1900,118000,chandler,0,0
mirzapur|india,Mirzapur,India,24.10287,82.564433,1900,80000,chandler,0,0
mumbai|india,Mumbai,India,19.07283,72.88261,1900,780000,chandler,1,0
nagapattinam|india,Nagapattinam,India,10.768802,79.839427,1900,57000,chandler,1,0
nagpur|india,Nagpur,India,21.15,79.1,1900,126000,chandler,0,0
patan|india,Patan,India,23.8507,72.12963,1900,31000,chandler,0,0
pondicherry|india,Pondicherry,India,11.91386,79.814472,1900,47000,chandler,0,0
pune|india,Pune,India,18.52043,73.856744,1900,154000,chandler,0,0
puri|india,Puri,India,19.810556,85.831389,1900,46000,chandler,1,0
raipur|india,Raipur,India,21.14,81.38,1900,32000,chandler,0,0
rajahmundry|india,Rajahmundry,India,17.00517,81.77784,1900,35000,chandler,0,0
sagar|india,Sagar,India,23.83,78.71,1900,42000,chandler,0,0
srinagar|india,Srinagar,India,34.08842,74.80298,1900,122000,chandler,0,0
surat|india,Surat,India,21.19594,72.83023,1900,128000,chandler,1,0
thanjavur|india,Thanjavur,India,10.786999,79.137827,1900,57000,chandler,0,0
thiruvananthapuram|india,Thiruvananthapuram,India,8.487495,76.948623,1900,57000,chandler,1,0
tiruchirappalli|india,Tiruchirappalli,India,10.805,78.685556,1900,103000,chandler,0,0
udaipur|india,Udaipur,India,24.57127,73.691544,1900,46000,chandler,0,0
ujjain|india,Ujjain,India,23.18239,75.77643,1900,39000,chandler,0,0
vadodara|india,Vadodara,India,22.30731,73.181098,1900,105000,chandler,0,0
varanasi|india,Varanasi,India,25.317645,82.973914,1900,211000,chandler,0,0
visakhapatnam|india,Visakhapatnam,India,17.686816,83.218482,1900,40000,chandler,1,0
vizianagaram|india,Vizianagaram,India,18.107187,83.395302,1900,36000,chandler,0,0
jakarta|indonesia,Jakarta,Indonesia,-6.21462,106.84513,1900,115000,chandler,1,0
padang|indonesia,Padang,Indonesia,-0.94924,100.35427,1900,40000,chandler,1,0
palembang|indonesia,Palembang,Indonesia,-2.91673,104.7458,1900,53000,chandler,0,0
semarang|indonesia,Semarang,Indonesia,-6.9932,110.4203,1900,89000,chandler,1,0
surabaya|indonesia,Surabaya,Indonesia,-7.24917,112.75083,1900,146000,chandler,0,0
surakarta|indonesia,Surakarta,Indonesia,-7.55611,110.83167,1900,109000,chandler,0,0
yogyakarta|indonesia,Yogyakarta,Indonesia,-7.797139,110.368833,1900,72000,chandler,0,0
esfahan|iran,Esfahan,Iran,32.651389,51.679192,1900,80000,chandler,0,0
kerman|iran,Kerman,Iran,30.28321,57.07879,1900,49000,chandler,0,0
mashhad|iran,Mashhad,Iran,36.3,59.6,1900,70000,chandler,0,0
qazvin|iran,Qazvin,Iran,36.26877,50.0041,1900,50000,chandler,0,0
shiraz|iran,Shiraz,Iran,29.61031,52.53114,1900,53000,chandler,0,0
tabriz|iran,Tabriz,Iran,38.08,46.2919,1900,175000,chandler,0,0
tehran|iran,Tehran,Iran,35.69439,51.42151,1900,150000,chandler,0,0
yadz|iran,Yadz,Iran,31.896611,54.360681,1900,50000,chandler,0,0
baghdad|iraq,Baghdad,Iraq,33.34058,44.40088,1900,145000,chandler,0,0
belfast|ireland,Belfast,Ireland,54.597283,-5.930117,1900,335000,chandler,1,0
cork|ireland,Cork,Ireland,51.89797,-8.47061,1900,76000,chandler,1,0
dublin|ireland,Dublin,Ireland,53.33306,-6.24889,1900,382000,chandler,1,0
limerick|ireland,Limerick,Ireland,52.6653,-8.630497,1900,38000,chandler,0,0
jerusalem|israel,Jerusalem,Israel,31.76904,35.21633,1900,56000,chandler,0,0
bologna|italy,Bologna,Italy,44.49381,11.33875,1900,132000,chandler,0,0
cagliari|italy,Cagliari,Italy,39.20738,9.13462,1900,53000,chandler,0,0
catania|italy,Catania,Italy,37.50213,15.08719,1900,138000,chandler,1,0
cremona|italy,Cremona,Italy,45.13617,10.02797,1900,31000,chandler,0,0
florence|italy,Florence,Italy,43.771033,11.248,1900,203000,chandler,0,0
genova|italy,Genova,Italy,44.40565,8.946256,1900,269000,chandler,0,0
leghorn|italy,Leghorn,Italy,43.55,10.310579,1900,78000,chandler,1,0
messina|italy,Messina,Italy,38.19327,15.54969,1900,93000,chandler,0,0
milan|italy,Milan,Italy,45.465453,9.198786,1900,491000,chandler,0,0
naples|italy,Naples,Italy,40.851775,14.268122,1900,563000,chandler,0,0
palermo|italy,Palermo,Italy,38.115689,13.361267,1900,255000,chandler,1,0
reggio di calabria|italy,Reggio di Calabria,Italy,38.1113,15.647292,1900,37000,chandler,0,0
rome|italy,Rome,Italy,41.89474,12.4839,1900,438000,chandler,0,0
sassari|italy,Sassari,Italy,40.72722,8.56028,1900,32000,chandler,1,0
turin|italy,Turin,Italy,45.07049,7.68682,1900,330000,chandler,0,0
venice|italy,Venice,Italy,45.440847,12.315514,1900,171000,chandler,0,0
verona|italy,Verona,Italy,45.43419,10.99779,1900,66000,chandler,0,0
kingston|jamaica,Kingston,Jamaica,17.992731,-76.8,1900,46000,chandler,1,0
fukuoka|japan,Fukuoka,Japan,33.591389,130.414722,1900,67000,chandler,1,0
hakodate|japan,Hakodate,Japan,41.77583,140.73667,1900,80000,chandler,0,0
kagoshima|japan,Kagoshima,Japan,31.5966,130.557183,1900,55000,chandler,1,0
kochi|japan,Kochi,Japan,33.558803,133.531167,1900,36000,chandler,1,0
kumamoto|japan,Kumamoto,Japan,32.78983,130.741574,1900,59000,chandler,1,0
matsumae|japan,Matsumae,Japan,41.433333,140.116667,1900,35000,chandler,0,0
matsuyama|japan,Matsuyama,Japan,33.839157,132.765575,1900,36000,chandler,1,0
nagasaki|japan,Nagasaki,Japan,32.752558,129.878192,1900,115000,chandler,1,0
osaka|japan,Osaka,Japan,34.693216,135.502082,1900,970000,chandler,1,0
otaru|japan,Otaru,Japan,43.18944,141.00222,1900,65000,chandler,1,0
sapporo|japan,Sapporo,Japan,43.06417,141.34694,1900,44000,chandler,1,0
takamatsu|japan,Takamatsu,Japan,34.342788,134.046574,1900,34000,chandler,1,0
tokushima|japan,Tokushima,Japan,34.070269,134.554844,1900,62000,chandler,1,0
tokyo|japan,Tokyo,Japan,35.6895,139.69171,1900,1497000,chandler,1,0
toyama|japan,Toyama,Japan,36.695952,137.213677,1900,57000,chandler,1,0
wakayama|japan,Wakayama,Japan,34.225986,135.167508,1900,65000,chandler,1,0
uralsk|kazakhstan,Uralsk,Kazakhstan,51.233333,51.366667,1900,38000,chandler,0,0
beruit|lebanon,Beruit,Lebanon,33.888629,35.495479,1900,118000,chandler,0,0
tripoli|libya,Tripoli,Libya,32.876175,13.187508,1900,30000,chandler,1,1
vilnius|lithuania,Vilnius,Lithuania,54.683333,25.283333,1900,162000,chandler,0,0
antananarivo|madagascar,Antananarivo,Madagascar,-18.914812,47.531623,1900,54000,chandler,0,0
kuala lumpur|malaysia,Kuala Lumpur,Malaysia,3.1412,101.68653,1900,47000,chandler,0,0
penang serai|malaysia,Penang Serai,Malaysia,5.263234,100.484623,1900,80000,chandler,1,0
port louis|mauritius,Port Louis,Mauritius,-20.16194,57.504104,1900,52000,chandler,1,0
chihuahua|mexico,Chihuahua,Mexico,28.63333,-106.08333,1900,30000,chandler,0,0
durango|mexico,Durango,Mexico,24.016667,-104.666667,1900,31000,chandler,0,0
guadalajara|mexico,Guadalajara,Mexico,20.673819,-103.343489,1900,101000,chandler,0,0
guanajuato|mexico,Guanajuato,Mexico,21.01858,-101.2591,1900,41000,chandler,0,0
merida|mexico,Merida,Mexico,20.979719,-89.615789,1900,43000,chandler,0,0
mexico city|mexico,Mexico City,Mexico,19.42847,-99.12766,1900,368000,chandler,0,0
monterrey|mexico,Monterrey,Mexico,25.6667,-100.3,1900,62000,chandler,0,0
puebla|mexico,Puebla,Mexico,19.0514,-98.2178,1900,98000,chandler,0,0
zacatecas|mexico,Zacatecas,Mexico,22.76843,-102.58141,1900,39000,chandler,0,0
ulaanbaatar|mongolia,Ulaanbaatar,Mongolia,47.92,106.92,1900,38000,chandler,0,0
azemmour|morocco,Azemmour,Morocco,33.287778,-8.342222,1900,10000,chandler,1,0
fez|morocco,Fez,Morocco,34.033333,-5.01,1900,96000,chandler,0,0
marrakech|morocco,Marrakech,Morocco,31.63416,-7.99994,1900,120000,chandler,0,0
meknes|morocco,Meknes,Morocco,33.89352,-5.54727,1900,50000,chandler,0,0
rabat|morocco,Rabat,Morocco,34.01325,-6.83255,1900,40000,chandler,1,0
akyab|myanmar,Akyab,Myanmar,20.144444,92.896944,1900,35000,chandler,0,0
mandalay|myanmar,Mandalay,Myanmar,21.97473,96.08359,1900,184000,chandler,0,0
yangon|myanmar,Yangon,Myanmar,16.80528,96.15611,1900,229000,chandler,1,0
kathmandu|nepal,Kathmandu,Nepal,27.7,85.333333,1900,40000,chandler,0,0
amsterdam|netherlands,Amsterdam,Netherlands,52.37403,4.88969,1900,510000,chandler,0,0
haarlem|netherlands,Haarlem,Netherlands,52.38084,4.63683,1900,65000,chandler,1,0
leiden|netherlands,Leiden,Netherlands,52.15833,4.49306,1900,54000,chandler,1,0
utrecht|netherlands,Utrecht,Netherlands,52.09083,5.12222,1900,104000,chandler,0,0
auckland|new zealand,Auckland,New Zealand,-36.86667,174.76667,1900,65000,chandler,1,0
christchurch|new zealand,Christchurch,New Zealand,-43.532054,172.636225,1900,55000,chandler,1,0
dunedin|new zealand,Dunedin,New Zealand,-45.87416,170.50361,1900,51000,chandler,1,0
wellington|new zealand,Wellington,New Zealand,-41.286452,174.776253,1900,48000,chandler,0,0
abeokuta|nigeria,Abeokuta,Nigeria,7.15,3.35,1900,60000,chandler,0,0
bauchi|nigeria,Bauchi,Nigeria,10.315833,9.844167,1900,50000,chandler,0,0
bida|nigeria,Bida,Nigeria,9.08333,6.01667,1900,60000,chandler,0,0
dikwa|nigeria,Dikwa,Nigeria,12.02396,13.91646,1900,50000,chandler,0,0
ibadan|nigeria,Ibadan,Nigeria,7.38778,3.89639,1900,204000,chandler,0,0
kano|nigeria,Kano,Nigeria,12.00012,8.51672,1900,40000,chandler,0,0
ogbomosho|nigeria,Ogbomosho,Nigeria,8.133333,4.25,1900,75000,chandler,0,0
oyo|nigeria,Oyo,Nigeria,7.85,3.93333,1900,45000,chandler,0,0
zaria|nigeria,Zaria,Nigeria,11.11128,7.7227,1900,40000,chandler,0,0
bergen|norway,Bergen,Norway,60.391264,5.322053,1900,72000,chandler,1,0
oslo|norway,Oslo,Norway,59.913869,10.752245,1900,227000,chandler,0,0
trondheim|norway,Trondheim,Norway,63.43049,10.39506,1900,38000,chandler,1,0
muscat|oman,Muscat,Oman,23.61387,58.5922,1900,40000,chandler,1,0
dera ismail khan|pakistan,Dera Ismail Khan,Pakistan,31.83269,70.9024,1900,31000,chandler,0,0
karachi|pakistan,Karachi,Pakistan,24.9056,67.0822,1900,114000,chandler,1,0
lahore|pakistan,Lahore,Pakistan,31.54972,74.34361,1900,200000,chandler,0,0
multan|pakistan,Multan,Pakistan,30.19556,71.47528,1900,87000,chandler,0,0
peshawar|pakistan,Peshawar,Pakistan,34.008,71.57849,1900,96000,chandler,0,0
rawalpindi|pakistan,Rawalpindi,Pakistan,33.6007,73.0679,1900,86000,chandler,0,0
shikarpur|pakistan,Shikarpur,Pakistan,27.95,68.65,1900,48000,chandler,0,0
asuncion|paraguay,Asuncion,Paraguay,-25.30066,-57.63591,1900,51000,chandler,0,0
lima|peru,Lima,Peru,-12.04318,-77.02824,1900,122000,chandler,1,0
manila|philippines,Manila,Philippines,14.58,121,1900,190000,chandler,1,0
gdansk|poland,Gdansk,Poland,54.352025,18.64663,1900,140000,chandler,1,0
krakow|poland,Krakow,Poland,50.06143,19.93658,1900,108000,chandler,0,0
lvov|poland,Lvov,Poland,49.839683,24.029717,1900,159000,chandler,0,0
poznan|poland,Poznan,Poland,52.40692,16.92993,1900,117000,chandler,0,0
szczecin|poland,Szczecin,Poland,53.416667,14.583333,1900,210000,chandler,0,0
warsaw|poland,Warsaw,Poland,52.22977,21.01178,1900,724000,chandler,0,0
lisbon|portugal,Lisbon,Portugal,38.71667,-9.13333,1900,363000,chandler,0,0
oporto|portugal,Oporto,Portugal,41.167972,-8.627064,1900,175000,chandler,1,0
san juan|puerto rico,San Juan,Puerto Rico,18.45,-66.0667,1900,32000,chandler,1,0
busan|republic of korea,Busan,Republic of Korea,35.179554,129.075642,1900,73000,chandler,1,1
seoul|republic of korea,Seoul,Republic of Korea,37.56826,126.97783,1900,195000,chandler,0,0
chisinau|republic of moldova,Chisinau,Republic of Moldova,47.026858,28.84155,1900,125000,chandler,0,0
bucharest|romania,Bucharest,Romania,44.43225,26.10626,1900,282000,chandler,0,0
iasi|romania,Iasi,Romania,47.16667,27.6,1900,78000,chandler,0,0
izmail|romania,Izmail,Romania,45.351667,28.836389,1900,33000,chandler,0,0
astrakhan|russian federation,Astrakhan,Russian Federation,46.366681,48.083239,1900,121000,chandler,0,0
blagoveshchensk|russian federation,Blagoveshchensk,Russian Federation,50.272776,127.540406,1900,37000,chandler,0,0
irkutsk|russian federation,Irkutsk,Russian Federation,52.29778,104.29639,1900,49000,chandler,0,0
kazan|russian federation,Kazan,Russian Federation,55.790278,49.134722,1900,143000,chandler,0,0
krasnodar|russian federation,Krasnodar,Russian Federation,45.006247,38.960626,1900,70000,chandler,0,0
krasnoyarsk|russian federation,Krasnoyarsk,Russian Federation,56.01839,92.86717,1900,33000,chandler,0,0
kursk|russian federation,Kursk,Russian Federation,51.73733,36.18735,1900,58000,chandler,0,0
moscow|russian federation,Moscow,Russian Federation,55.75222,37.61556,1900,1120000,chandler,0,0
nizhniy novgorod|russian federation,Nizhniy Novgorod,Russian Federation,56.3269,44.0075,1900,91000,chandler,0,0
nizhniy tagil|russian federation,Nizhniy Tagil,Russian Federation,57.916667,59.966667,1900,30000,chandler,0,0
odessa|russian federation,Odessa,Russian Federation,46.47747,30.73262,1900,449000,chandler,1,0
omsk|russian federation,Omsk,Russian Federation,54.99244,73.36859,1900,53000,chandler,0,0
orenburg|russian federation,Orenburg,Russian Federation,51.7727,55.0988,1900,65000,chandler,0,0
penza|russian federation,Penza,Russian Federation,53.20066,45.00464,1900,65000,chandler,0,0
perm|russian federation,Perm,Russian Federation,58.013889,56.248889,1900,45000,chandler,0,0
pskov|russian federation,Pskov,Russian Federation,57.8136,28.3496,1900,30000,chandler,0,0
riga|russian federation,Riga,Russian Federation,56.946,24.10589,1900,294000,chandler,1,0
rostov-on-don|russian federation,Rostov-on-Don,Russian Federation,47.2333,39.41394,1900,142000,chandler,1,0
saint petersburg|russian federation,Saint Petersburg,Russian Federation,59.89444,30.26417,1900,1439000,chandler,1,0
saratov|russian federation,Saratov,Russian Federation,51.54056,46.00861,1900,163000,chandler,0,0
sevastopol|russian federation,Sevastopol,Russian Federation,44.58883,33.5224,1900,57000,chandler,1,0
smolensk|russian federation,Smolensk,Russian Federation,54.7818,32.0401,1900,57000,chandler,0,0
stavropol|russian federation,Stavropol,Russian Federation,45.049999,41.96667,1900,46000,chandler,0,0
syzran|russian federation,Syzran,Russian Federation,53.166667,48.466667,1900,33000,chandler,0,0
tomsk|russian federation,Tomsk,Russian Federation,56.49771,84.97437,1900,63000,chandler,0,0
tula|russian federation,Tula,Russian Federation,54.107722,37.573261,1900,109000,chandler,0,0
tver|russian federation,Tver,Russian Federation,56.858722,35.917597,1900,53000,chandler,0,0
ufa|russian federation,Ufa,Russian Federation,54.78517,56.04562,1900,49000,chandler,0,0
vladimir|russian federation,Vladimir,Russian Federation,56.13655,40.39658,1900,32000,chandler,0,0
vladivostok|russian federation,Vladivostok,Russian Federation,43.10562,131.87353,1900,38000,chandler,0,1
volgograd|russian federation,Volgograd,Russian Federation,48.71939,44.50184,1900,67000,chandler,0,0
voronezh|russian federation,Voronezh,Russian Federation,51.67204,39.1843,1900,84000,chandler,0,0
yaroslavl|russian federation,Yaroslavl,Russian Federation,57.626072,39.884464,1900,76000,chandler,0,0
yekaterinburg|russian federation,Yekaterinburg,Russian Federation,56.833333,60.6,1900,54000,chandler,0,0
mecca|saudi arabia,Mecca,Saudi Arabia,21.42667,39.82611,1900,60000,chandler,0,0
medina|saudi arabia,Medina,Saudi Arabia,24.4609,39.620189,1900,27500,chandler,0,0
dienne|senegal,Dienne,Senegal,15.033366,-16.350122,1900,6000,chandler,0,0
belgrade|serbia,Belgrade,Serbia,44.80401,20.46513,1900,69000,chandler,0,0
prizren|serbia,Prizren,Serbia,42.21389,20.73972,1900,30000,chandler,0,0
freetown|sierra leone,Freetown,Sierra Leone,8.43194,-13.28972,1900,34000,chandler,0,0
singapore|singapore,Singapore,Singapore,1.28967,103.85007,1900,193000,chandler,0,0
cape town|south africa,Cape Town,South Africa,-33.92584,18.42322,1900,148000,chandler,1,0
durban|south africa,Durban,South Africa,-29.8579,31.0292,1900,56000,chandler,1,0
johannesburg|south africa,Johannesburg,South Africa,-26.20227,28.04363,1900,173000,chandler,0,0
a coruna|spain,A Coruna,Spain,43.362344,-8.41154,1900,43000,chandler,1,0
almeria|spain,Almeria,Spain,36.83814,-2.45974,1900,47000,chandler,0,0
barcelona|spain,Barcelona,Spain,41.38879,2.15899,1900,552000,chandler,1,0
burgos|spain,Burgos,Spain,42.35,-3.7,1900,31000,chandler,0,0
cadiz|spain,Cadiz,Spain,36.52978,-6.29465,1900,113000,chandler,0,0
cartagena|spain,Cartagena,Spain,37.625683,-0.996583,1900,78000,chandler,1,0
cordoba|spain,Cordoba,Spain,38.046133,-4.893564,1900,52000,chandler,0,0
granada|spain,Granada,Spain,37.177336,-3.598558,1900,75000,chandler,0,0
las palmas|spain,Las Palmas,Spain,28.15,-15.416667,1900,44000,chandler,0,0
leon|spain,Leon,Spain,42.605556,-5.57,1900,55000,chandler,0,0
madrid|spain,Madrid,Spain,40.416775,-3.703789,1900,539000,chandler,0,0
malaga|spain,Malaga,Spain,36.721261,-4.421267,1900,117000,chandler,1,0
murcia|spain,Murcia,Spain,37.98704,-1.13004,1900,74000,chandler,0,0
palma|spain,Palma,Spain,39.56939,2.65024,1900,63000,chandler,1,0
santa cruz|spain,Santa Cruz,Spain,28.466667,-16.25,1900,38000,chandler,0,0
valencia|spain,Valencia,Spain,39.469908,-0.376289,1900,213000,chandler,1,0
valladolid|spain,Valladolid,Spain,41.65518,-4.72372,1900,68000,chandler,0,0
zaragoza|spain,Zaragoza,Spain,41.648792,-0.889581,1900,99000,chandler,0,0
colombo|sri lanka,Colombo,Sri Lanka,6.9344,79.8428,1900,152000,chandler,1,0
omdurman|sudan,Omdurman,Sudan,15.64453,32.47773,1900,55000,chandler,0,0
paramaribo|suriname,Paramaribo,Suriname,5.86638,-55.16682,1900,31000,chandler,1,0
goteborg|sweden,Goteborg,Sweden,57.70887,11.97456,1900,130000,chandler,1,0
stockholm|sweden,Stockholm,Sweden,59.33258,18.0649,1900,300000,chandler,1,0
zurich|switzerland,Zurich,Switzerland,47.36667,8.55,1900,150000,chandler,0,0
aleppo|syria,Aleppo,Syria,36.216667,37.166667,1900,130000,chandler,0,0
damascus|syria,Damascus,Syria,33.5102,36.29128,1900,165000,chandler,0,0
taipei|taiwan,Taipei,Taiwan,25.04776,121.53185,1900,80000,chandler,0,0
zanzibar|tanzania,Zanzibar,Tanzania,-6.16394,39.19793,1900,40000,chandler,1,0
bangkok|thailand,Bangkok,Thailand,13.75398,100.50144,1900,267000,chandler,0,0
port-of-spain|trinidad and tobago,Port-of-Spain,Trinidad and Tobago,10.661702,-61.519442,1900,54000,chandler,1,0
tunis|tunisia,Tunis,Tunisia,36.818811,10.165961,1900,156000,chandler,1,1
bursa|turkey,Bursa,Turkey,40.19266,29.08403,1900,71000,chandler,0,0
edessa|turkey,Edessa,Turkey,37.15,38.8,1900,55000,chandler,0,0
edirne|turkey,Edirne,Turkey,41.681808,26.562269,1900,81000,chandler,0,0
erzurum|turkey,Erzurum,Turkey,39.90861,41.27694,1900,48000,chandler,0,0
istanbul|turkey,Istanbul,Turkey,41.005275,28.976944,1900,900000,chandler,0,0
kayseri|turkey,Kayseri,Turkey,38.73222,35.48528,1900,60000,chandler,0,0
sivas|turkey,Sivas,Turkey,39.74833,37.01611,1900,43000,chandler,0,0
smyrna|turkey,Smyrna,Turkey,38.41273,27.13838,1900,201000,chandler,1,0
trabzon|turkey,Trabzon,Turkey,41.00145,39.717806,1900,40000,chandler,1,1
mengo|uganda,Mengo,Uganda,0.346667,32.605556,1900,30000,chandler,0,0
berdychiv|ukraine,Berdychiv,Ukraine,49.907903,28.587936,1900,58000,chandler,0,0
dnipropetrovsk|ukraine,Dnipropetrovsk,Ukraine,48.464717,35.046183,1900,135000,chandler,0,0
kharkov|ukraine,Kharkov,Ukraine,49.9935,36.230384,1900,197000,chandler,0,0
kherson|ukraine,Kherson,Ukraine,46.635417,32.616867,1900,73000,chandler,1,0
kiev|ukraine,Kiev,Ukraine,50.45466,30.5238,1900,300000,chandler,0,0
edinburgh|united kingdom,Edinburgh,United Kingdom,55.95206,-3.19648,1900,400000,chandler,1,0
exeter|united kingdom,Exeter,United Kingdom,50.7236,-3.52751,1900,54000,chandler,1,0
glasgow|united kingdom,Glasgow,United Kingdom,55.86515,-4.25763,1900,1015000,chandler,0,0
london|united kingdom,London,United Kingdom,51.511214,-0.119825,1900,6480000,chandler,0,0
manchester|united kingdom,Manchester,United Kingdom,53.48095,-2.23743,1900,1435000,chandler,0,0
newcastle upon tyne|united kingdom,Newcastle upon Tyne,United Kingdom,54.978253,-1.617781,1900,615000,chandler,0,0
norwich|united kingdom,Norwich,United Kingdom,52.62783,1.29834,1900,110000,chandler,0,0
albany|united states of america,Albany,United States of America,42.652578,-73.756233,1900,99000,chandler,0,0
atlanta|united states of america,Atlanta,United States of America,33.749,-84.38798,1900,90000,chandler,0,0
augusta|united states of america,Augusta,United States of America,33.473498,-82.010515,1900,39000,chandler,0,0
baltimore|united states of america,Baltimore,United States of America,39.29038,-76.61219,1900,508000,chandler,1,0
barrow|united states of america,Barrow,United States of America,71.29058,-156.78872,1900,56000,chandler,1,0
binghamton|united states of america,Binghamton,United States of America,42.09869,-75.91797,1900,39000,chandler,0,0
birmingham|united states of america,Birmingham,United States of America,33.520661,-86.80249,1900,55000,chandler,0,0
boston|united states of america,Boston,United States of America,42.358431,-71.059772,1900,1075000,chandler,0,0
buffalo|united states of america,Buffalo,United States of America,42.9047,-78.8494,1900,360000,chandler,1,0
charleston|united states of america,Charleston,United States of America,32.7833,-79.9333,1900,58000,chandler,0,0
chicago|united states of america,Chicago,United States of America,41.85003,-87.65005,1900,1717000,chandler,1,0
cincinnati|united states of america,Cincinnati,United States of America,39.162,-84.45689,1900,417000,chandler,0,0
cleveland|united states of america,Cleveland,United States of America,41.499495,-81.695409,1900,385000,chandler,1,0
dallas|united states of america,Dallas,United States of America,32.78014,-96.800451,1900,42000,chandler,0,0
davenport|united states of america,Davenport,United States of America,41.5431,-90.5908,1900,71000,chandler,0,0
denver|united states of america,Denver,United States of America,39.737567,-104.984718,1900,133000,chandler,0,0
des moines|united states of america,Des Moines,United States of America,41.60054,-93.60911,1900,62000,chandler,0,0
duluth|united states of america,Duluth,United States of America,46.786672,-92.100485,1900,84000,chandler,1,0
galveston|united states of america,Galveston,United States of America,29.281111,-94.825833,1900,37000,chandler,0,0
honolulu|united states of america,Honolulu,United States of America,21.30694,-157.85833,1900,39000,chandler,1,0
houston|united states of america,Houston,United States of America,29.760193,-95.36939,1900,44000,chandler,0,0
kansas city|united states of america,Kansas City,United States of America,39.11417,-94.62746,1900,215000,chandler,0,0
knoxville|united states of america,Knoxville,United States of America,35.972778,-83.99769,1900,36000,chandler,0,0
little rock|united states of america,Little Rock,United States of America,34.74648,-92.28959,1900,42000,chandler,0,0
los angeles|united states of america,Los Angeles,United States of America,34.052234,-118.243685,1900,107000,chandler,0,0
louisville|united states of america,Louisville,United States of America,38.252563,-85.758367,1900,236000,chandler,0,0
memphis|united states of america,Memphis,United States of America,35.149703,-90.048529,1900,102000,chandler,0,0
minneapolis|united states of america,Minneapolis,United States of America,39.12194,-93.265011,1900,366000,chandler,0,0
mobile|united states of america,Mobile,United States of America,30.69436,-88.04305,1900,40000,chandler,0,0
nashville|united states of america,Nashville,United States of America,36.166667,-86.783333,1900,80000,chandler,0,0
new orleans|united states of america,New Orleans,United States of America,29.95465,-90.07507,1900,291000,chandler,1,0
new york|united states of america,New York,United States of America,40.714353,-74.005972,1900,4242000,chandler,1,0
omaha|united states of america,Omaha,United States of America,41.252363,-95.997988,1900,154000,chandler,0,0
philadelphia|united states of america,Philadelphia,United States of America,39.95,-75.1667,1900,1418000,chandler,0,0
pittsburgh|united states of america,Pittsburgh,United States of America,40.44062,-79.99589,1900,562000,chandler,0,0
richmond|united states of america,Richmond,United States of America,37.5333,77.4667,1900,85000,chandler,0,0
saginaw|united states of america,Saginaw,United States of America,43.41947,-83.950807,1900,42000,chandler,0,0
salt lake city|united states of america,Salt Lake City,United States of America,40.76078,-111.89105,1900,53000,chandler,0,0
san antonio|united states of america,San Antonio,United States of America,29.424122,-98.493628,1900,53000,chandler,0,0
san francisco|united states of america,San Francisco,United States of America,37.77493,-122.419416,1900,439000,chandler,1,0
savannah|united states of america,Savannah,United States of America,32.08354,-81.09983,1900,54000,chandler,1,0
seattle|united states of america,Seattle,United States of America,47.60621,-122.33207,1900,85000,chandler,1,0
spokane|united states of america,Spokane,United States of America,47.65966,-117.42908,1900,36000,chandler,0,0
st. helens|united states of america,St. Helens,United States of America,45.859444,-122.816944,1900,83000,chandler,0,0
st. louis|united states of america,St. Louis,United States of America,38.626978,-90.199403,1900,614000,chandler,0,0
terre haute|united states of america,Terre Haute,United States of America,39.4667,-87.41391,1900,36000,chandler,0,0
washington d.c.|united states of america,Washington D.C.,United States of America,38.914144,-77.0234,1900,278000,chandler,1,0
andizhan|uzbekistan,Andizhan,Uzbekistan,40.783333,72.333333,1900,55000,chandler,0,0
kokand|uzbekistan,Kokand,Uzbekistan,40.533261,70.932342,1900,86000,chandler,0,0
namangan|uzbekistan,Namangan,Uzbekistan,40.9983,71.67257,1900,64000,chandler,0,0
samarkand|uzbekistan,Samarkand,Uzbekistan,39.6576,66.947561,1900,58000,chandler,0,0
tashkent|uzbekistan,Tashkent,Uzbekistan,41.26465,69.21627,1900,180000,chandler,0,0
barquisimeto|venezuela,Barquisimeto,Venezuela,10.07389,-69.32278,1900,32000,chandler,0,0
caracas|venezuela,Caracas,Venezuela,10.48801,-66.87919,1900,82000,chandler,1,0
maracaibo|venezuela,Maracaibo,Venezuela,10.63167,-71.64056,1900,45000,chandler,0,0
valencia|venezuela,Valencia,Venezuela,10.174124,-67.999519,1900,38000,chandler,0,0
hanoi|vietnam,Hanoi,Vietnam,21.033333,105.85,1900,72000,chandler,0,0
ho chi minh|vietnam,Ho Chi Minh,Vietnam,10.823099,106.628767,1900,170000,chandler,0,0
hue|vietnam,Hue,Vietnam,16.46667,107.6,1900,42000,chandler,1,0
nam dinh|vietnam,Nam Dinh,Vietnam,20.42,106.168333,1900,33000,chandler,0,0
aden|yemen,Aden,Yemen,12.77944,45.03667,1900,35000,chandler,0,0
hodeidah|yemen,Hodeidah,Yemen,14.802222,42.951111,1900,33000,chandler,0,1
sana'a|yemen,Sana'a ,Yemen,15.35472,44.20667,1900,58000,chandler,0,0
wuzhou|china,Wuzhou,China,23.476963,111.279115,1901,65000,chandler,0,0
amber|india,Amber,India,26.985847,75.888251,1901,4956,chandler,0,0
aurangabad|india,Aurangabad,India,19.876165,75.343314,1901,30219,chandler,0,0
badami|india,Badami,India,15.91495,75.67683,1901,4482,chandler,0,0
kalyan|india,Kalyan,India,19.2437,73.13554,1901,11191,chandler,0,0
rajmahal|india,Rajmahal,India,25.05303,87.83048,1901,2047,chandler,0,0
srinagar|india,Srinagar,India,34.08842,74.80298,1901,122618,chandler,0,0
multan|pakistan,Multan,Pakistan,30.19556,71.47528,1901,87000,chandler,0,0
kathmandu|nepal,Kathmandu,Nepal,27.7,85.333333,1905,40000,chandler,0,0
jilin|china,Jilin,China,43.896536,125.32599,1907,75463,chandler,0,0
liaoyang|china,Liaoyang,China,41.266667,123.183333,1908,39000,chandler,0,0
lhasa|china,Lhasa,China,29.645563,91.140749,1910,30000,chandler,0,0
prizren|serbia,Prizren,Serbia,42.21389,20.73972,1910,30285,chandler,0,0
cordoba|spain,Cordoba,Spain,38.046133,-4.893564,1910,55514,chandler,0,0
sana'a|yemen,Sana'a ,Yemen,15.35472,44.20667,1910,18000,chandler,0,0
tripoli|libya,Tripoli,Libya,32.876175,13.187508,1911,29761,chandler,1,1
mengo|uganda,Mengo,Uganda,0.346667,32.605556,1911,32441,chandler,0,0
guangzhou|china,Guangzhou,China,23.11667,113.25,1912,675000,chandler,0,0
buenos aires|argentina,Buenos Aires,Argentina,-34.61315,-58.37723,1914,1630000,chandler,1,0
melbourne|australia,Melbourne,Australia,-37.814,144.96332,1914,651000,chandler,1,0
sydney|australia,Sydney,Australia,-33.86785,151.20732,1914,725000,chandler,1,0
prague|austria,Prague,Austria,50.08804,14.42076,1914,670000,chandler,0,0
rio de janeiro|brazil,Rio de Janeiro,Brazil,-22.90278,-43.2075,1914,1090000,chandler,0,0
montreal|canada,Montreal,Canada,45.50884,-73.58781,1914,526000,chandler,0,0
beijing|china,Beijing,China,39.9075,116.39723,1914,1000000,chandler,0,0
chengdu|china,Chengdu,China,30.66667,104.06667,1914,306423,chandler,0,0
guangzhou|china,Guangzhou,China,23.11667,113.25,1914,700000,chandler,0,0
shanghai|china,Shanghai,China,31.22222,121.45806,1914,1000000,chandler,0,0
tianjin|china,Tianjin,China,39.14222,117.17667,1914,785000,chandler,0,0
wuhan|china,Wuhan,China,30.58333,114.26667,1914,700000,chandler,0,0
copenhagen|denmark,Copenhagen,Denmark,55.67594,12.56553,1914,620000,chandler,1,0
cairo|egypt,Cairo,Egypt,30.06263,31.24967,1914,735000,chandler,0,0
lyon|france,Lyon,France,45.74846,4.84671,1914,615000,chandler,0,0
marseille|france,Marseille,France,43.29695,5.38107,1914,568000,chandler,1,0
paris|france,Paris,France,48.856614,2.352222,1914,4000000,chandler,0,0
berlin|germany,Berlin,Germany,52.52437,13.41053,1914,3500000,chandler,0,0
cologne|germany,Cologne,Germany,50.937531,6.960278,1914,621000,chandler,0,0
dresden|germany,Dresden,Germany,51.05089,13.73832,1914,618000,chandler,0,0
frankfurt am main|germany,Frankfurt am Main,Germany,50.110922,8.682128,1914,550000,chandler,0,0
hamburg|germany,Hamburg,Germany,53.57532,10.01534,1914,1300000,chandler,0,0
leipzig|germany,Leipzig,Germany,51.33962,12.37129,1914,618000,chandler,0,0
munich|germany,Munich,Germany,48.136739,11.576756,1914,642000,chandler,0,0
ruhr|germany,Ruhr,Germany,51.407415,6.862626,1914,1800000,chandler,0,0
wroclaw|germany,Wroclaw,Germany,51.116667,17.033333,1914,543000,chandler,0,0
budapest|hungary,Budapest,Hungary,47.49801,19.03991,1914,1050000,chandler,0,0
calcutta|india,Calcutta,India,22.56263,88.36304,1914,1400000,chandler,0,0
hyderabad|india,Hyderabad,India,17.38405,78.45636,1914,505000,chandler,0,0
madras|india,Madras,India,13.08784,80.27847,1914,522000,chandler,1,0
mumbai|india,Mumbai,India,19.07283,72.88261,1914,1080000,chandler,1,0
milan|italy,Milan,Italy,45.465453,9.198786,1914,655000,chandler,0,0
naples|italy,Naples,Italy,40.851775,14.268122,1914,691000,chandler,0,0
rome|italy,Rome,Italy,41.89474,12.4839,1914,570000,chandler,0,0
kyoto|japan,Kyoto,Japan,35.02107,135.75385,1914,517000,chandler,0,0
osaka|japan,Osaka,Japan,34.693216,135.502082,1914,1480000,chandler,1,0
tokyo|japan,Tokyo,Japan,35.6895,139.69171,1914,3500000,chandler,1,0
mexico city|mexico,Mexico City,Mexico,19.42847,-99.12766,1914,600000,chandler,0,0
amsterdam|netherlands,Amsterdam,Netherlands,52.37403,4.88969,1914,601000,chandler,0,0
warsaw|poland,Warsaw,Poland,52.22977,21.01178,1914,906000,chandler,0,0
lisbon|portugal,Lisbon,Portugal,38.71667,-9.13333,1914,455000,chandler,0,0
moscow|russian federation,Moscow,Russian Federation,55.75222,37.61556,1914,1805000,chandler,0,0
barcelona|spain,Barcelona,Spain,41.38879,2.15899,1914,626000,chandler,1,0
madrid|spain,Madrid,Spain,40.416775,-3.703789,1914,623000,chandler,0,0
istanbul|turkey,Istanbul,Turkey,41.005275,28.976944,1914,1125000,chandler,0,0
kiev|ukraine,Kiev,Ukraine,50.45466,30.5238,1914,625000,chandler,0,0
glasgow|united kingdom,Glasgow,United Kingdom,55.86515,-4.25763,1914,1125000,chandler,0,0
london|united kingdom,London,United Kingdom,51.511214,-0.119825,1914,7419000,chandler,0,0
manchester|united kingdom,Manchester,United Kingdom,53.48095,-2.23743,1914,1600000,chandler,0,0
newcastle upon tyne|united kingdom,Newcastle upon Tyne,United Kingdom,54.978253,-1.617781,1914,700000,chandler,0,0
baltimore|united states of america,Baltimore,United States of America,39.29038,-76.61219,1914,579000,chandler,1,0
boston|united states of america,Boston,United States of America,42.358431,-71.059772,1914,1304000,chandler,0,0
buffalo|united states of america,Buffalo,United States of America,42.9047,-78.8494,1914,460000,chandler,1,0
chicago|united states of america,Chicago,United States of America,41.85003,-87.65005,1914,2420000,chandler,1,0
cincinnati|united states of america,Cincinnati,United States of America,39.162,-84.45689,1914,515000,chandler,0,0
cleveland|united states of america,Cleveland,United States of America,41.499495,-81.695409,1914,650000,chandler,1,0
los angeles|united states of america,Los Angeles,United States of America,34.052234,-118.243685,1914,480000,chandler,0,0
minneapolis|united states of america,Minneapolis,United States of America,39.12194,-93.265011,1914,580000,chandler,0,0
new york|united states of america,New York,United States of America,40.714353,-74.005972,1914,6700000,chandler,1,0
philadelphia|united states of america,Philadelphia,United States of America,39.95,-75.1667,1914,17600000,chandler,0,0
pittsburgh|united states of america,Pittsburgh,United States of America,40.44062,-79.99589,1914,775000,chandler,0,0
san francisco|united states of america,San Francisco,United States of America,37.77493,-122.419416,1914,709000,chandler,1,0
st. louis|united states of america,St. Louis,United States of America,38.626978,-90.199403,1914,804000,chandler,0,0
changchun|china,Changchun,China,43.9,125.2,1922,56000,chandler,0,0
changzhou|china,Changzhou,China,31.77358,119.95401,1922,56000,chandler,0,0
penglai|china,Penglai,China,37.8086111,120.7508333,1922,60000,chandler,1,0
algiers|algiers,Algiers,Algiers,36.7525,3.04197,1925,2220000,chandler,1,0
buenos aires|argentina,Buenos Aires,Argentina,-34.61315,-58.37723,1925,2410000,chandler,1,0
rosario|argentina,Rosario,Argentina,-32.94682,-60.63932,1925,335000,chandler,0,0
adelaide|australia,Adelaide,Australia,-34.92866,138.59863,1925,303000,chandler,1,0
brisbane|australia,Brisbane,Australia,-27.46794,153.02809,1925,263000,chandler,1,0
melbourne|australia,Melbourne,Australia,-37.814,144.96332,1925,912000,chandler,1,0
sydney|australia,Sydney,Australia,-33.86785,151.20732,1925,1039000,chandler,1,0
prague|austria,Prague,Austria,50.08804,14.42076,1925,745000,chandler,0,0
vienna|austria,Vienna,Austria,48.20849,16.37208,1925,1865000,chandler,0,0
baku|azerbaijan,Baku,Azerbaijan,40.37767,49.89201,1925,416000,chandler,0,0
antwerp|belgium,Antwerp,Belgium,51.219217,4.402883,1925,466000,chandler,0,0
liege|belgium,Liege,Belgium,50.63373,5.56749,1925,327000,chandler,0,0
belem|brazil,Belem,Brazil,-1.455833,-48.503889,1925,257000,chandler,0,0
porto alegre|brazil,Porto Alegre,Brazil,-30.03306,-51.23,1925,226000,chandler,1,0
recife|brazil,Recife,Brazil,-8.05389,-34.88111,1925,375000,chandler,0,0
rio de janeiro|brazil,Rio de Janeiro,Brazil,-22.90278,-43.2075,1925,1240000,chandler,0,0
salvador|brazil,Salvador,Brazil,-12.97111,-38.51083,1925,320000,chandler,0,0
sao paolo|brazil,Sao Paolo,Brazil,-23.5475,-46.63611,1925,740000,chandler,0,0
sofia|bulgaria,Sofia,Bulgaria,42.69751,23.32415,1925,205000,chandler,0,0
montreal|canada,Montreal,Canada,45.50884,-73.58781,1925,728000,chandler,0,0
toronto|canada,Toronto,Canada,43.70011,-79.4163,1925,565000,chandler,1,0
winnipeg|canada,Winnipeg,Canada,49.8844,-97.14704,1925,202000,chandler,0,0
santiago|chile,Santiago,Chile,-33.45,-70.666667,1925,590000,chandler,0,0
valparaiso|chile,Valparaiso,Chile,-33.05,-71.6167,1925,225000,chandler,1,0
beijing|china,Beijing,China,39.9075,116.39723,1925,1266000,chandler,0,0
changsha|china,Changsha,China,28.196111,112.972222,1925,260000,chandler,0,0
chengdu|china,Chengdu,China,30.66667,104.06667,1925,385000,chandler,0,0
chongqing|china,Chongqing,China,29.56301,106.551557,1925,608000,chandler,0,0
fuzhou|china,Fuzhou,China,26.076111,119.306389,1925,322000,chandler,0,0
guangzhou|china,Guangzhou,China,23.11667,113.25,1925,789000,chandler,0,0
hangzhou|china,Hangzhou,China,30.25,120.166667,1925,380000,chandler,1,0
harbin|china,Harbin,China,45.75,126.65,1925,381000,chandler,0,0
hong kong|china,Hong Kong,China,22.28552,114.15769,1925,750000,chandler,1,0
jinan|china,Jinan,China,36.650997,117.120497,1925,377000,chandler,0,0
kaifeng|china,Kaifeng,China,34.7986,114.30742,1925,233000,chandler,0,0
lanzhou|china,Lanzhou,China,36.061089,103.834304,1925,110000,chandler,0,0
nanjing|china,Nanjing,China,32.05,118.766667,1925,395000,chandler,0,0
ningbo|china,Ningbo,China,29.866667,121.55,1925,284000,chandler,0,0
shanghai|china,Shanghai,China,31.22222,121.45806,1925,1500000,chandler,0,0
shenyang|china,Shenyang,China,41.79222,123.43278,1925,360000,chandler,0,0
suzhou|china,Suzhou,China,31.3,120.6,1925,350000,chandler,0,0
tianjin|china,Tianjin,China,39.14222,117.17667,1925,800000,chandler,0,0
wanxian|china,Wanxian,China,30.9,108.467,1925,97000,chandler,0,0
wenzhou|china,Wenzhou,China,27.99942,120.66682,1925,202000,chandler,1,0
wuhan|china,Wuhan,China,30.58333,114.26667,1925,818000,chandler,0,0
wuxi|china,Wuxi,China,31.49117,120.31191,1925,200000,chandler,0,0
xian|china,Xian,China,34.341485,108.940404,1925,250000,chandler,0,0
havana|cuba,Havana,Cuba,23.13302,-82.38304,1925,550000,chandler,1,0
copenhagen|denmark,Copenhagen,Denmark,55.67594,12.56553,1925,790000,chandler,1,0
alexandria|egypt,Alexandria,Egypt,31.200092,29.918739,1925,540000,chandler,1,0
cairo|egypt,Cairo,Egypt,30.06263,31.24967,1925,1000000,chandler,0,0
helsinki|finland,Helsinki,Finland,60.173324,24.941025,1925,211000,chandler,1,0
bordeaux|france,Bordeaux,France,44.84044,-0.5805,1925,369000,chandler,0,0
lyon|france,Lyon,France,45.74846,4.84671,1925,691000,chandler,0,0
marseille|france,Marseille,France,43.29695,5.38107,1925,612000,chandler,1,0
paris|france,Paris,France,48.856614,2.352222,1925,4800000,chandler,0,0
tbilisi|georgia,Tbilisi,Georgia,41.709975,44.792989,1925,274000,chandler,0,0
berlin|germany,Berlin,Germany,52.52437,13.41053,1925,4013000,chandler,0,0
bremen|germany,Bremen,Germany,53.07516,8.80777,1925,294000,chandler,0,0
cologne|germany,Cologne,Germany,50.937531,6.960278,1925,698000,chandler,0,0
dresden|germany,Dresden,Germany,51.05089,13.73832,1925,619000,chandler,0,0
frankfurt am main|germany,Frankfurt am Main,Germany,50.110922,8.682128,1925,563000,chandler,0,0
hamburg|germany,Hamburg,Germany,53.57532,10.01534,1925,1369000,chandler,0,0
hannover|germany,Hannover,Germany,52.37052,9.73322,1925,422000,chandler,0,0
konigsberg|germany,Konigsberg,Germany,54.716667,20.516667,1925,279000,chandler,0,0
leipzig|germany,Leipzig,Germany,51.33962,12.37129,1925,679000,chandler,0,0
munich|germany,Munich,Germany,48.136739,11.576756,1925,680000,chandler,0,0
nurnberg|germany,Nurnberg,Germany,49.452031,11.07675,1925,466000,chandler,0,0
ruhr|germany,Ruhr,Germany,51.407415,6.862626,1925,3400000,chandler,0,0
wroclaw|germany,Wroclaw,Germany,51.116667,17.033333,1925,573000,chandler,0,0
athens|greece,Athens,Greece,37.97945,23.71622,1925,571000,chandler,1,0
thessaloniki|greece,Thessaloniki,Greece,40.63935,22.944606,1925,263000,chandler,1,0
budapest|hungary,Budapest,Hungary,47.49801,19.03991,1925,1318000,chandler,0,0
agra|india,Agra,India,27.18333,78.01667,1925,207000,chandler,0,0
ahmedabad|india,Ahmedabad,India,23.039568,72.566004,1925,293000,chandler,0,0
amritsar|india,Amritsar,India,31.63661,74.87476,1925,212000,chandler,0,0
bangalore|india,Bangalore,India,12.97194,77.59369,1925,271000,chandler,0,0
calcutta|india,Calcutta,India,22.56263,88.36304,1925,1390000,chandler,0,0
delhi|india,Delhi,India,28.65381,77.22897,1925,375000,chandler,0,0
hyderabad|india,Hyderabad,India,17.38405,78.45636,1925,429000,chandler,0,0
kanpur|india,Kanpur,India,26.4478,80.34627,1925,230000,chandler,0,0
lucknow|india,Lucknow,India,26.83928,80.92313,1925,257000,chandler,0,0
madras|india,Madras,India,13.08784,80.27847,1925,575000,chandler,1,0
mumbai|india,Mumbai,India,19.07283,72.88261,1925,1170000,chandler,1,0
pune|india,Pune,India,18.52043,73.856744,1925,232000,chandler,0,0
varanasi|india,Varanasi,India,25.317645,82.973914,1925,201000,chandler,0,0
jakarta|indonesia,Jakarta,Indonesia,-6.21462,106.84513,1925,290000,chandler,1,0
surabaya|indonesia,Surabaya,Indonesia,-7.24917,112.75083,1925,230000,chandler,0,0
tehran|iran,Tehran,Iran,35.69439,51.42151,1925,243000,chandler,0,0
baghdad|iraq,Baghdad,Iraq,33.34058,44.40088,1925,200000,chandler,0,0
belfast|ireland,Belfast,Ireland,54.597283,-5.930117,1925,415000,chandler,1,0
dublin|ireland,Dublin,Ireland,53.33306,-6.24889,1925,418000,chandler,1,0
bologna|italy,Bologna,Italy,44.49381,11.33875,1925,200000,chandler,0,0
catania|italy,Catania,Italy,37.50213,15.08719,1925,263000,chandler,1,0
genova|italy,Genova,Italy,44.40565,8.946256,1925,252000,chandler,0,0
milan|italy,Milan,Italy,45.465453,9.198786,1925,917000,chandler,0,0
naples|italy,Naples,Italy,40.851775,14.268122,1925,852000,chandler,0,0
palermo|italy,Palermo,Italy,38.115689,13.361267,1925,370000,chandler,1,0
rome|italy,Rome,Italy,41.89474,12.4839,1925,758000,chandler,0,0
turin|italy,Turin,Italy,45.07049,7.68682,1925,520000,chandler,0,0
venice|italy,Venice,Italy,45.440847,12.315514,1925,226000,chandler,0,0
osaka|japan,Osaka,Japan,34.693216,135.502082,1925,2219000,chandler,1,0
tokyo|japan,Tokyo,Japan,35.6895,139.69171,1925,5300000,chandler,1,0
mexico city|mexico,Mexico City,Mexico,19.42847,-99.12766,1925,772000,chandler,0,0
yangon|myanmar,Yangon,Myanmar,16.80528,96.15611,1925,376000,chandler,1,0
amsterdam|netherlands,Amsterdam,Netherlands,52.37403,4.88969,1925,718000,chandler,0,0
ibadan|nigeria,Ibadan,Nigeria,7.38778,3.89639,1925,300000,chandler,0,0
oslo|norway,Oslo,Norway,59.913869,10.752245,1925,255000,chandler,0,0
karachi|pakistan,Karachi,Pakistan,24.9056,67.0822,1925,240000,chandler,1,0
lahore|pakistan,Lahore,Pakistan,31.54972,74.34361,1925,355000,chandler,0,0
manila|philippines,Manila,Philippines,14.58,121,1925,325000,chandler,1,0
gdansk|poland,Gdansk,Poland,54.352025,18.64663,1925,226000,chandler,1,0
lvov|poland,Lvov,Poland,49.839683,24.029717,1925,230000,chandler,0,0
poznan|poland,Poznan,Poland,52.40692,16.92993,1925,212000,chandler,0,0
szczecin|poland,Szczecin,Poland,53.416667,14.583333,1925,253000,chandler,0,0
warsaw|poland,Warsaw,Poland,52.22977,21.01178,1925,1002000,chandler,0,0
lisbon|portugal,Lisbon,Portugal,38.71667,-9.13333,1925,567000,chandler,0,0
oporto|portugal,Oporto,Portugal,41.167972,-8.627064,1925,256000,chandler,1,0
seoul|republic of korea,Seoul,Republic of Korea,37.56826,126.97783,1925,297000,chandler,0,0
bucharest|romania,Bucharest,Romania,44.43225,26.10626,1925,550000,chandler,0,0
moscow|russian federation,Moscow,Russian Federation,55.75222,37.61556,1925,1764000,chandler,0,0
odessa|russian federation,Odessa,Russian Federation,46.47747,30.73262,1925,400000,chandler,1,0
riga|russian federation,Riga,Russian Federation,56.946,24.10589,1925,337000,chandler,1,0
rostov-on-don|russian federation,Rostov-on-Don,Russian Federation,47.2333,39.41394,1925,295000,chandler,1,0
saint petersburg|russian federation,Saint Petersburg,Russian Federation,59.89444,30.26417,1925,1430000,chandler,1,0
singapore|singapore,Singapore,Singapore,1.28967,103.85007,1925,485000,chandler,0,0
cape town|south africa,Cape Town,South Africa,-33.92584,18.42322,1925,222000,chandler,1,0
johannesburg|south africa,Johannesburg,South Africa,-26.20227,28.04363,1925,538000,chandler,0,0
barcelona|spain,Barcelona,Spain,41.38879,2.15899,1925,803000,chandler,1,0
madrid|spain,Madrid,Spain,40.416775,-3.703789,1925,791000,chandler,0,0
valencia|spain,Valencia,Spain,39.469908,-0.376289,1925,262000,chandler,1,0
colombo|sri lanka,Colombo,Sri Lanka,6.9344,79.8428,1925,264000,chandler,1,0
goteborg|sweden,Goteborg,Sweden,57.70887,11.97456,1925,230000,chandler,1,0
stockholm|sweden,Stockholm,Sweden,59.33258,18.0649,1925,442000,chandler,1,0
zurich|switzerland,Zurich,Switzerland,47.36667,8.55,1925,216000,chandler,0,0
taipei|taiwan,Taipei,Taiwan,25.04776,121.53185,1925,204000,chandler,0,0
bangkok|thailand,Bangkok,Thailand,13.75398,100.50144,1925,375000,chandler,0,0
istanbul|turkey,Istanbul,Turkey,41.005275,28.976944,1925,817000,chandler,0,0
kharkov|ukraine,Kharkov,Ukraine,49.9935,36.230384,1925,388000,chandler,0,0
kiev|ukraine,Kiev,Ukraine,50.45466,30.5238,1925,463000,chandler,0,0
edinburgh|united kingdom,Edinburgh,United Kingdom,55.95206,-3.19648,1925,444000,chandler,1,0
glasgow|united kingdom,Glasgow,United Kingdom,55.86515,-4.25763,1925,1396000,chandler,0,0
london|united kingdom,London,United Kingdom,51.511214,-0.119825,1925,7742000,chandler,0,0
manchester|united kingdom,Manchester,United Kingdom,53.48095,-2.23743,1925,1725000,chandler,0,0
newcastle upon tyne|united kingdom,Newcastle upon Tyne,United Kingdom,54.978253,-1.617781,1925,750000,chandler,0,0
atlanta|united states of america,Atlanta,United States of America,33.749,-84.38798,1925,245000,chandler,0,0
baltimore|united states of america,Baltimore,United States of America,39.29038,-76.61219,1925,769000,chandler,1,0
birmingham|united states of america,Birmingham,United States of America,33.520661,-86.80249,1925,257000,chandler,0,0
boston|united states of america,Boston,United States of America,42.358431,-71.059772,1925,1764000,chandler,0,0
buffalo|united states of america,Buffalo,United States of America,42.9047,-78.8494,1925,536000,chandler,1,0
chicago|united states of america,Chicago,United States of America,41.85003,-87.65005,1925,3564000,chandler,1,0
cincinnati|united states of america,Cincinnati,United States of America,39.162,-84.45689,1925,568000,chandler,0,0
cleveland|united states of america,Cleveland,United States of America,41.499495,-81.695409,1925,990000,chandler,1,0
denver|united states of america,Denver,United States of America,39.737567,-104.984718,1925,272000,chandler,0,0
detroit|united states of america,Detroit,United States of America,42.33143,-83.04575,1925,1394000,chandler,0,0
kansas city|united states of america,Kansas City,United States of America,39.11417,-94.62746,1925,521000,chandler,0,0
los angeles|united states of america,Los Angeles,United States of America,34.052234,-118.243685,1925,1147000,chandler,0,0
louisville|united states of america,Louisville,United States of America,38.252563,-85.758367,1925,343000,chandler,0,0
minneapolis|united states of america,Minneapolis,United States of America,39.12194,-93.265011,1925,675000,chandler,0,0
new orleans|united states of america,New Orleans,United States of America,29.95465,-90.07507,1925,429000,chandler,1,0
new york|united states of america,New York,United States of America,40.714353,-74.005972,1925,7774000,chandler,1,0
omaha|united states of america,Omaha,United States of America,41.252363,-95.997988,1925,243000,chandler,0,0
philadelphia|united states of america,Philadelphia,United States of America,39.95,-75.1667,1925,2085000,chandler,0,0
pittsburgh|united states of america,Pittsburgh,United States of America,40.44062,-79.99589,1925,823000,chandler,0,0
san francisco|united states of america,San Francisco,United States of America,37.77493,-122.419416,1925,935000,chandler,1,0
seattle|united states of america,Seattle,United States of America,47.60621,-122.33207,1925,340000,chandler,1,0
st. louis|united states of america,St. Louis,United States of America,38.626978,-90.199403,1925,930000,chandler,0,0
washington d.c.|united states of america,Washington D.C.,United States of America,38.914144,-77.0234,1925,462000,chandler,1,0
tashkent|uzbekistan,Tashkent,Uzbekistan,41.26465,69.21627,1925,308000,chandler,0,0
ho chi minh|vietnam,Ho Chi Minh,Vietnam,10.823099,106.628767,1925,329000,chandler,0,0
nanchang|china,Nanchang,China,28.68333,115.88333,1928,206378,chandler,0,0
xian|china,Xian,China,34.341485,108.940404,1930,200000,chandler,0,0
xiangyang|china,Xiangyang,China,32.017,112.133,1930,83000,chandler,0,0
zaria|nigeria,Zaria,Nigeria,11.11128,7.7227,1931,28121,chandler,0,0
yadz|iran,Yadz,Iran,31.896611,54.360681,1933,55150,chandler,0,0
lanzhou|china,Lanzhou,China,36.061089,103.834304,1935,122000,chandler,0,0
guilin|china,Guilin,China,25.273566,110.290195,1936,74791,chandler,0,0
datong|china,Datong,China,40.083333,113.3,1938,70000,chandler,0,0
tsinkiang|china,Tsinkiang,China,24.913889,118.58583,1938,57000,chandler,1,0
urumqi|china,Urumqi,China,43.825644,87.616822,1938,45000,chandler,0,0
suzhou|china,Suzhou,China,31.3,120.6,1940,270000,chandler,0,0
yadz|iran,Yadz,Iran,31.896611,54.360681,1941,60000,chandler,0,0
hangzhou|china,Hangzhou,China,30.25,120.166667,1944,606136,chandler,1,0
urumqi|china,Urumqi,China,43.825644,87.616822,1947,69991,chandler,0,0
fez|morocco,Fez,Morocco,34.033333,-5.01,1947,200000,chandler,0,0
marrakech|morocco,Marrakech,Morocco,31.63416,-7.99994,1947,238000,chandler,0,0
chiang mai|thailand,Chiang Mai,Thailand,18.790978,98.960775,1947,26062,chandler,0,0
changzhou|china,Changzhou,China,31.77358,119.95401,1948,62399,chandler,0,0
jingdezhen|china,Jingdezhen,China,29.268836,117.17842,1948,86744,chandler,0,0
nanchang|china,Nanchang,China,28.68333,115.88333,1948,266346,chandler,0,0
ningbo|china,Ningbo,China,29.866667,121.55,1948,210327,chandler,0,0
suzhou|china,Suzhou,China,31.3,120.6,1948,381288,chandler,0,0
tsinkiang|china,Tsinkiang,China,24.913889,118.58583,1948,120655,chandler,1,0
wanxian|china,Wanxian,China,30.9,108.467,1948,110381,chandler,0,0
xian|china,Xian,China,34.341485,108.940404,1948,391990,chandler,0,0
zhangye|china,Zhangye,China,38.93333,100.45,1948,58582,chandler,0,0
mengo|uganda,Mengo,Uganda,0.346667,32.605556,1948,34337,chandler,0,0
herat|afghanistan,Herat,Afghanistan,34.34817,62.19967,1950,80000,chandler,0,0
kabul|afghanistan,Kabul,Afghanistan,34.52813,69.17233,1950,214000,chandler,0,0
oran|algeria,Oran,Algeria,35.69111,-0.64167,1950,270000,chandler,1,0
algiers|algiers,Algiers,Algiers,36.7525,3.04197,1950,430000,chandler,1,0
buenos aires|argentina,Buenos Aires,Argentina,-34.61315,-58.37723,1950,5000000,chandler,1,0
cordoba|argentina,Cordoba,Argentina,-31.4135,-64.18105,1950,380000,chandler,0,0
rosario|argentina,Rosario,Argentina,-32.94682,-60.63932,1950,485000,chandler,0,0
tucuman|argentina,Tucuman,Argentina,-26.808285,-65.21759,1950,214000,chandler,0,0
yerevan|armenia,Yerevan,Armenia,40.183333,44.516667,1950,315000,chandler,0,0
adelaide|australia,Adelaide,Australia,-34.92866,138.59863,1950,420000,chandler,1,0
brisbane|australia,Brisbane,Australia,-27.46794,153.02809,1950,440000,chandler,1,0
melbourne|australia,Melbourne,Australia,-37.814,144.96332,1950,1350000,chandler,1,0
perth|australia,Perth,Australia,-31.95224,115.8614,1950,302000,chandler,1,0
sydney|australia,Sydney,Australia,-33.86785,151.20732,1950,1635000,chandler,1,0
prague|austria,Prague,Austria,50.08804,14.42076,1950,951000,chandler,0,0
vienna|austria,Vienna,Austria,48.20849,16.37208,1950,1755000,chandler,0,0
baku|azerbaijan,Baku,Azerbaijan,40.37767,49.89201,1950,840000,chandler,0,0
chittagong|bangladesh,Chittagong,Bangladesh,22.3384,91.83168,1950,252000,chandler,1,1
minsk|belarus,Minsk,Belarus,53.9,27.56667,1950,300000,chandler,0,0
antwerp|belgium,Antwerp,Belgium,51.219217,4.402883,1950,610000,chandler,0,0
gent|belgium,Gent,Belgium,51.053469,3.730378,1950,228000,chandler,0,0
liege|belgium,Liege,Belgium,50.63373,5.56749,1950,450000,chandler,0,0
la paz|bolivia,La Paz,Bolivia,-16.5,-68.15,1950,321000,chandler,0,0
belem|brazil,Belem,Brazil,-1.455833,-48.503889,1950,254000,chandler,0,0
fortaleza|brazil,Fortaleza,Brazil,-3.71722,-38.54306,1950,205000,chandler,1,0
porto alegre|brazil,Porto Alegre,Brazil,-30.03306,-51.23,1950,375000,chandler,1,0
recife|brazil,Recife,Brazil,-8.05389,-34.88111,1950,550000,chandler,0,0
rio de janeiro|brazil,Rio de Janeiro,Brazil,-22.90278,-43.2075,1950,2866000,chandler,0,0
salvador|brazil,Salvador,Brazil,-12.97111,-38.51083,1950,389000,chandler,0,0
sao paolo|brazil,Sao Paolo,Brazil,-23.5475,-46.63611,1950,2227000,chandler,0,0
sofia|bulgaria,Sofia,Bulgaria,42.69751,23.32415,1950,437000,chandler,0,0
phnom penh|cambodia,Phnom Penh,Cambodia,11.56245,104.91601,1950,270000,chandler,0,0
charlottetown|canada,Charlottetown,Canada,46.2382,-63.1311,1950,20000,manual_override_canada_ports,0,0
halifax|canada,Halifax,Canada,44.6488,-63.5752,1950,85000,manual_override_canada_ports,0,0
montreal|canada,Montreal,Canada,45.50884,-73.58781,1950,1242000,chandler,0,0
ottawa|canada,Ottawa,Canada,45.41117,-75.69812,1950,258000,chandler,0,0
quebec|canada,Quebec,Canada,46.81228,-71.21454,1950,216000,chandler,1,0
saint john|canada,Saint John,Canada,45.2733,-66.0633,1950,50000,manual_override_canada_ports,0,0
st. john's|canada,St. John's,Canada,47.5615,-52.7126,1950,52000,manual_override_canada_ports,1,1
toronto|canada,Toronto,Canada,43.70011,-79.4163,1950,970000,chandler,1,0
vancouver|canada,Vancouver,Canada,49.24966,-123.11934,1950,525000,chandler,1,0
winnipeg|canada,Winnipeg,Canada,49.8844,-97.14704,1950,292000,chandler,0,0
santiago|chile,Santiago,Chile,-33.45,-70.666667,1950,1250000,chandler,0,0
valparaiso|chile,Valparaiso,Chile,-33.05,-71.6167,1950,298000,chandler,1,0
beijing|china,Beijing,China,39.9075,116.39723,1950,2031000,chandler,0,0
changchun|china,Changchun,China,43.9,125.2,1950,630000,chandler,0,0
changsha|china,Changsha,China,28.196111,112.972222,1950,396000,chandler,0,0
chengdu|china,Chengdu,China,30.66667,104.06667,1950,647000,chandler,0,0
chongqing|china,Chongqing,China,29.56301,106.551557,1950,1055000,chandler,0,0
fuzhou|china,Fuzhou,China,26.076111,119.306389,1950,400000,chandler,0,0
guangzhou|china,Guangzhou,China,23.11667,113.25,1950,1495000,chandler,0,0
guiyang|china,Guiyang,China,26.647661,106.630154,1950,239000,chandler,0,0
hangzhou|china,Hangzhou,China,30.25,120.166667,1950,517000,chandler,1,0
harbin|china,Harbin,China,45.75,126.65,1950,760000,chandler,0,0
hong kong|china,Hong Kong,China,22.28552,114.15769,1950,2100000,chandler,1,0
jinan|china,Jinan,China,36.650997,117.120497,1950,532000,chandler,0,0
kaifeng|china,Kaifeng,China,34.7986,114.30742,1950,280000,chandler,0,0
kunming|china,Kunming,China,25.03889,102.71833,1950,400000,chandler,0,0
lanzhou|china,Lanzhou,China,36.061089,103.834304,1950,320000,chandler,0,0
nanchang|china,Nanchang,China,28.68333,115.88333,1950,266000,chandler,0,0
nanjing|china,Nanjing,China,32.05,118.766667,1950,1020000,chandler,0,0
ningbo|china,Ningbo,China,29.866667,121.55,1950,210000,chandler,0,0
shanghai|china,Shanghai,China,31.22222,121.45806,1950,5406000,chandler,0,0
shenyang|china,Shenyang,China,41.79222,123.43278,1950,850000,chandler,0,0
suzhou|china,Suzhou,China,31.3,120.6,1950,511000,chandler,0,0
tainan city|china,Tainan City,China,22.983333,120.18333,1950,229000,chandler,1,0
taiyuan|china,Taiyuan,China,37.87059,112.548879,1950,300000,chandler,0,0
tianjin|china,Tianjin,China,39.14222,117.17667,1950,1795000,chandler,0,0
wuhan|china,Wuhan,China,30.58333,114.26667,1950,1150000,chandler,0,0
wuxi|china,Wuxi,China,31.49117,120.31191,1950,273000,chandler,0,0
xian|china,Xian,China,34.341485,108.940404,1950,559000,chandler,0,0
barranquilla|colombia,Barranquilla,Colombia,10.96854,-74.78132,1950,280000,chandler,1,0
cali|colombia,Cali,Colombia,3.43722,-76.5225,1950,256000,chandler,0,0
medellin|colombia,Medellin,Colombia,6.25184,-75.56359,1950,264000,chandler,0,0
bogota|columbia,Bogota,Columbia,4.598056,-74.075833,1950,600000,chandler,0,0
zagreb|croatia,Zagreb,Croatia,45.81444,15.97798,1950,325000,chandler,0,0
havana|cuba,Havana,Cuba,23.13302,-82.38304,1950,1090000,chandler,1,0
pyongyang|dem. people's republic of korea,Pyongyang,Dem. People's Republic of Korea,39.03385,125.75432,1950,400000,chandler,0,0
kinshasa|democratic republic of the congo,Kinshasa,Democratic Republic of the Congo,-4.325,15.3222,1950,334000,chandler,0,0
copenhagen|denmark,Copenhagen,Denmark,55.67594,12.56553,1950,1150000,chandler,1,0
guayaquil|ecuador,Guayaquil,Ecuador,-2.18194,-79.89167,1950,258000,chandler,0,0
quito|ecuador,Quito,Ecuador,-0.22985,-78.52495,1950,209000,chandler,0,0
alexandria|egypt,Alexandria,Egypt,31.200092,29.918739,1950,1100000,chandler,1,0
cairo|egypt,Cairo,Egypt,30.06263,31.24967,1950,2750000,chandler,0,0
addis ababa|ethiopia,Addis Ababa,Ethiopia,9.02497,38.74689,1950,325000,chandler,0,0
helsinki|finland,Helsinki,Finland,60.173324,24.941025,1950,367000,chandler,1,0
bordeaux|france,Bordeaux,France,44.84044,-0.5805,1950,427000,chandler,0,0
lyon|france,Lyon,France,45.74846,4.84671,1950,646000,chandler,0,0
marseille|france,Marseille,France,43.29695,5.38107,1950,625000,chandler,1,0
paris|france,Paris,France,48.856614,2.352222,1950,5900000,chandler,0,0
rouen|france,Rouen,France,49.44313,1.09932,1950,225000,chandler,0,0
toulouse|france,Toulouse,France,43.60426,1.44367,1950,235000,chandler,0,0
tbilisi|georgia,Tbilisi,Georgia,41.709975,44.792989,1950,585000,chandler,0,0
augsberg|germany,Augsberg,Germany,48.371444,10.898239,1950,212000,chandler,0,0
berlin|germany,Berlin,Germany,52.52437,13.41053,1950,3707000,chandler,0,0
braunschweig|germany,Braunschweig,Germany,52.268875,10.526769,1950,223000,chandler,0,0
bremen|germany,Bremen,Germany,53.07516,8.80777,1950,490000,chandler,0,0
cologne|germany,Cologne,Germany,50.937531,6.960278,1950,692000,chandler,0,0
dresden|germany,Dresden,Germany,51.05089,13.73832,1950,635000,chandler,0,0
frankfurt am main|germany,Frankfurt am Main,Germany,50.110922,8.682128,1950,680000,chandler,0,0
hamburg|germany,Hamburg,Germany,53.57532,10.01534,1950,1580000,chandler,0,0
hannover|germany,Hannover,Germany,52.37052,9.73322,1950,469000,chandler,0,0
leipzig|germany,Leipzig,Germany,51.33962,12.37129,1950,645000,chandler,0,0
lubeck|germany,Lubeck,Germany,53.865886,10.687097,1950,237000,chandler,0,0
magdeburg|germany,Magdeburg,Germany,52.130808,11.628878,1950,236000,chandler,0,0
munich|germany,Munich,Germany,48.136739,11.576756,1950,870000,chandler,0,0
nurnberg|germany,Nurnberg,Germany,49.452031,11.07675,1950,479000,chandler,0,0
ruhr|germany,Ruhr,Germany,51.407415,6.862626,1950,4900000,chandler,0,0
wroclaw|germany,Wroclaw,Germany,51.116667,17.033333,1950,279000,chandler,0,0
athens|greece,Athens,Greece,37.97945,23.71622,1950,1140000,chandler,1,0
thessaloniki|greece,Thessaloniki,Greece,40.63935,22.944606,1950,217000,chandler,1,0
guatemala city|guatemala,Guatemala City,Guatemala,14.64072,-90.51327,1950,284000,chandler,0,0
budapest|hungary,Budapest,Hungary,47.49801,19.03991,1950,1500000,chandler,0,0
agra|india,Agra,India,27.18333,78.01667,1950,364000,chandler,0,0
ahmedabad|india,Ahmedabad,India,23.039568,72.566004,1950,758000,chandler,0,0
allahabad|india,Allahabad,India,25.44894,81.83328,1950,328000,chandler,0,0
amritsar|india,Amritsar,India,31.63661,74.87476,1950,320000,chandler,0,0
bangalore|india,Bangalore,India,12.97194,77.59369,1950,725000,chandler,0,0
calcutta|india,Calcutta,India,22.56263,88.36304,1950,4800000,chandler,0,0
delhi|india,Delhi,India,28.65381,77.22897,1950,1306000,chandler,0,0
dhaka|india,Dhaka,India,23.709921,90.407143,1950,405000,chandler,0,0
gwalior|india,Gwalior,India,26.22982,78.17337,1950,238000,chandler,0,0
hyderabad|india,Hyderabad,India,17.38405,78.45636,1950,1075000,chandler,0,0
indore|india,Indore,India,22.71792,75.8333,1950,304000,chandler,0,0
jaipur|india,Jaipur,India,26.91962,75.78781,1950,286000,chandler,0,0
kanpur|india,Kanpur,India,26.4478,80.34627,1950,670000,chandler,0,0
lucknow|india,Lucknow,India,26.83928,80.92313,1950,481000,chandler,0,0
madras|india,Madras,India,13.08784,80.27847,1950,1356000,chandler,1,0
madurai|india,Madurai,India,9.91735,78.11962,1950,352000,chandler,0,0
meerut|india,Meerut,India,28.97155,77.71934,1950,229000,chandler,0,0
mumbai|india,Mumbai,India,19.07283,72.88261,1950,2680000,chandler,1,0
mysore|india,Mysore,India,12.29791,76.63925,1950,240000,chandler,0,0
nagpur|india,Nagpur,India,21.15,79.1,1950,432000,chandler,0,0
pune|india,Pune,India,18.52043,73.856744,1950,460000,chandler,0,0
srinagar|india,Srinagar,India,34.08842,74.80298,1950,243000,chandler,0,0
surat|india,Surat,India,21.19594,72.83023,1950,218000,chandler,1,0
tiruchirappalli|india,Tiruchirappalli,India,10.805,78.685556,1950,251000,chandler,0,0
vadodara|india,Vadodara,India,22.30731,73.181098,1950,208000,chandler,0,0
varanasi|india,Varanasi,India,25.317645,82.973914,1950,345000,chandler,0,0
bandung|indonesia,Bandung,Indonesia,-6.914744,107.609814,1950,700000,chandler,0,0
jakarta|indonesia,Jakarta,Indonesia,-6.21462,106.84513,1950,1452000,chandler,1,0
makassar|indonesia,Makassar,Indonesia,-5.14,119.4221,1950,290000,chandler,1,0
malang|indonesia,Malang,Indonesia,-7.9797,112.6304,1950,250000,chandler,0,0
medan|indonesia,Medan,Indonesia,3.5833,98.6667,1950,270000,chandler,0,0
palembang|indonesia,Palembang,Indonesia,-2.91673,104.7458,1950,255000,chandler,0,0
semarang|indonesia,Semarang,Indonesia,-6.9932,110.4203,1950,325000,chandler,1,0
surabaya|indonesia,Surabaya,Indonesia,-7.24917,112.75083,1950,750000,chandler,0,0
surakarta|indonesia,Surakarta,Indonesia,-7.55611,110.83167,1950,330000,chandler,0,0
yogyakarta|indonesia,Yogyakarta,Indonesia,-7.797139,110.368833,1950,240000,chandler,0,0
esfahan|iran,Esfahan,Iran,32.651389,51.679192,1950,204000,chandler,0,0
mashhad|iran,Mashhad,Iran,36.3,59.6,1950,210000,chandler,0,0
tabriz|iran,Tabriz,Iran,38.08,46.2919,1950,274000,chandler,0,0
tehran|iran,Tehran,Iran,35.69439,51.42151,1950,989000,chandler,0,0
baghdad|iraq,Baghdad,Iraq,33.34058,44.40088,1950,579000,chandler,0,0
belfast|ireland,Belfast,Ireland,54.597283,-5.930117,1950,475000,chandler,1,0
dublin|ireland,Dublin,Ireland,53.33306,-6.24889,1950,595000,chandler,1,0
bologna|italy,Bologna,Italy,44.49381,11.33875,1950,346000,chandler,0,0
catania|italy,Catania,Italy,37.50213,15.08719,1950,299000,chandler,1,0
florence|italy,Florence,Italy,43.771033,11.248,1950,384000,chandler,0,0
genova|italy,Genova,Italy,44.40565,8.946256,1950,676000,chandler,0,0
milan|italy,Milan,Italy,45.465453,9.198786,1950,1400000,chandler,0,0
naples|italy,Naples,Italy,40.851775,14.268122,1950,1210000,chandler,0,0
palermo|italy,Palermo,Italy,38.115689,13.361267,1950,470000,chandler,1,0
rome|italy,Rome,Italy,41.89474,12.4839,1950,1665000,chandler,0,0
turin|italy,Turin,Italy,45.07049,7.68682,1950,765000,chandler,0,0
venice|italy,Venice,Italy,45.440847,12.315514,1950,354000,chandler,0,0
fukuoka|japan,Fukuoka,Japan,33.591389,130.414722,1950,392000,chandler,1,0
hakodate|japan,Hakodate,Japan,41.77583,140.73667,1950,228000,chandler,0,0
kagoshima|japan,Kagoshima,Japan,31.5966,130.557183,1950,229000,chandler,1,0
kumamoto|japan,Kumamoto,Japan,32.78983,130.741574,1950,267000,chandler,1,0
nagasaki|japan,Nagasaki,Japan,32.752558,129.878192,1950,241000,chandler,1,0
osaka|japan,Osaka,Japan,34.693216,135.502082,1950,3480000,chandler,1,0
sapporo|japan,Sapporo,Japan,43.06417,141.34694,1950,313000,chandler,1,0
tokyo|japan,Tokyo,Japan,35.6895,139.69171,1950,7000000,chandler,1,0
almaty|kazakhstan,Almaty,Kazakhstan,43.2775,76.895833,1950,280000,chandler,0,0
karaganda|kazakhstan,Karaganda,Kazakhstan,49.833333,73.166667,1950,270000,chandler,0,0
beirut|lebanon,Beirut,Lebanon,33.88894,35.49442,1950,203000,chandler,0,0
vilnius|lithuania,Vilnius,Lithuania,54.683333,25.283333,1950,255000,chandler,0,0
penang serai|malaysia,Penang Serai,Malaysia,5.263234,100.484623,1950,225000,chandler,1,0
guadalajara|mexico,Guadalajara,Mexico,20.673819,-103.343489,1950,377000,chandler,0,0
mexico city|mexico,Mexico City,Mexico,19.42847,-99.12766,1950,2872000,chandler,0,0
monterrey|mexico,Monterrey,Mexico,25.6667,-100.3,1950,333000,chandler,0,0
puebla|mexico,Puebla,Mexico,19.0514,-98.2178,1950,211000,chandler,0,0
casablanca|morocco,Casablanca,Morocco,33.58831,-7.61138,1950,647000,chandler,1,0
marrakech|morocco,Marrakech,Morocco,31.63416,-7.99994,1950,224000,chandler,0,0
rabat|morocco,Rabat,Morocco,34.01325,-6.83255,1950,217000,chandler,1,0
yangon|myanmar,Yangon,Myanmar,16.80528,96.15611,1950,600000,chandler,1,0
amsterdam|netherlands,Amsterdam,Netherlands,52.37403,4.88969,1950,859000,chandler,0,0
haarlem|netherlands,Haarlem,Netherlands,52.38084,4.63683,1950,214000,chandler,1,0
utrecht|netherlands,Utrecht,Netherlands,52.09083,5.12222,1950,274000,chandler,0,0
auckland|new zealand,Auckland,New Zealand,-36.86667,174.76667,1950,323000,chandler,1,0
wellington|new zealand,Wellington,New Zealand,-41.286452,174.776253,1950,204000,chandler,0,0
ibadan|nigeria,Ibadan,Nigeria,7.38778,3.89639,1950,390000,chandler,0,0
lagos|nigeria,Lagos,Nigeria,6.524379,3.379206,1950,247000,chandler,1,0
oslo|norway,Oslo,Norway,59.913869,10.752245,1950,434000,chandler,0,0
karachi|pakistan,Karachi,Pakistan,24.9056,67.0822,1950,950000,chandler,1,0
lahore|pakistan,Lahore,Pakistan,31.54972,74.34361,1950,600000,chandler,0,0
mansura|pakistan,Mansura,Pakistan,25.590258,68.776944,1950,235000,chandler,0,0
rawalpindi|pakistan,Rawalpindi,Pakistan,33.6007,73.0679,1950,231000,chandler,0,0
asuncion|paraguay,Asuncion,Paraguay,-25.30066,-57.63591,1950,205000,chandler,0,0
lima|peru,Lima,Peru,-12.04318,-77.02824,1950,923000,chandler,1,0
manila|philippines,Manila,Philippines,14.58,121,1950,1400000,chandler,1,0
katowice|poland,Katowice,Poland,50.25842,19.02754,1950,885000,chandler,0,0
krakow|poland,Krakow,Poland,50.06143,19.93658,1950,347000,chandler,0,0
lvov|poland,Lvov,Poland,49.839683,24.029717,1950,300000,chandler,0,0
poznan|poland,Poznan,Poland,52.40692,16.92993,1950,342000,chandler,0,0
warsaw|poland,Warsaw,Poland,52.22977,21.01178,1950,803000,chandler,0,0
lisbon|portugal,Lisbon,Portugal,38.71667,-9.13333,1950,875000,chandler,0,0
oporto|portugal,Oporto,Portugal,41.167972,-8.627064,1950,355000,chandler,1,0
san juan|puerto rico,San Juan,Puerto Rico,18.45,-66.0667,1950,385000,chandler,1,0
busan|republic of korea,Busan,Republic of Korea,35.179554,129.075642,1950,498000,chandler,1,1
seoul|republic of korea,Seoul,Republic of Korea,37.56826,126.97783,1950,1550000,chandler,0,0
bucharest|romania,Bucharest,Romania,44.43225,26.10626,1950,1100000,chandler,0,0
arkhangelsk|russian federation,Arkhangelsk,Russian Federation,64.533333,40.533333,1950,252000,chandler,0,0
astrakhan|russian federation,Astrakhan,Russian Federation,46.366681,48.083239,1950,270000,chandler,0,0
barnaul|russian federation,Barnaul,Russian Federation,53.36056,83.76361,1950,220000,chandler,0,0
chelyabinsk|russian federation,Chelyabinsk,Russian Federation,55.15402,61.42915,1950,485000,chandler,0,0
groznyj|russian federation,Groznyj,Russian Federation,43.30191,45.67228,1950,208000,chandler,0,0
irkutsk|russian federation,Irkutsk,Russian Federation,52.29778,104.29639,1950,288000,chandler,0,0
izhevsk|russian federation,Izhevsk,Russian Federation,56.84976,53.20448,1950,225000,chandler,0,0
kazan|russian federation,Kazan,Russian Federation,55.790278,49.134722,1950,505000,chandler,0,0
khabarovsk|russian federation,Khabarovsk,Russian Federation,48.48272,135.08379,1950,255000,chandler,0,0
krasnodar|russian federation,Krasnodar,Russian Federation,45.006247,38.960626,1950,240000,chandler,0,0
krasnoyarsk|russian federation,Krasnoyarsk,Russian Federation,56.01839,92.86717,1950,275000,chandler,0,0
magnitogorsk|russian federation,Magnitogorsk,Russian Federation,53.41861,59.04722,1950,230000,chandler,0,0
moscow|russian federation,Moscow,Russian Federation,55.75222,37.61556,1950,5100000,chandler,0,0
nizhniy novgorod|russian federation,Nizhniy Novgorod,Russian Federation,56.3269,44.0075,1950,775000,chandler,0,0
nizhniy tagil|russian federation,Nizhniy Tagil,Russian Federation,57.916667,59.966667,1950,245000,chandler,0,0
novokuznetsk|russian federation,Novokuznetsk,Russian Federation,53.7557,87.1099,1950,500000,chandler,0,0
novosibirsk|russian federation,Novosibirsk,Russian Federation,55.0415,82.9346,1950,605000,chandler,0,0
odessa|russian federation,Odessa,Russian Federation,46.47747,30.73262,1950,600000,chandler,1,0
omsk|russian federation,Omsk,Russian Federation,54.99244,73.36859,1950,430000,chandler,0,0
orenburg|russian federation,Orenburg,Russian Federation,51.7727,55.0988,1950,208000,chandler,0,0
penza|russian federation,Penza,Russian Federation,53.20066,45.00464,1950,203000,chandler,0,0
perm|russian federation,Perm,Russian Federation,58.013889,56.248889,1950,440000,chandler,0,0
riga|russian federation,Riga,Russian Federation,56.946,24.10589,1950,475000,chandler,1,0
rostov-on-don|russian federation,Rostov-on-Don,Russian Federation,47.2333,39.41394,1950,500000,chandler,1,0
saint petersburg|russian federation,Saint Petersburg,Russian Federation,59.89444,30.26417,1950,2700000,chandler,1,0
samara|russian federation,Samara,Russian Federation,53.2028,50.1408,1950,650000,chandler,0,0
saratov|russian federation,Saratov,Russian Federation,51.54056,46.00861,1950,475000,chandler,0,0
tula|russian federation,Tula,Russian Federation,54.107722,37.573261,1950,304000,chandler,0,0
tver|russian federation,Tver,Russian Federation,56.858722,35.917597,1950,220000,chandler,0,0
ufa|russian federation,Ufa,Russian Federation,54.78517,56.04562,1950,245000,chandler,0,0
vladivostok|russian federation,Vladivostok,Russian Federation,43.10562,131.87353,1950,240000,chandler,0,1
volgograd|russian federation,Volgograd,Russian Federation,48.71939,44.50184,1950,415000,chandler,0,0
voronezh|russian federation,Voronezh,Russian Federation,51.67204,39.1843,1950,370000,chandler,0,0
yaroslavl|russian federation,Yaroslavl,Russian Federation,57.626072,39.884464,1950,328000,chandler,0,0
belgrade|serbia,Belgrade,Serbia,44.80401,20.46513,1950,445000,chandler,0,0
singapore|singapore,Singapore,Singapore,1.28967,103.85007,1950,740000,chandler,0,0
cape town|south africa,Cape Town,South Africa,-33.92584,18.42322,1950,565000,chandler,1,0
durban|south africa,Durban,South Africa,-29.8579,31.0292,1950,470000,chandler,1,0
johannesburg|south africa,Johannesburg,South Africa,-26.20227,28.04363,1950,1520000,chandler,0,0
barcelona|spain,Barcelona,Spain,41.38879,2.15899,1950,1425000,chandler,1,0
madrid|spain,Madrid,Spain,40.416775,-3.703789,1950,1527000,chandler,0,0
malaga|spain,Malaga,Spain,36.721261,-4.421267,1950,218000,chandler,1,0
murcia|spain,Murcia,Spain,37.98704,-1.13004,1950,206000,chandler,0,0
seville|spain,Seville,Spain,37.388097,-5.982331,1950,383000,chandler,0,0
valencia|spain,Valencia,Spain,39.469908,-0.376289,1950,534000,chandler,1,0
zaragoza|spain,Zaragoza,Spain,41.648792,-0.889581,1950,264000,chandler,0,0
colombo|sri lanka,Colombo,Sri Lanka,6.9344,79.8428,1950,600000,chandler,1,0
goteborg|sweden,Goteborg,Sweden,57.70887,11.97456,1950,383000,chandler,1,0
stockholm|sweden,Stockholm,Sweden,59.33258,18.0649,1950,923000,chandler,1,0
zurich|switzerland,Zurich,Switzerland,47.36667,8.55,1950,405000,chandler,0,0
aleppo|syria,Aleppo,Syria,36.216667,37.166667,1950,362000,chandler,0,0
damascus|syria,Damascus,Syria,33.5102,36.29128,1950,335000,chandler,0,0
homs|syria,Homs,Syria,34.72682,36.72339,1950,244000,chandler,0,0
kaohsiung|taiwan,Kaohsiung,Taiwan,22.61626,120.31333,1950,261000,chandler,1,0
taichung|taiwan,Taichung,Taiwan,24.1469,120.6839,1950,207000,chandler,0,0
taipei|taiwan,Taipei,Taiwan,25.04776,121.53185,1950,450000,chandler,0,0
bangkok|thailand,Bangkok,Thailand,13.75398,100.50144,1950,975000,chandler,0,0
tunis|tunisia,Tunis,Tunisia,36.818811,10.165961,1950,405000,chandler,1,1
ankara|turkey,Ankara,Turkey,39.91987,32.85427,1950,286000,chandler,0,0
istanbul|turkey,Istanbul,Turkey,41.005275,28.976944,1950,1035000,chandler,0,0
smyrna|turkey,Smyrna,Turkey,38.41273,27.13838,1950,231000,chandler,1,0
dnipropetrovsk|ukraine,Dnipropetrovsk,Ukraine,48.464717,35.046183,1950,450000,chandler,0,0
donetsk|ukraine,Donetsk,Ukraine,48.015883,37.80285,1950,500000,chandler,0,0
horlivka|ukraine,Horlivka,Ukraine,48.3071,38.029633,1950,270000,chandler,0,0
kharkov|ukraine,Kharkov,Ukraine,49.9935,36.230384,1950,730000,chandler,0,0
kiev|ukraine,Kiev,Ukraine,50.45466,30.5238,1950,800000,chandler,0,0
krivoi rog|ukraine,Krivoi Rog,Ukraine,47.910483,33.391783,1950,260000,chandler,0,0
mariupol|ukraine,Mariupol,Ukraine,47.09514,37.54131,1950,235000,chandler,0,0
sverdlovs'k|ukraine,Sverdlovs'k,Ukraine,48.08455,39.651631,1950,610000,chandler,0,0
zaporizhia|ukraine,Zaporizhia,Ukraine,47.8388,35.139567,1950,330000,chandler,0,0
edinburgh|united kingdom,Edinburgh,United Kingdom,55.95206,-3.19648,1950,531000,chandler,1,0
glasgow|united kingdom,Glasgow,United Kingdom,55.86515,-4.25763,1950,1320000,chandler,0,0
london|united kingdom,London,United Kingdom,51.511214,-0.119825,1950,8860000,chandler,0,0
manchester|united kingdom,Manchester,United Kingdom,53.48095,-2.23743,1950,2382000,chandler,0,0
newcastle upon tyne|united kingdom,Newcastle upon Tyne,United Kingdom,54.978253,-1.617781,1950,830000,chandler,0,0
albany|united states of america,Albany,United States of America,42.652578,-73.756233,1950,291000,chandler,0,0
atlanta|united states of america,Atlanta,United States of America,33.749,-84.38798,1950,507000,chandler,0,0
baltimore|united states of america,Baltimore,United States of America,39.29038,-76.61219,1950,1159000,chandler,1,0
birmingham|united states of america,Birmingham,United States of America,33.520661,-86.80249,1950,445000,chandler,0,0
boston|united states of america,Boston,United States of America,42.358431,-71.059772,1950,2233000,chandler,0,0
buffalo|united states of america,Buffalo,United States of America,42.9047,-78.8494,1950,798000,chandler,1,0
chicago|united states of america,Chicago,United States of America,41.85003,-87.65005,1950,4906000,chandler,1,0
cincinnati|united states of america,Cincinnati,United States of America,39.162,-84.45689,1950,808000,chandler,0,0
cleveland|united states of america,Cleveland,United States of America,41.499495,-81.695409,1950,1372000,chandler,1,0
dallas|united states of america,Dallas,United States of America,32.78014,-96.800451,1950,514000,chandler,0,0
denver|united states of america,Denver,United States of America,39.737567,-104.984718,1950,496000,chandler,0,0
detroit|united states of america,Detroit,United States of America,42.33143,-83.04575,1950,2776000,chandler,0,0
el paso|united states of america,El Paso,United States of America,31.7903,-106.4233,1950,259000,chandler,0,0
fort worth|united states of america,Fort Worth,United States of America,32.72541,-97.32085,1950,314000,chandler,0,0
honolulu|united states of america,Honolulu,United States of America,21.30694,-157.85833,1950,248000,chandler,1,0
houston|united states of america,Houston,United States of America,29.760193,-95.36939,1950,700000,chandler,0,0
jacksonville|united states of america,Jacksonville,United States of America,30.3369,-81.6614,1950,242000,chandler,0,0
kansas city|united states of america,Kansas City,United States of America,39.11417,-94.62746,1950,694000,chandler,0,0
los angeles|united states of america,Los Angeles,United States of America,34.052234,-118.243685,1950,3986000,chandler,0,0
louisville|united states of america,Louisville,United States of America,38.252563,-85.758367,1950,472000,chandler,0,0
memphis|united states of america,Memphis,United States of America,35.149703,-90.048529,1950,406000,chandler,0,0
miami|united states of america,Miami,United States of America,25.77427,-80.19366,1950,458000,chandler,0,0
minneapolis|united states of america,Minneapolis,United States of America,39.12194,-93.265011,1950,985000,chandler,0,0
nashville|united states of america,Nashville,United States of America,36.166667,-86.783333,1950,252000,chandler,0,0
new orleans|united states of america,New Orleans,United States of America,29.95465,-90.07507,1950,656000,chandler,1,0
new york|united states of america,New York,United States of America,40.714353,-74.005972,1950,12463000,chandler,1,0
oaklahoma city|united states of america,Oaklahoma City,United States of America,35.46756,-97.516428,1950,264000,chandler,0,0
omaha|united states of america,Omaha,United States of America,41.252363,-95.997988,1950,308000,chandler,0,0
philadelphia|united states of america,Philadelphia,United States of America,39.95,-75.1667,1950,2900000,chandler,0,0
phoenix|united states of america,Phoenix,United States of America,33.44838,-112.074143,1950,210000,chandler,0,0
pittsburgh|united states of america,Pittsburgh,United States of America,40.44062,-79.99589,1950,1310000,chandler,0,0
richmond|united states of america,Richmond,United States of America,37.5333,77.4667,1950,257000,chandler,0,0
salt lake city|united states of america,Salt Lake City,United States of America,40.76078,-111.89105,1950,224000,chandler,0,0
san antonio|united states of america,San Antonio,United States of America,29.424122,-98.493628,1950,449000,chandler,0,0
san francisco|united states of america,San Francisco,United States of America,37.77493,-122.419416,1950,1937000,chandler,1,0
seattle|united states of america,Seattle,United States of America,47.60621,-122.33207,1950,620000,chandler,1,0
st. louis|united states of america,St. Louis,United States of America,38.626978,-90.199403,1950,1366000,chandler,0,0
washington d.c.|united states of america,Washington D.C.,United States of America,38.914144,-77.0234,1950,1285000,chandler,1,0
tashkent|uzbekistan,Tashkent,Uzbekistan,41.26465,69.21627,1950,650000,chandler,0,0
caracas|venezuela,Caracas,Venezuela,10.48801,-66.87919,1950,693000,chandler,1,0
maracaibo|venezuela,Maracaibo,Venezuela,10.63167,-71.64056,1950,235000,chandler,0,0
hanoi|vietnam,Hanoi,Vietnam,21.033333,105.85,1950,260000,chandler,0,0
ho chi minh|vietnam,Ho Chi Minh,Vietnam,10.823099,106.628767,1950,1200000,chandler,0,0
buenos aires|argentina,Buenos Aires,Argentina,-34.61315,-58.37723,1970,8625000,chandler,1,0
melbourne|australia,Melbourne,Australia,-37.814,144.96332,1970,2400000,chandler,1,0
sydney|australia,Sydney,Australia,-33.86785,151.20732,1970,2780000,chandler,1,0
vienna|austria,Vienna,Austria,48.20849,16.37208,1970,1968000,chandler,0,0
rio de janeiro|brazil,Rio de Janeiro,Brazil,-22.90278,-43.2075,1970,7000000,chandler,0,0
sao paolo|brazil,Sao Paolo,Brazil,-23.5475,-46.63611,1970,8050000,chandler,0,0
montreal|canada,Montreal,Canada,45.50884,-73.58781,1970,2660000,chandler,0,0
toronto|canada,Toronto,Canada,43.70011,-79.4163,1970,2495000,chandler,1,0
santiago|chile,Santiago,Chile,-33.45,-70.666667,1970,2900000,chandler,0,0
beijing|china,Beijing,China,39.9075,116.39723,1970,4800000,chandler,0,0
chongqing|china,Chongqing,China,29.56301,106.551557,1970,2300000,chandler,0,0
harbin|china,Harbin,China,45.75,126.65,1970,2750000,chandler,0,0
hong kong|china,Hong Kong,China,22.28552,114.15769,1970,3500000,chandler,1,0
nanjing|china,Nanjing,China,32.05,118.766667,1970,200000,chandler,0,0
shanghai|china,Shanghai,China,31.22222,121.45806,1970,7900000,chandler,0,0
shenyang|china,Shenyang,China,41.79222,123.43278,1970,2000000,chandler,0,0
taiyuan|china,Taiyuan,China,37.87059,112.548879,1970,2000000,chandler,0,0
tianjin|china,Tianjin,China,39.14222,117.17667,1970,3800000,chandler,0,0
wuhan|china,Wuhan,China,30.58333,114.26667,1970,2560000,chandler,0,0
bogota|columbia,Bogota,Columbia,4.598056,-74.075833,1970,2350000,chandler,0,0
alexandria|egypt,Alexandria,Egypt,31.200092,29.918739,1970,2250000,chandler,1,0
cairo|egypt,Cairo,Egypt,30.06263,31.24967,1970,6600000,chandler,0,0
paris|france,Paris,France,48.856614,2.352222,1970,8875000,chandler,0,0
hamburg|germany,Hamburg,Germany,53.57532,10.01534,1970,2335000,chandler,0,0
ruhr|germany,Ruhr,Germany,51.407415,6.862626,1970,5450000,chandler,0,0
athens|greece,Athens,Greece,37.97945,23.71622,1970,2450000,chandler,1,0
budapest|hungary,Budapest,Hungary,47.49801,19.03991,1970,2325000,chandler,0,0
calcutta|india,Calcutta,India,22.56263,88.36304,1970,6900000,chandler,0,0
delhi|india,Delhi,India,28.65381,77.22897,1970,4300000,chandler,0,0
madras|india,Madras,India,13.08784,80.27847,1970,3050000,chandler,1,0
mumbai|india,Mumbai,India,19.07283,72.88261,1970,6610000,chandler,1,0
jakarta|indonesia,Jakarta,Indonesia,-6.21462,106.84513,1970,4300000,chandler,1,0
tehran|iran,Tehran,Iran,35.69439,51.42151,1970,3325000,chandler,0,0
baghdad|iraq,Baghdad,Iraq,33.34058,44.40088,1970,2138000,chandler,0,0
milan|italy,Milan,Italy,45.465453,9.198786,1970,3560000,chandler,0,0
naples|italy,Naples,Italy,40.851775,14.268122,1970,1930000,chandler,0,0
rome|italy,Rome,Italy,41.89474,12.4839,1970,2960000,chandler,0,0
osaka|japan,Osaka,Japan,34.693216,135.502082,1970,12000000,chandler,1,0
tokyo|japan,Tokyo,Japan,35.6895,139.69171,1970,20450000,chandler,1,0
mexico city|mexico,Mexico City,Mexico,19.42847,-99.12766,1970,9000000,chandler,0,0
yangon|myanmar,Yangon,Myanmar,16.80528,96.15611,1970,2250000,chandler,1,0
karachi|pakistan,Karachi,Pakistan,24.9056,67.0822,1970,3200000,chandler,1,0
lima|peru,Lima,Peru,-12.04318,-77.02824,1970,2900000,chandler,1,0
manila|philippines,Manila,Philippines,14.58,121,1970,4350000,chandler,1,0
katowice|poland,Katowice,Poland,50.25842,19.02754,1970,2065000,chandler,0,0
seoul|republic of korea,Seoul,Republic of Korea,37.56826,126.97783,1970,5900000,chandler,0,0
moscow|russian federation,Moscow,Russian Federation,55.75222,37.61556,1970,9800000,chandler,0,0
saint petersburg|russian federation,Saint Petersburg,Russian Federation,59.89444,30.26417,1970,4350000,chandler,1,0
singapore|singapore,Singapore,Singapore,1.28967,103.85007,1970,2225000,chandler,0,0
johannesburg|south africa,Johannesburg,South Africa,-26.20227,28.04363,1970,2550000,chandler,0,0
barcelona|spain,Barcelona,Spain,41.38879,2.15899,1970,2975000,chandler,1,0
madrid|spain,Madrid,Spain,40.416775,-3.703789,1970,3400000,chandler,0,0
taipei|taiwan,Taipei,Taiwan,25.04776,121.53185,1970,2490000,chandler,0,0
bangkok|thailand,Bangkok,Thailand,13.75398,100.50144,1970,3125000,chandler,0,0
istanbul|turkey,Istanbul,Turkey,41.005275,28.976944,1970,2825000,chandler,0,0
london|united kingdom,London,United Kingdom,51.511214,-0.119825,1970,10875000,chandler,0,0
manchester|united kingdom,Manchester,United Kingdom,53.48095,-2.23743,1970,2850000,chandler,0,0
birmingham|united states of america,Birmingham,United States of America,33.520661,-86.80249,1970,2705000,chandler,0,0
boston|united states of america,Boston,United States of America,42.358431,-71.059772,1970,3762000,chandler,0,0
chicago|united states of america,Chicago,United States of America,41.85003,-87.65005,1970,7585000,chandler,1,0
cleveland|united states of america,Cleveland,United States of America,41.499495,-81.695409,1970,2361000,chandler,1,0
detroit|united states of america,Detroit,United States of America,42.33143,-83.04575,1970,4720000,chandler,0,0
los angeles|united states of america,Los Angeles,United States of America,34.052234,-118.243685,1970,8712000,chandler,0,0
new york|united states of america,New York,United States of America,40.714353,-74.005972,1970,17252000,chandler,1,0
philadelphia|united states of america,Philadelphia,United States of America,39.95,-75.1667,1970,5279000,chandler,0,0
pittsburgh|united states of america,Pittsburgh,United States of America,40.44062,-79.99589,1970,2045000,chandler,0,0
san francisco|united states of america,San Francisco,United States of America,37.77493,-122.419416,1970,4278000,chandler,1,0
st. louis|united states of america,St. Louis,United States of America,38.626978,-90.199403,1970,2299000,chandler,0,0
washington d.c.|united states of america,Washington D.C.,United States of America,38.914144,-77.0234,1970,2957000,chandler,1,0
caracas|venezuela,Caracas,Venezuela,10.48801,-66.87919,1970,2335000,chandler,1,0
ho chi minh|vietnam,Ho Chi Minh,Vietnam,10.823099,106.628767,1970,2550000,chandler,0,0
kabul|afghanistan,Kabul,Afghanistan,34.52813,69.17233,1975,570000,chandler,0,0
algiers|algiers,Algiers,Algiers,36.7525,3.04197,1975,1800000,chandler,1,0
luanda|angola,Luanda,Angola,-8.838333,13.23444,1975,600000,chandler,1,0
buenos aires|argentina,Buenos Aires,Argentina,-34.61315,-58.37723,1975,8400000,chandler,1,0
cordoba|argentina,Cordoba,Argentina,-31.4135,-64.18105,1975,905000,chandler,0,0
rosario|argentina,Rosario,Argentina,-32.94682,-60.63932,1975,904000,chandler,0,0
yerevan|armenia,Yerevan,Armenia,40.183333,44.516667,1975,910000,chandler,0,0
adelaide|australia,Adelaide,Australia,-34.92866,138.59863,1975,899000,chandler,1,0
brisbane|australia,Brisbane,Australia,-27.46794,153.02809,1975,958000,chandler,1,0
melbourne|australia,Melbourne,Australia,-37.814,144.96332,1975,2600000,chandler,1,0
perth|australia,Perth,Australia,-31.95224,115.8614,1975,787000,chandler,1,0
sydney|australia,Sydney,Australia,-33.86785,151.20732,1975,2900000,chandler,1,0
prague|austria,Prague,Austria,50.08804,14.42076,1975,1275000,chandler,0,0
vienna|austria,Vienna,Austria,48.20849,16.37208,1975,1600000,chandler,0,0
baku|azerbaijan,Baku,Azerbaijan,40.37767,49.89201,1975,1383000,chandler,0,0
chittagong|bangladesh,Chittagong,Bangladesh,22.3384,91.83168,1975,970000,chandler,1,1
minsk|belarus,Minsk,Belarus,53.9,27.56667,1975,1170000,chandler,0,0
antwerp|belgium,Antwerp,Belgium,51.219217,4.402883,1975,1097000,chandler,0,0
liege|belgium,Liege,Belgium,50.63373,5.56749,1975,560000,chandler,0,0
la paz|bolivia,La Paz,Bolivia,-16.5,-68.15,1975,660000,chandler,0,0
belem|brazil,Belem,Brazil,-1.455833,-48.503889,1975,800000,chandler,0,0
brasilia|brazil,Brasilia,Brazil,-15.77972,-47.92972,1975,763000,chandler,0,0
curitiba|brazil,Curitiba,Brazil,-25.42778,-49.27306,1975,1013000,chandler,0,0
fortaleza|brazil,Fortaleza,Brazil,-3.71722,-38.54306,1975,1317000,chandler,1,0
goiania|brazil,Goiania,Brazil,-16.67861,-49.25389,1975,518000,chandler,0,0
porto alegre|brazil,Porto Alegre,Brazil,-30.03306,-51.23,1975,1800000,chandler,1,0
recife|brazil,Recife,Brazil,-8.05389,-34.88111,1975,2100000,chandler,0,0
rio de janeiro|brazil,Rio de Janeiro,Brazil,-22.90278,-43.2075,1975,8300000,chandler,0,0
salvador|brazil,Salvador,Brazil,-12.97111,-38.51083,1975,1401000,chandler,0,0
sao paolo|brazil,Sao Paolo,Brazil,-23.5475,-46.63611,1975,10000000,chandler,0,0
sofia|bulgaria,Sofia,Bulgaria,42.69751,23.32415,1975,965000,chandler,0,0
edmonton|canada,Edmonton,Canada,53.55014,-113.46871,1975,535000,chandler,0,0
hamilton|canada,Hamilton,Canada,43.250022,79.866092,1975,515000,chandler,0,0
montreal|canada,Montreal,Canada,45.50884,-73.58781,1975,2800000,chandler,0,0
ottawa|canada,Ottawa,Canada,45.41117,-75.69812,1975,690000,chandler,0,0
quebec|canada,Quebec,Canada,46.81228,-71.21454,1975,530000,chandler,1,0
toronto|canada,Toronto,Canada,43.70011,-79.4163,1975,2700000,chandler,1,0
vancouver|canada,Vancouver,Canada,49.24966,-123.11934,1975,1151000,chandler,1,0
winnipeg|canada,Winnipeg,Canada,49.8844,-97.14704,1975,565000,chandler,0,0
santiago|chile,Santiago,Chile,-33.45,-70.666667,1975,3200000,chandler,0,0
ao|china,Ao,China,34.766667,113.65,1975,1271000,chandler,0,0
baotou|china,Baotou,China,40.65744,109.84054,1975,1135000,chandler,0,0
beijing|china,Beijing,China,39.9075,116.39723,1975,5200000,chandler,0,0
changchun|china,Changchun,China,43.9,125.2,1975,1392000,chandler,0,0
changsha|china,Changsha,China,28.196111,112.972222,1975,939000,chandler,0,0
changzhou|china,Changzhou,China,31.77358,119.95401,1975,631000,chandler,0,0
chengdu|china,Chengdu,China,30.66667,104.06667,1975,1401000,chandler,0,0
chongqing|china,Chongqing,China,29.56301,106.551557,1975,2600000,chandler,0,0
fushun|china,Fushun,China,41.85583,123.92333,1975,1196000,chandler,0,0
fuzhou|china,Fuzhou,China,26.076111,119.306389,1975,755000,chandler,0,0
guangzhou|china,Guangzhou,China,23.11667,113.25,1975,3000000,chandler,0,0
guiyang|china,Guiyang,China,26.647661,106.630154,1975,784000,chandler,0,0
handan|china,Handan,China,36.6,114.483333,1975,615000,chandler,0,0
hangzhou|china,Hangzhou,China,30.25,120.166667,1975,1112000,chandler,1,0
harbin|china,Harbin,China,45.75,126.65,1975,1800000,chandler,0,0
hong kong|china,Hong Kong,China,22.28552,114.15769,1975,3900000,chandler,1,0
jilin|china,Jilin,China,43.896536,125.32599,1975,845000,chandler,0,0
jinan|china,Jinan,China,36.650997,117.120497,1975,1294000,chandler,0,0
kaifeng|china,Kaifeng,China,34.7986,114.30742,1975,600000,chandler,0,0
kunming|china,Kunming,China,25.03889,102.71833,1975,1284000,chandler,0,0
lanzhou|china,Lanzhou,China,36.061089,103.834304,1975,2000000,chandler,0,0
luoyang|china,Luoyang,China,34.669722,112.442222,1975,887000,chandler,0,0
nanchang|china,Nanchang,China,28.68333,115.88333,1975,808000,chandler,0,0
nanjing|china,Nanjing,China,32.05,118.766667,1975,2000000,chandler,0,0
nanning|china,Nanning,China,22.81667,108.31667,1975,790000,chandler,0,0
qiqihar|china,Qiqihar,China,47.354348,123.918186,1975,854000,chandler,0,0
shanghai|china,Shanghai,China,31.22222,121.45806,1975,8000000,chandler,0,0
shenyang|china,Shenyang,China,41.79222,123.43278,1975,3100000,chandler,0,0
suzhou|china,Suzhou,China,31.3,120.6,1975,825000,chandler,0,0
taiyuan|china,Taiyuan,China,37.87059,112.548879,1975,1600000,chandler,0,0
tianjin|china,Tianjin,China,39.14222,117.17667,1975,4600000,chandler,0,0
urumqi|china,Urumqi,China,43.825644,87.616822,1975,677000,chandler,0,0
wuhan|china,Wuhan,China,30.58333,114.26667,1975,2900000,chandler,0,0
wuxi|china,Wuxi,China,31.49117,120.31191,1975,710000,chandler,0,0
xian|china,Xian,China,34.341485,108.940404,1975,1800000,chandler,0,0
xining|china,Xining,China,36.61667,101.76667,1975,654000,chandler,0,0
barranquilla|colombia,Barranquilla,Colombia,10.96854,-74.78132,1975,755000,chandler,1,0
cali|colombia,Cali,Colombia,3.43722,-76.5225,1975,1035000,chandler,0,0
medellin|colombia,Medellin,Colombia,6.25184,-75.56359,1975,1350000,chandler,0,0
bogota|columbia,Bogota,Columbia,4.598056,-74.075833,1975,3000000,chandler,0,0
abidjan|cote d'ivoire,Abidjan,Cote D'Ivoire,5.30966,-4.01266,1975,685000,chandler,1,0
zagreb|croatia,Zagreb,Croatia,45.81444,15.97798,1975,635000,chandler,0,0
havana|cuba,Havana,Cuba,23.13302,-82.38304,1975,1900000,chandler,1,0
kinshasa|democratic republic of the congo,Kinshasa,Democratic Republic of the Congo,-4.325,15.3222,1975,2200000,chandler,0,0
copenhagen|denmark,Copenhagen,Denmark,55.67594,12.56553,1975,1500000,chandler,1,0
santo domingo|dominican republic,Santo Domingo,Dominican Republic,18.466667,-69.95,1975,922000,chandler,1,0
guayaquil|ecuador,Guayaquil,Ecuador,-2.18194,-79.89167,1975,907000,chandler,0,0
quito|ecuador,Quito,Ecuador,-0.22985,-78.52495,1975,782000,chandler,0,0
alexandria|egypt,Alexandria,Egypt,31.200092,29.918739,1975,2800000,chandler,1,0
cairo|egypt,Cairo,Egypt,30.06263,31.24967,1975,8400000,chandler,0,0
memphis|egypt,Memphis,Egypt,29.844722,31.250833,1975,846000,chandler,0,0
san salvador|el salvador,San Salvador,El Salvador,13.706899,-89.202258,1975,750000,chandler,0,0
addis ababa|ethiopia,Addis Ababa,Ethiopia,9.02497,38.74689,1975,1161000,chandler,0,0
helsinki|finland,Helsinki,Finland,60.173324,24.941025,1975,800000,chandler,1,0
bordeaux|france,Bordeaux,France,44.84044,-0.5805,1975,612000,chandler,0,0
lyon|france,Lyon,France,45.74846,4.84671,1975,1170000,chandler,0,0
marseille|france,Marseille,France,43.29695,5.38107,1975,1070000,chandler,1,0
paris|france,Paris,France,48.856614,2.352222,1975,9400000,chandler,0,0
toulouse|france,Toulouse,France,43.60426,1.44367,1975,509000,chandler,0,0
tbilisi|georgia,Tbilisi,Georgia,41.709975,44.792989,1975,1148000,chandler,0,0
bremen|germany,Bremen,Germany,53.07516,8.80777,1975,830000,chandler,0,0
cologne|germany,Cologne,Germany,50.937531,6.960278,1975,1800000,chandler,0,0
dresden|germany,Dresden,Germany,51.05089,13.73832,1975,650000,chandler,0,0
frankfurt am main|germany,Frankfurt am Main,Germany,50.110922,8.682128,1975,1600000,chandler,0,0
hamburg|germany,Hamburg,Germany,53.57532,10.01534,1975,2200000,chandler,0,0
hannover|germany,Hannover,Germany,52.37052,9.73322,1975,880000,chandler,0,0
leipzig|germany,Leipzig,Germany,51.33962,12.37129,1975,730000,chandler,0,0
munich|germany,Munich,Germany,48.136739,11.576756,1975,1700000,chandler,0,0
nurnberg|germany,Nurnberg,Germany,49.452031,11.07675,1975,860000,chandler,0,0
ruhr|germany,Ruhr,Germany,51.407415,6.862626,1975,5500000,chandler,0,0
wroclaw|germany,Wroclaw,Germany,51.116667,17.033333,1975,570000,chandler,0,0
accra|ghana,Accra,Ghana,5.55602,-0.1969,1975,990000,chandler,0,0
athens|greece,Athens,Greece,37.97945,23.71622,1975,3300000,chandler,1,0
thessaloniki|greece,Thessaloniki,Greece,40.63935,22.944606,1975,600000,chandler,1,0
guatemala city|guatemala,Guatemala City,Guatemala,14.64072,-90.51327,1975,950000,chandler,0,0
conakry|guinea,Conakry,Guinea,9.53795,-13.67729,1975,500000,chandler,0,0
port-au-prince|haiti,Port-au-Prince,Haiti,18.53917,-72.335,1975,550000,chandler,1,0
budapest|hungary,Budapest,Hungary,47.49801,19.03991,1975,2000000,chandler,0,0
agra|india,Agra,India,27.18333,78.01667,1975,650000,chandler,0,0
ahmedabad|india,Ahmedabad,India,23.039568,72.566004,1975,2000000,chandler,0,0
allahabad|india,Allahabad,India,25.44894,81.83328,1975,544000,chandler,0,0
bangalore|india,Bangalore,India,12.97194,77.59369,1975,2000000,chandler,0,0
calcutta|india,Calcutta,India,22.56263,88.36304,1975,7800000,chandler,0,0
cochin|india,Cochin,India,9.93988,76.26022,1975,525000,chandler,0,0
coimbatore|india,Coimbatore,India,11.00555,76.96612,1975,550000,chandler,0,0
delhi|india,Delhi,India,28.65381,77.22897,1975,4400000,chandler,0,0
dhaka|india,Dhaka,India,23.709921,90.407143,1975,1900000,chandler,0,0
hyderabad|india,Hyderabad,India,17.38405,78.45636,1975,1700000,chandler,0,0
indore|india,Indore,India,22.71792,75.8333,1975,650000,chandler,0,0
jabalpur|india,Jabalpur,India,23.16697,79.95006,1975,540000,chandler,0,0
kanpur|india,Kanpur,India,26.4478,80.34627,1975,1415000,chandler,0,0
lucknow|india,Lucknow,India,26.83928,80.92313,1975,1020000,chandler,0,0
madras|india,Madras,India,13.08784,80.27847,1975,3600000,chandler,1,0
madurai|india,Madurai,India,9.91735,78.11962,1975,685000,chandler,0,0
mumbai|india,Mumbai,India,19.07283,72.88261,1975,7000000,chandler,1,0
nagpur|india,Nagpur,India,21.15,79.1,1975,1075000,chandler,0,0
patna|india,Patna,India,25.610533,85.14145,1975,635000,chandler,0,0
pune|india,Pune,India,18.52043,73.856744,1975,1340000,chandler,0,0
surat|india,Surat,India,21.19594,72.83023,1975,630000,chandler,1,0
vadodara|india,Vadodara,India,22.30731,73.181098,1975,588000,chandler,0,0
varanasi|india,Varanasi,India,25.317645,82.973914,1975,640000,chandler,0,0
bandung|indonesia,Bandung,Indonesia,-6.914744,107.609814,1975,1300000,chandler,0,0
jakarta|indonesia,Jakarta,Indonesia,-6.21462,106.84513,1975,5300000,chandler,1,0
makassar|indonesia,Makassar,Indonesia,-5.14,119.4221,1975,535000,chandler,1,0
medan|indonesia,Medan,Indonesia,3.5833,98.6667,1975,910000,chandler,0,0
palembang|indonesia,Palembang,Indonesia,-2.91673,104.7458,1975,660000,chandler,0,0
semarang|indonesia,Semarang,Indonesia,-6.9932,110.4203,1975,790000,chandler,1,0
surabaya|indonesia,Surabaya,Indonesia,-7.24917,112.75083,1975,1700000,chandler,0,0
esfahan|iran,Esfahan,Iran,32.651389,51.679192,1975,648000,chandler,0,0
mashhad|iran,Mashhad,Iran,36.3,59.6,1975,643000,chandler,0,0
tabriz|iran,Tabriz,Iran,38.08,46.2919,1975,568000,chandler,0,0
tehran|iran,Tehran,Iran,35.69439,51.42151,1975,4200000,chandler,0,0
baghdad|iraq,Baghdad,Iraq,33.34058,44.40088,1975,2900000,chandler,0,0
basra|iraq,Basra,Iraq,30.5,47.816667,1975,900000,chandler,0,0
mosul|iraq,Mosul,Iraq,36.335,43.11889,1975,710000,chandler,0,0
belfast|ireland,Belfast,Ireland,54.597283,-5.930117,1975,720000,chandler,1,0
dublin|ireland,Dublin,Ireland,53.33306,-6.24889,1975,850000,chandler,1,0
bologna|italy,Bologna,Italy,44.49381,11.33875,1975,560000,chandler,0,0
florence|italy,Florence,Italy,43.771033,11.248,1975,660000,chandler,0,0
genova|italy,Genova,Italy,44.40565,8.946256,1975,865000,chandler,0,0
milan|italy,Milan,Italy,45.465453,9.198786,1975,3800000,chandler,0,0
naples|italy,Naples,Italy,40.851775,14.268122,1975,1900000,chandler,0,0
palermo|italy,Palermo,Italy,38.115689,13.361267,1975,672000,chandler,1,0
rome|italy,Rome,Italy,41.89474,12.4839,1975,3600000,chandler,0,0
turin|italy,Turin,Italy,45.07049,7.68682,1975,1800000,chandler,0,0
kingston|jamaica,Kingston,Jamaica,17.992731,-76.8,1975,500000,chandler,1,0
fukuoka|japan,Fukuoka,Japan,33.591389,130.414722,1975,1300000,chandler,1,0
kitakyushu|japan,Kitakyushu,Japan,33.83333,130.83333,1975,1480000,chandler,1,0
osaka|japan,Osaka,Japan,34.693216,135.502082,1975,15500000,chandler,1,0
sapporo|japan,Sapporo,Japan,43.06417,141.34694,1975,1241000,chandler,1,0
tokyo|japan,Tokyo,Japan,35.6895,139.69171,1975,23000000,chandler,1,0
almaty|kazakhstan,Almaty,Kazakhstan,43.2775,76.895833,1975,838000,chandler,0,0
karaganda|kazakhstan,Karaganda,Kazakhstan,49.833333,73.166667,1975,566000,chandler,0,0
nairobi|kenya,Nairobi,Kenya,-1.28333,36.81667,1975,700000,chandler,0,0
kuwait|kuwait,Kuwait,Kuwait,29.369721,47.978324,1975,800000,chandler,1,0
beirut|lebanon,Beirut,Lebanon,33.88894,35.49442,1975,800000,chandler,0,0
tripoli|libya,Tripoli,Libya,32.876175,13.187508,1975,800000,chandler,1,1
kuala lumpur|malaysia,Kuala Lumpur,Malaysia,3.1412,101.68653,1975,840000,chandler,0,0
guadalajara|mexico,Guadalajara,Mexico,20.673819,-103.343489,1975,1500000,chandler,0,0
juarez|mexico,Juarez,Mexico,31.739444,-106.486944,1975,915000,chandler,0,0
mexico city|mexico,Mexico City,Mexico,19.42847,-99.12766,1975,11300000,chandler,0,0
monterrey|mexico,Monterrey,Mexico,25.6667,-100.3,1975,1350000,chandler,0,0
casablanca|morocco,Casablanca,Morocco,33.58831,-7.61138,1975,1800000,chandler,1,0
rabat|morocco,Rabat,Morocco,34.01325,-6.83255,1975,745000,chandler,1,0
yangon|myanmar,Yangon,Myanmar,16.80528,96.15611,1975,3500000,chandler,1,0
amsterdam|netherlands,Amsterdam,Netherlands,52.37403,4.88969,1975,1800000,chandler,0,0
auckland|new zealand,Auckland,New Zealand,-36.86667,174.76667,1975,796000,chandler,1,0
managua|nicaragua,Managua,Nicaragua,12.13282,-86.2504,1975,556000,chandler,0,0
ibadan|nigeria,Ibadan,Nigeria,7.38778,3.89639,1975,847000,chandler,0,0
lagos|nigeria,Lagos,Nigeria,6.524379,3.379206,1975,1060000,chandler,1,0
oslo|norway,Oslo,Norway,59.913869,10.752245,1975,725000,chandler,0,0
karachi|pakistan,Karachi,Pakistan,24.9056,67.0822,1975,4400000,chandler,1,0
lahore|pakistan,Lahore,Pakistan,31.54972,74.34361,1975,2400000,chandler,0,0
mansura|pakistan,Mansura,Pakistan,25.590258,68.776944,1975,680000,chandler,0,0
multan|pakistan,Multan,Pakistan,30.19556,71.47528,1975,575000,chandler,0,0
rawalpindi|pakistan,Rawalpindi,Pakistan,33.6007,73.0679,1975,720000,chandler,0,0
panama city|panama,Panama City,Panama,8.994297,-79.518852,1975,525000,chandler,0,0
asuncion|paraguay,Asuncion,Paraguay,-25.30066,-57.63591,1975,500000,chandler,0,0
lima|peru,Lima,Peru,-12.04318,-77.02824,1975,3500000,chandler,1,0
manila|philippines,Manila,Philippines,14.58,121,1975,5400000,chandler,1,0
gdansk|poland,Gdansk,Poland,54.352025,18.64663,1975,730000,chandler,1,0
katowice|poland,Katowice,Poland,50.25842,19.02754,1975,2200000,chandler,0,0
krakow|poland,Krakow,Poland,50.06143,19.93658,1975,660000,chandler,0,0
lodz|poland,Lodz,Poland,51.75,19.46667,1975,970000,chandler,0,0
lvov|poland,Lvov,Poland,49.839683,24.029717,1975,621000,chandler,0,0
poznan|poland,Poznan,Poland,52.40692,16.92993,1975,565000,chandler,0,0
warsaw|poland,Warsaw,Poland,52.22977,21.01178,1975,1900000,chandler,0,0
lisbon|portugal,Lisbon,Portugal,38.71667,-9.13333,1975,1600000,chandler,0,0
oporto|portugal,Oporto,Portugal,41.167972,-8.627064,1975,860000,chandler,1,0
san juan|puerto rico,San Juan,Puerto Rico,18.45,-66.0667,1975,1027000,chandler,1,0
busan|republic of korea,Busan,Republic of Korea,35.179554,129.075642,1975,2400000,chandler,1,1
gwangju|republic of korea,Gwangju,Republic of Korea,35.166667,126.916667,1975,607000,chandler,0,0
seoul|republic of korea,Seoul,Republic of Korea,37.56826,126.97783,1975,6800000,chandler,0,0
bucharest|romania,Bucharest,Romania,44.43225,26.10626,1975,1500000,chandler,0,0
barnaul|russian federation,Barnaul,Russian Federation,53.36056,83.76361,1975,560000,chandler,0,0
chelyabinsk|russian federation,Chelyabinsk,Russian Federation,55.15402,61.42915,1975,1140000,chandler,0,0
irkutsk|russian federation,Irkutsk,Russian Federation,52.29778,104.29639,1975,507000,chandler,0,0
izhevsk|russian federation,Izhevsk,Russian Federation,56.84976,53.20448,1975,520000,chandler,0,0
kazan|russian federation,Kazan,Russian Federation,55.790278,49.134722,1975,947000,chandler,0,0
khabarovsk|russian federation,Khabarovsk,Russian Federation,48.48272,135.08379,1975,510000,chandler,0,0
krasnodar|russian federation,Krasnodar,Russian Federation,45.006247,38.960626,1975,530000,chandler,0,0
krasnoyarsk|russian federation,Krasnoyarsk,Russian Federation,56.01839,92.86717,1975,747000,chandler,0,0
moscow|russian federation,Moscow,Russian Federation,55.75222,37.61556,1975,10700000,chandler,0,0
nizhniy novgorod|russian federation,Nizhniy Novgorod,Russian Federation,56.3269,44.0075,1975,1700000,chandler,0,0
novokuznetsk|russian federation,Novokuznetsk,Russian Federation,53.7557,87.1099,1975,1200000,chandler,0,0
novosibirsk|russian federation,Novosibirsk,Russian Federation,55.0415,82.9346,1975,1385000,chandler,0,0
odessa|russian federation,Odessa,Russian Federation,46.47747,30.73262,1975,1002000,chandler,1,0
omsk|russian federation,Omsk,Russian Federation,54.99244,73.36859,1975,976000,chandler,0,0
perm|russian federation,Perm,Russian Federation,58.013889,56.248889,1975,942000,chandler,0,0
riga|russian federation,Riga,Russian Federation,56.946,24.10589,1975,870000,chandler,1,0
rostov-on-don|russian federation,Rostov-on-Don,Russian Federation,47.2333,39.41394,1975,982000,chandler,1,0
saint petersburg|russian federation,Saint Petersburg,Russian Federation,59.89444,30.26417,1975,4200000,chandler,1,0
samara|russian federation,Samara,Russian Federation,53.2028,50.1408,1975,1375000,chandler,0,0
saratov|russian federation,Saratov,Russian Federation,51.54056,46.00861,1975,1040000,chandler,0,0
tula|russian federation,Tula,Russian Federation,54.107722,37.573261,1975,590000,chandler,0,0
ufa|russian federation,Ufa,Russian Federation,54.78517,56.04562,1975,897000,chandler,0,0
vladivostok|russian federation,Vladivostok,Russian Federation,43.10562,131.87353,1975,508000,chandler,0,1
volgograd|russian federation,Volgograd,Russian Federation,48.71939,44.50184,1975,1175000,chandler,0,0
voronezh|russian federation,Voronezh,Russian Federation,51.67204,39.1843,1975,750000,chandler,0,0
yaroslavl|russian federation,Yaroslavl,Russian Federation,57.626072,39.884464,1975,570000,chandler,0,0
jeddah|saudi arabia,Jeddah,Saudi Arabia,21.543333,39.172778,1975,580000,chandler,1,0
dakar|senegal,Dakar,Senegal,14.6937,-17.44406,1975,590000,chandler,0,0
belgrade|serbia,Belgrade,Serbia,44.80401,20.46513,1975,1275000,chandler,0,0
singapore|singapore,Singapore,Singapore,1.28967,103.85007,1975,2200000,chandler,0,0
cape town|south africa,Cape Town,South Africa,-33.92584,18.42322,1975,1250000,chandler,1,0
durban|south africa,Durban,South Africa,-29.8579,31.0292,1975,860000,chandler,1,0
johannesburg|south africa,Johannesburg,South Africa,-26.20227,28.04363,1975,3000000,chandler,0,0
barcelona|spain,Barcelona,Spain,41.38879,2.15899,1975,3500000,chandler,1,0
madrid|spain,Madrid,Spain,40.416775,-3.703789,1975,4100000,chandler,0,0
seville|spain,Seville,Spain,37.388097,-5.982331,1975,685000,chandler,0,0
valencia|spain,Valencia,Spain,39.469908,-0.376289,1975,1050000,chandler,1,0
zaragoza|spain,Zaragoza,Spain,41.648792,-0.889581,1975,549000,chandler,0,0
colombo|sri lanka,Colombo,Sri Lanka,6.9344,79.8428,1975,850000,chandler,1,0
khartoum|sudan,Khartoum,Sudan,15.55177,32.53241,1975,800000,chandler,0,0
goteborg|sweden,Goteborg,Sweden,57.70887,11.97456,1975,691000,chandler,1,0
stockholm|sweden,Stockholm,Sweden,59.33258,18.0649,1975,1357000,chandler,1,0
zurich|switzerland,Zurich,Switzerland,47.36667,8.55,1975,708000,chandler,0,0
aleppo|syria,Aleppo,Syria,36.216667,37.166667,1975,740000,chandler,0,0
damascus|syria,Damascus,Syria,33.5102,36.29128,1975,1100000,chandler,0,0
kaohsiung|taiwan,Kaohsiung,Taiwan,22.61626,120.31333,1975,985000,chandler,1,0
taipei|taiwan,Taipei,Taiwan,25.04776,121.53185,1975,2000000,chandler,0,0
dar-es-salaam|tanzania,Dar-es-Salaam,Tanzania,-6.822921,39.269661,1975,517000,chandler,1,0
bangkok|thailand,Bangkok,Thailand,13.75398,100.50144,1975,4300000,chandler,0,0
tunis|tunisia,Tunis,Tunisia,36.818811,10.165961,1975,920000,chandler,1,1
ankara|turkey,Ankara,Turkey,39.91987,32.85427,1975,1600000,chandler,0,0
istanbul|turkey,Istanbul,Turkey,41.005275,28.976944,1975,3200000,chandler,0,0
smyrna|turkey,Smyrna,Turkey,38.41273,27.13838,1975,760000,chandler,1,0
dnipropetrovsk|ukraine,Dnipropetrovsk,Ukraine,48.464717,35.046183,1975,1320000,chandler,0,0
donetsk|ukraine,Donetsk,Ukraine,48.015883,37.80285,1975,1900000,chandler,0,0
kharkov|ukraine,Kharkov,Ukraine,49.9935,36.230384,1975,1600000,chandler,0,0
kiev|ukraine,Kiev,Ukraine,50.45466,30.5238,1975,1900000,chandler,0,0
krivoi rog|ukraine,Krivoi Rog,Ukraine,47.910483,33.391783,1975,629000,chandler,0,0
sverdlovs'k|ukraine,Sverdlovs'k,Ukraine,48.08455,39.651631,1975,1345000,chandler,0,0
zaporizhia|ukraine,Zaporizhia,Ukraine,47.8388,35.139567,1975,748000,chandler,0,0
edinburgh|united kingdom,Edinburgh,United Kingdom,55.95206,-3.19648,1975,650000,chandler,1,0
glasgow|united kingdom,Glasgow,United Kingdom,55.86515,-4.25763,1975,1900000,chandler,0,0
london|united kingdom,London,United Kingdom,51.511214,-0.119825,1975,10500000,chandler,0,0
manchester|united kingdom,Manchester,United Kingdom,53.48095,-2.23743,1975,2700000,chandler,0,0
newcastle upon tyne|united kingdom,Newcastle upon Tyne,United Kingdom,54.978253,-1.617781,1975,1360000,chandler,0,0
albany|united states of america,Albany,United States of America,42.652578,-73.756233,1975,745000,chandler,0,0
atlanta|united states of america,Atlanta,United States of America,33.749,-84.38798,1975,1700000,chandler,0,0
baltimore|united states of america,Baltimore,United States of America,39.29038,-76.61219,1975,1800000,chandler,1,0
birmingham|united states of america,Birmingham,United States of America,33.520661,-86.80249,1975,679000,chandler,0,0
boston|united states of america,Boston,United States of America,42.358431,-71.059772,1975,3800000,chandler,0,0
buffalo|united states of america,Buffalo,United States of America,42.9047,-78.8494,1975,1500000,chandler,1,0
chicago|united states of america,Chicago,United States of America,41.85003,-87.65005,1975,7600000,chandler,1,0
cincinnati|united states of america,Cincinnati,United States of America,39.162,-84.45689,1975,1422000,chandler,0,0
cleveland|united states of america,Cleveland,United States of America,41.499495,-81.695409,1975,2300000,chandler,1,0
dallas|united states of america,Dallas,United States of America,32.78014,-96.800451,1975,2400000,chandler,0,0
denver|united states of america,Denver,United States of America,39.737567,-104.984718,1975,1285000,chandler,0,0
detroit|united states of america,Detroit,United States of America,42.33143,-83.04575,1975,4800000,chandler,0,0
honolulu|united states of america,Honolulu,United States of America,21.30694,-157.85833,1975,685000,chandler,1,0
houston|united states of america,Houston,United States of America,29.760193,-95.36939,1975,2100000,chandler,0,0
jacksonville|united states of america,Jacksonville,United States of America,30.3369,-81.6614,1975,595000,chandler,0,0
kansas city|united states of america,Kansas City,United States of America,39.11417,-94.62746,1975,1239000,chandler,0,0
los angeles|united states of america,Los Angeles,United States of America,34.052234,-118.243685,1975,8900000,chandler,0,0
louisville|united states of america,Louisville,United States of America,38.252563,-85.758367,1975,867000,chandler,0,0
miami|united states of america,Miami,United States of America,25.77427,-80.19366,1975,2300000,chandler,0,0
minneapolis|united states of america,Minneapolis,United States of America,39.12194,-93.265011,1975,1900000,chandler,0,0
nashville|united states of america,Nashville,United States of America,36.166667,-86.783333,1975,562000,chandler,0,0
new orleans|united states of america,New Orleans,United States of America,29.95465,-90.07507,1975,1131000,chandler,1,0
new york|united states of america,New York,United States of America,40.714353,-74.005972,1975,17100000,chandler,1,0
oaklahoma city|united states of america,Oaklahoma City,United States of America,35.46756,-97.516428,1975,689000,chandler,0,0
omaha|united states of america,Omaha,United States of America,41.252363,-95.997988,1975,558000,chandler,0,0
philadelphia|united states of america,Philadelphia,United States of America,39.95,-75.1667,1975,5200000,chandler,0,0
phoenix|united states of america,Phoenix,United States of America,33.44838,-112.074143,1975,1250000,chandler,0,0
pittsburgh|united states of america,Pittsburgh,United States of America,40.44062,-79.99589,1975,2000000,chandler,0,0
richmond|united states of america,Richmond,United States of America,37.5333,77.4667,1975,526000,chandler,0,0
salt lake city|united states of america,Salt Lake City,United States of America,40.76078,-111.89105,1975,561000,chandler,0,0
san antonio|united states of america,San Antonio,United States of America,29.424122,-98.493628,1975,925000,chandler,0,0
san francisco|united states of america,San Francisco,United States of America,37.77493,-122.419416,1975,4400000,chandler,1,0
seattle|united states of america,Seattle,United States of America,47.60621,-122.33207,1975,1700000,chandler,1,0
st. louis|united states of america,St. Louis,United States of America,38.626978,-90.199403,1975,2200000,chandler,0,0
tampa|united states of america,Tampa,United States of America,27.94752,-82.45843,1975,1178000,chandler,1,0
washington d.c.|united states of america,Washington D.C.,United States of America,38.914144,-77.0234,1975,3100000,chandler,1,0
tashkent|uzbekistan,Tashkent,Uzbekistan,41.26465,69.21627,1975,1600000,chandler,0,0
caracas|venezuela,Caracas,Venezuela,10.48801,-66.87919,1975,2400000,chandler,1,0
maracaibo|venezuela,Maracaibo,Venezuela,10.63167,-71.64056,1975,790000,chandler,0,0
da nang|vietnam,Da Nang,Vietnam,16.051571,108.214897,1975,500000,chandler,1,0
haiphong|vietnam,Haiphong,Vietnam,20.85611,106.68222,1975,1000000,chandler,0,0
hanoi|vietnam,Hanoi,Vietnam,21.033333,105.85,1975,1500000,chandler,0,0
ho chi minh|vietnam,Ho Chi Minh,Vietnam,10.823099,106.628767,1975,3500000,chandler,0,0
lusaka|zambia,Lusaka,Zambia,-15.40669,28.28713,1975,501000,chandler,0,0
harare|zimbabwe,Harare,Zimbabwe,-17.863889,31.029722,1975,569000,chandler,0,0
kabul|afghanistan,Kabul,Afghanistan,34.52813,69.17233,2000,1424000,modelski_modern,0,0
algiers|algeria,Algiers,Algeria,36.7525,3.04197,2000,2562000,modelski_modern,1,0
oran|algeria,Oran,Algeria,35.69111,-0.64167,2000,1214000,modelski_modern,1,0
setif|algeria,Setif,Algeria,36.1833,5.4,2000,1311000,modelski_modern,0,0
yerevan|aremenia,Yerevan,Aremenia,40.1833,44.5167,2000,1249000,modelski_modern,0,0
buenos aires|argentina,Buenos Aires,Argentina,-34.61315,-58.37723,2000,2965000,modelski_modern,1,0
cordoba|argentina,Cordoba,Argentina,-31.4135,-64.18105,2000,1115000,modelski_modern,0,0
adelaide|australia,Adelaide,Australia,-34.92866,138.59863,2000,1092000,modelski_modern,1,0
brisbane|australia,Brisbane,Australia,-27.46794,153.02809,2000,1598000,modelski_modern,1,0
melbourne|australia,Melbourne,Australia,-37.814,144.96332,2000,3414000,modelski_modern,1,0
perth|australia,Perth,Australia,-31.95224,115.8614,2000,1362000,modelski_modern,1,0
sydney|australia,Sydney,Australia,-33.86785,151.20732,2000,4032000,modelski_modern,1,0
vienna|austria,Vienna,Austria,48.20849,16.37208,2000,1560000,modelski_modern,0,0
baku|azerbaijan,Baku,Azerbaijan,40.37767,49.89201,2000,1792000,modelski_modern,0,0
chittagong|bangladesh,Chittagong,Bangladesh,22.3384,91.83168,2000,1364000,modelski_modern,1,1
dhaka|bangladesh,Dhaka,Bangladesh,23.709921,90.407143,2000,3397000,modelski_modern,0,0
minsk|belarus,Minsk,Belarus,53.9,27.56667,2000,1677000,modelski_modern,0,0
bauru|brazil,Bauru,Brazil,-22.3147,-49.0606,2000,3014000,modelski_modern,0,0
belem|brazil,Belem,Brazil,-1.455833,-48.503889,2000,1200000,modelski_modern,0,0
brasilia|brazil,Brasilia,Brazil,-15.77972,-47.92972,2000,2017000,modelski_modern,0,0
curitiba|brazil,Curitiba,Brazil,-25.42778,-49.27306,2000,1612000,modelski_modern,0,0
fortaleza|brazil,Fortaleza,Brazil,-3.71722,-38.54306,2000,2139000,modelski_modern,1,0
goiania|brazil,Goiania,Brazil,-16.67861,-49.25389,2000,1073000,modelski_modern,0,0
manaus|brazil,Manaus,Brazil,-3.10194,-60.025,2000,1286000,modelski_modern,0,0
porto alegre|brazil,Porto Alegre,Brazil,-30.03306,-51.23,2000,1322000,modelski_modern,1,0
recife|brazil,Recife,Brazil,-8.05389,-34.88111,2000,1400000,modelski_modern,0,0
rio de janeiro|brazil,Rio de Janeiro,Brazil,-22.90278,-43.2075,2000,5613000,modelski_modern,0,0
salvador|brazil,Salvador,Brazil,-12.97111,-38.51083,2000,2332000,modelski_modern,0,0
sao paolo|brazil,Sao Paolo,Brazil,-23.5475,-46.63611,2000,10009000,modelski_modern,0,0
charlottetown|canada,Charlottetown,Canada,46.2382,-63.1311,2000,32000,manual_override_canada_ports,0,0
halifax|canada,Halifax,Canada,44.6488,-63.5752,2000,360000,manual_override_canada_ports,0,0
montreal|canada,Montreal,Canada,45.50884,-73.58781,2000,1016000,modelski_modern,0,0
saint john|canada,Saint John,Canada,45.2733,-66.0633,2000,70000,manual_override_canada_ports,0,0
st. john's|canada,St. John's,Canada,47.5615,-52.7126,2000,100000,manual_override_canada_ports,1,1
santiago|chile,Santiago,Chile,-33.45,-70.666667,2000,4788000,modelski_modern,0,0
baotou|china,Baotou,China,40.65744,109.84054,2000,1248000,modelski_modern,0,0
beijing|china,Beijing,China,39.9075,116.39723,2000,7362000,modelski_modern,0,0
changchun|china,Changchun,China,43.9,125.2,2000,2192000,modelski_modern,0,0
changsha|china,Changsha,China,28.196111,112.972222,2000,1376000,modelski_modern,0,0
changzhou|china,Changzhou,China,31.77358,119.95401,2000,1293000,modelski_modern,0,0
chengdu|china,Chengdu,China,30.66667,104.06667,2000,2954000,modelski_modern,0,0
chongqing|china,Chongqing,China,29.56301,106.551557,2000,3127000,modelski_modern,0,0
danzhou|china,Danzhou,China,19.5,109.5833,2000,1391000,modelski_modern,0,0
datong|china,Datong,China,40.083333,113.3,2000,1277000,modelski_modern,0,0
fangchenggang|china,Fangchenggang,China,21.6,108.3,2000,1090000,modelski_modern,0,0
fushun|china,Fushun,China,41.85583,123.92333,2000,1388000,modelski_modern,0,0
fuzhou|china,Fuzhou,China,26.076111,119.306389,2000,1403000,modelski_modern,0,0
guangzhou|china,Guangzhou,China,23.11667,113.25,2000,3935000,modelski_modern,0,0
guiyang|china,Guiyang,China,26.647661,106.630154,2000,1665000,modelski_modern,0,0
handan|china,Handan,China,36.6,114.483333,2000,1152000,modelski_modern,0,0
hangzhou|china,Hangzhou,China,30.25,120.166667,2000,1276000,modelski_modern,1,0
harbin|china,Harbin,China,45.75,126.65,2000,2991000,modelski_modern,0,0
hong kong|china,Hong Kong,China,22.28552,114.15769,2000,6843000,modelski_modern,1,0
jilin|china,Jilin,China,43.896536,125.32599,2000,1320000,modelski_modern,0,0
jinan|china,Jinan,China,36.650997,117.120497,2000,2404000,modelski_modern,0,0
jingmen|china,Jingmen,China,31.0436,112.2008,2000,1043000,modelski_modern,0,0
kunming|china,Kunming,China,25.03889,102.71833,2000,1612000,modelski_modern,0,0
lanzhou|china,Lanzhou,China,36.061089,103.834304,2000,1618000,modelski_modern,0,0
leshan|china,Leshan,China,29.552106,103.765568,2000,1070000,modelski_modern,0,0
linyi|china,Linyi,China,35.05,118.35,2000,1590000,modelski_modern,0,0
luoyang|china,Luoyang,China,34.669722,112.442222,2000,1202000,modelski_modern,0,0
nanchang|china,Nanchang,China,28.68333,115.88333,2000,1369000,modelski_modern,0,0
nanjing|china,Nanjing,China,32.05,118.766667,2000,1200000,modelski_modern,0,0
nanning|china,Nanning,China,22.81667,108.31667,2000,1164000,modelski_modern,0,0
neijiang|china,Neijiang,China,29.5833,105.0667,2000,1289000,modelski_modern,0,0
ningbo|china,Ningbo,China,29.866667,121.55,2000,1142000,modelski_modern,0,0
pingxiang|china,Pingxiang,China,27.6333,113.85,2000,1388000,modelski_modern,0,0
qingdao|china,Qingdao,China,36.067082,120.38264,2000,2102000,modelski_modern,0,0
qinzhou|china,Qinzhou,China,21.95,108.6167,2000,1006000,modelski_modern,1,0
qiqihar|china,Qiqihar,China,47.354348,123.918186,2000,1425000,modelski_modern,0,0
shanghai|china,Shanghai,China,31.22222,121.45806,2000,8214000,modelski_modern,0,0
shenyang|china,Shenyang,China,41.79222,123.43278,2000,4670000,modelski_modern,0,0
taian|china,Taian,China,36.2,117.083333,2000,1413000,modelski_modern,0,0
taiyuan|china,Taiyuan,China,37.87059,112.548879,2000,2052000,modelski_modern,0,0
tianjin|china,Tianjin,China,39.14222,117.17667,2000,5855000,modelski_modern,0,0
tianshui|china,Tianshui,China,34.57952,105.74238,2000,1040000,modelski_modern,0,0
urumqi|china,Urumqi,China,43.825644,87.616822,2000,1131000,modelski_modern,0,0
wuhan|china,Wuhan,China,30.58333,114.26667,2000,4040000,modelski_modern,0,0
wuxi|china,Wuxi,China,31.49117,120.31191,2000,1013000,modelski_modern,0,0
xian|china,Xian,China,34.341485,108.940404,2000,2873000,modelski_modern,0,0
xingtai|china,Xingtai,China,37.0631,114.494,2000,1306000,modelski_modern,0,0
yangcheng|china,Yangcheng,China,34.455278,113.025278,2000,1367000,modelski_modern,0,0
zaozhuang|china,Zaozhuang,China,34.8667,117.55,2000,1793000,modelski_modern,0,0
zhanjiang|china,Zhanjiang,China,21.2,110.4,2000,1399000,modelski_modern,0,0
zibo|china,Zibo,China,36.79056,118.06333,2000,2484000,modelski_modern,0,0
barranquilla|columbia,Barranquilla,Columbia,10.96854,-74.78132,2000,1549000,modelski_modern,1,0
bogota|columbia,Bogota,Columbia,4.598056,-74.075833,2000,6288000,modelski_modern,0,0
kinshasa|congo,Kinshasa,Congo,-4.325,15.3222,2000,2664000,modelski_modern,0,0
abidjan|cote d'ivoire,Abidjan,Cote D'Ivoire,5.30966,-4.01266,2000,1929000,modelski_modern,1,0
havana|cuba,Havana,Cuba,23.13302,-82.38304,2000,2192000,modelski_modern,1,0
prague|czech republic,Prague,Czech Republic,50.08804,14.42076,2000,1193000,modelski_modern,0,0
pyongyang|dem. people's republic of korea,Pyongyang,Dem. People's Republic of Korea,39.03385,125.75432,2000,2741000,modelski_modern,0,0
santo domingo|dominican republic,Santo Domingo,Dominican Republic,18.466667,-69.95,2000,2677000,modelski_modern,1,0
guayaquil|ecuador,Guayaquil,Ecuador,-2.18194,-79.89167,2000,2118000,modelski_modern,0,0
quito|ecuador,Quito,Ecuador,-0.22985,-78.52495,2000,1615000,modelski_modern,0,0
alexandria|egypt,Alexandria,Egypt,31.200092,29.918739,2000,3339000,modelski_modern,1,0
cairo|egypt,Cairo,Egypt,30.06263,31.24967,2000,6801000,modelski_modern,0,0
addis ababa|ethiopia,Addis Ababa,Ethiopia,9.02497,38.74689,2000,2424000,modelski_modern,0,0
paris|france,Paris,France,48.856614,2.352222,2000,2152000,modelski_modern,0,0
tbilisi|georgia,Tbilisi,Georgia,41.709975,44.792989,2000,1268000,modelski_modern,0,0
berlin|germany,Berlin,Germany,52.52437,13.41053,2000,3387000,modelski_modern,0,0
hamburg|germany,Hamburg,Germany,53.57532,10.01534,2000,1704000,modelski_modern,0,0
munich|germany,Munich,Germany,48.136739,11.576756,2000,1195000,modelski_modern,0,0
guatemala city|guatemala,Guatemala City,Guatemala,14.64072,-90.51327,2000,1007000,modelski_modern,0,0
budapest|hungary,Budapest,Hungary,47.49801,19.03991,2000,1825000,modelski_modern,0,0
ahmadabad|india,Ahmadabad,India,23.039568,72.566004,2000,2954000,modelski_modern,0,0
bangalore|india,Bangalore,India,12.97194,77.59369,2000,3302000,modelski_modern,0,0
bhopal|india,Bhopal,India,23.25,77.4167,2000,1062000,modelski_modern,0,0
calcutta|india,Calcutta,India,22.56263,88.36304,2000,4400000,modelski_modern,0,0
delhi|india,Delhi,India,28.65381,77.22897,2000,7207000,modelski_modern,0,0
hyderabad|india,Hyderabad,India,17.38405,78.45636,2000,3146000,modelski_modern,0,0
indore|india,Indore,India,22.71792,75.8333,2000,1092000,modelski_modern,0,0
jaipur|india,Jaipur,India,26.91962,75.78781,2000,1458000,modelski_modern,0,0
kanpur|india,Kanpur,India,26.4478,80.34627,2000,1879000,modelski_modern,0,0
lucknow|india,Lucknow,India,26.83928,80.92313,2000,1619000,modelski_modern,0,0
ludhiana|india,Ludhiana,India,30.90015,75.85229,2000,1043000,modelski_modern,0,0
madras|india,Madras,India,13.08784,80.27847,2000,3841000,modelski_modern,1,0
mumbai|india,Mumbai,India,19.07283,72.88261,2000,9926000,modelski_modern,1,0
nagpur|india,Nagpur,India,21.15,79.1,2000,1625000,modelski_modern,0,0
pune|india,Pune,India,18.52043,73.856744,2000,1567000,modelski_modern,0,0
surat|india,Surat,India,21.19594,72.83023,2000,1506000,modelski_modern,1,0
vadodara|india,Vadodara,India,22.30731,73.181098,2000,1062000,modelski_modern,0,0
visakhapatnam|india,Visakhapatnam,India,17.686816,83.218482,2000,1504000,modelski_modern,1,0
bandung|indonesia,Bandung,Indonesia,-6.914744,107.609814,2000,5919000,modelski_modern,0,0
bogor|indonesia,Bogor,Indonesia,-6.6,106.8,2000,5000000,modelski_modern,0,0
jakarta|indonesia,Jakarta,Indonesia,-6.21462,106.84513,2000,9373000,modelski_modern,1,0
manado|indonesia,Manado,Indonesia,1.4931,124.8413,2000,3173000,modelski_modern,1,0
medan|indonesia,Medan,Indonesia,3.5833,98.6667,2000,1988000,modelski_modern,0,0
padang|indonesia,Padang,Indonesia,-0.94924,100.35427,2000,1153000,modelski_modern,1,0
palembang|indonesia,Palembang,Indonesia,-2.91673,104.7458,2000,1415000,modelski_modern,0,0
pekalongan|indonesia,Pekalongan,Indonesia,-6.8886,109.6753,2000,1093000,modelski_modern,1,0
semarang|indonesia,Semarang,Indonesia,-6.9932,110.4203,2000,2221000,modelski_modern,1,0
surabaya|indonesia,Surabaya,Indonesia,-7.24917,112.75083,2000,2801000,modelski_modern,0,0
esfahan|iran,Esfahan,Iran,32.651389,51.679192,2000,1266000,modelski_modern,0,0
mashhad|iran,Mashhad,Iran,36.3,59.6,2000,1887000,modelski_modern,0,0
shiraz|iran,Shiraz,Iran,29.61031,52.53114,2000,1053000,modelski_modern,0,0
tabriz|iran,Tabriz,Iran,38.08,46.2919,2000,1191000,modelski_modern,0,0
tehran|iran,Tehran,Iran,35.69439,51.42151,2000,6758000,modelski_modern,0,0
baghdad|iraq,Baghdad,Iraq,33.34058,44.40088,2000,3841000,modelski_modern,0,0
milan|italy,Milan,Italy,45.465453,9.198786,2000,1306000,modelski_modern,0,0
naples|italy,Naples,Italy,40.851775,14.268122,2000,1046000,modelski_modern,0,0
rome|italy,Rome,Italy,41.89474,12.4839,2000,2648000,modelski_modern,0,0
fukuoka|japan,Fukuoka,Japan,33.591389,130.414722,2000,1341000,modelski_modern,1,0
hiroshima|japan,Hiroshima,Japan,34.396775,132.460017,2000,1126000,modelski_modern,1,0
kitakyushu|japan,Kitakyushu,Japan,33.83333,130.83333,2000,1011000,modelski_modern,1,0
kyoto|japan,Kyoto,Japan,35.02107,135.75385,2000,1468000,modelski_modern,0,0
osaka|japan,Osaka,Japan,34.693216,135.502082,2000,2599000,modelski_modern,1,0
sapporo|japan,Sapporo,Japan,43.06417,141.34694,2000,1822000,modelski_modern,1,0
tokyo|japan,Tokyo,Japan,35.6895,139.69171,2000,8130000,modelski_modern,1,0
almaty|kazakhstan,Almaty,Kazakhstan,43.2775,76.895833,2000,1135000,modelski_modern,0,0
nairobi|kenya,Nairobi,Kenya,-1.28333,36.81667,2000,1346000,modelski_modern,0,0
tripoli|libya,Tripoli,Libya,32.876175,13.187508,2000,1500000,modelski_modern,1,1
kuala lumpur|malaysia,Kuala Lumpur,Malaysia,3.1412,101.68653,2000,1145000,modelski_modern,0,0
mexico city|mexico,Mexico City,Mexico,19.42847,-99.12766,2000,8235000,modelski_modern,0,0
monterrey|mexico,Monterrey,Mexico,25.6667,-100.3,2000,1069000,modelski_modern,0,0
puebla|mexico,Puebla,Mexico,19.0514,-98.2178,2000,1007000,modelski_modern,0,0
casablanca|morocco,Casablanca,Morocco,33.58831,-7.61138,2000,2943000,modelski_modern,1,0
rabat|morocco,Rabat,Morocco,34.01325,-6.83255,2000,1220000,modelski_modern,1,0
maputo|mozambique,Maputo,Mozambique,-25.9667,32.5833,2000,1015000,modelski_modern,1,0
yangon|myanmar,Yangon,Myanmar,16.80528,96.15611,2000,2513000,modelski_modern,1,0
lagos|nigeria,Lagos,Nigeria,6.524379,3.379206,2000,1061000,modelski_modern,1,0
karachi|pakistan,Karachi,Pakistan,24.9056,67.0822,2000,9339000,modelski_modern,1,0
lahore|pakistan,Lahore,Pakistan,31.54972,74.34361,2000,5143000,modelski_modern,0,0
multan|pakistan,Multan,Pakistan,30.19556,71.47528,2000,1197000,modelski_modern,0,0
rawalpindi|pakistan,Rawalpindi,Pakistan,33.6007,73.0679,2000,1409000,modelski_modern,0,0
lima|peru,Lima,Peru,-12.04318,-77.02824,2000,7201000,modelski_modern,1,0
caloocan city|philippines,Caloocan City,Philippines,14.65,120.97,2000,1023000,modelski_modern,1,0
davao|philippines,Davao,Philippines,7.0667,125.6,2000,1006000,modelski_modern,0,0
manila|philippines,Manila,Philippines,14.58,121,2000,1654000,modelski_modern,1,0
quezon city|philippines,Quezon City,Philippines,14.6333,121.0333,2000,1989000,modelski_modern,1,0
warsaw|poland,Warsaw,Poland,52.22977,21.01178,2000,1615000,modelski_modern,0,0
busan|republic of korea,Busan,Republic of Korea,35.179554,129.075642,2000,3814000,modelski_modern,1,1
gwangju|republic of korea,Gwangju,Republic of Korea,35.166667,126.916667,2000,1258000,modelski_modern,0,0
seoul|republic of korea,Seoul,Republic of Korea,37.56826,126.97783,2000,10231000,modelski_modern,0,0
bucharest|romania,Bucharest,Romania,44.43225,26.10626,2000,2016000,modelski_modern,0,0
chelyabinsk|russian federation,Chelyabinsk,Russian Federation,55.15402,61.42915,2000,1064000,modelski_modern,0,0
kazan|russian federation,Kazan,Russian Federation,55.790278,49.134722,2000,1091000,modelski_modern,0,0
moscow|russian federation,Moscow,Russian Federation,55.75222,37.61556,2000,8297000,modelski_modern,0,0
nizhniy novgorod|russian federation,Nizhniy Novgorod,Russian Federation,56.3269,44.0075,2000,1357000,modelski_modern,0,0
novosibirsk|russian federation,Novosibirsk,Russian Federation,55.0415,82.9346,2000,1400000,modelski_modern,0,0
omsk|russian federation,Omsk,Russian Federation,54.99244,73.36859,2000,1253000,modelski_modern,0,0
perm|russian federation,Perm,Russian Federation,58.013889,56.248889,2000,1014000,modelski_modern,0,0
rostov-on-don|russian federation,Rostov-on-Don,Russian Federation,47.2333,39.41394,2000,1003000,modelski_modern,1,0
saint petersburg|russian federation,Saint Petersburg,Russian Federation,59.89444,30.26417,2000,4678000,modelski_modern,1,0
samara|russian federation,Samara,Russian Federation,53.2028,50.1408,2000,1165000,modelski_modern,0,0
ufa|russian federation,Ufa,Russian Federation,54.78517,56.04562,2000,1087000,modelski_modern,0,0
yekaterinburg|russian federation,Yekaterinburg,Russian Federation,56.833333,60.6,2000,1267000,modelski_modern,0,0
jeddah|saudi arabia,Jeddah,Saudi Arabia,21.543333,39.172778,2000,1450000,modelski_modern,1,0
riyadh|saudi arabia,Riyadh,Saudi Arabia,24.6333,46.7167,2000,1800000,modelski_modern,0,0
dakar|senegal,Dakar,Senegal,14.6937,-17.44406,2000,1097000,modelski_modern,0,0
belgrade|serbia,Belgrade,Serbia,44.80401,20.46513,2000,1594000,modelski_modern,0,0
singapore|singapore,Singapore,Singapore,1.28967,103.85007,2000,3894000,modelski_modern,0,0
barcelona|spain,Barcelona,Spain,41.38879,2.15899,2000,1454000,modelski_modern,1,0
madrid|spain,Madrid,Spain,40.416775,-3.703789,2000,2823000,modelski_modern,0,0
valencia|spain,Valencia,Spain,39.469908,-0.376289,2000,1363000,modelski_modern,1,0
omdurman|sudan,Omdurman,Sudan,15.64453,32.47773,2000,1271000,modelski_modern,0,0
aleppo|syria,Aleppo,Syria,36.216667,37.166667,2000,1582000,modelski_modern,0,0
damascus|syria,Damascus,Syria,33.5102,36.29128,2000,1394000,modelski_modern,0,0
kaohsiung|taiwan,Kaohsiung,Taiwan,22.61626,120.31333,2000,1969000,modelski_modern,1,0
taipei|taiwan,Taipei,Taiwan,25.04776,121.53185,2000,2640000,modelski_modern,0,0
dar-es-salaam|tanzania,Dar-es-Salaam,Tanzania,-6.822921,39.269661,2000,1361000,modelski_modern,1,0
bangkok|thailand,Bangkok,Thailand,13.75398,100.50144,2000,7506000,modelski_modern,0,0
adana|turkey,Adana,Turkey,37.00167,35.32889,2000,1041000,modelski_modern,0,0
ankara|turkey,Ankara,Turkey,39.91987,32.85427,2000,2984000,modelski_modern,0,0
bursa|turkey,Bursa,Turkey,40.19266,29.08403,2000,1066000,modelski_modern,0,0
istanbul|turkey,Istanbul,Turkey,41.005275,28.976944,2000,8260000,modelski_modern,0,0
dnipropetrovsk|ukraine,Dnipropetrovsk,Ukraine,48.464717,35.046183,2000,1109000,modelski_modern,0,0
donetsk|ukraine,Donetsk,Ukraine,48.015883,37.80285,2000,1050000,modelski_modern,0,0
kharkov|ukraine,Kharkov,Ukraine,49.9935,36.230384,2000,1494000,modelski_modern,0,0
kiev|ukraine,Kiev,Ukraine,50.45466,30.5238,2000,2589000,modelski_modern,0,0
odessa|ukraine,Odessa,Ukraine,46.47747,30.73262,2000,1002000,modelski_modern,1,0
london|united kingdom,London,United Kingdom,51.511214,-0.119825,2000,7074000,modelski_modern,0,0
chicago|united states of america,Chicago,United States of America,41.85003,-87.65005,2000,2896000,modelski_modern,1,0
dallas|united states of america,Dallas,United States of America,32.78014,-96.800451,2000,1189000,modelski_modern,0,0
houston|united states of america,Houston,United States of America,29.760193,-95.36939,2000,1954000,modelski_modern,0,0
los angeles|united states of america,Los Angeles,United States of America,34.052234,-118.243685,2000,3695000,modelski_modern,0,0
new york|united states of america,New York,United States of America,40.714353,-74.005972,2000,8008000,modelski_modern,1,0
philadelphia|united states of america,Philadelphia,United States of America,39.95,-75.1667,2000,1518000,modelski_modern,0,0
phoenix|united states of america,Phoenix,United States of America,33.44838,-112.074143,2000,1321000,modelski_modern,0,0
san antonio|united states of america,San Antonio,United States of America,29.424122,-98.493628,2000,1145000,modelski_modern,0,0
montevideo|uruguay,Montevideo,Uruguay,-34.817311,-56.158866,2000,13303000,modelski_modern,1,0
tashkent|uzbekistan,Tashkent,Uzbekistan,41.26465,69.21627,2000,2142000,modelski_modern,0,0
caracas|venezuela,Caracas,Venezuela,10.48801,-66.87919,2000,1975000,modelski_modern,1,0
maracaibo|venezuela,Maracaibo,Venezuela,10.63167,-71.64056,2000,1706000,modelski_modern,0,0
hanoi|vietnam,Hanoi,Vietnam,21.033333,105.85,2000,1073000,modelski_modern,0,0
lusaka|zambia,Lusaka,Zambia,-15.40669,28.28713,2000,1270000,modelski_modern,0,0
harare|zimbabwe,Harare,Zimbabwe,-17.863889,31.029722,2000,1189000,modelski_modern,0,0
